
--- 2026-06-06T10:30:28.424Z debug
🪵  Writing logs to "C:\Users\david\gerenciador-chamados\src\components\gamificacao\cloudflare-pong-worker\.xdg-config\.wrangler\logs\wrangler-2026-06-06_10-30-28_197.log"
---

--- 2026-06-06T10:30:28.424Z debug
.env file not found at "C:\Users\david\gerenciador-chamados\src\components\gamificacao\cloudflare-pong-worker\.env". Continuing... For more details, refer to https://developers.cloudflare.com/workers/wrangler/system-environment-variables/
---

--- 2026-06-06T10:30:28.425Z debug
.env file not found at "C:\Users\david\gerenciador-chamados\src\components\gamificacao\cloudflare-pong-worker\.env.local". Continuing... For more details, refer to https://developers.cloudflare.com/workers/wrangler/system-environment-variables/
---

--- 2026-06-06T10:30:28.436Z log

 ⛅️ wrangler 4.98.0
───────────────────
---

--- 2026-06-06T10:30:28.459Z debug
setting config
---

--- 2026-06-06T10:30:28.459Z debug
Updating config... undefined undefined
---

--- 2026-06-06T10:30:28.468Z debug
Metrics dispatcher: Posting data {"deviceId":"f7f0257a-3ec3-4eea-8c31-e82c4293e199","event":"wrangler command started","timestamp":1780741828468,"properties":{"amplitude_session_id":1780741828438,"amplitude_event_id":0,"wranglerVersion":"4.98.0","wranglerMajorVersion":4,"wranglerMinorVersion":98,"wranglerPatchVersion":0,"osPlatform":"Windows","osVersion":"Windows 11 Pro","nodeVersion":22,"packageManager":"npm","isFirstUsage":false,"configFileType":"none","isCI":false,"isPagesCI":false,"isWorkersCI":false,"isInteractive":true,"hasAssets":false,"agent":"vscode-copilot-agent","argsUsed":[],"argsCombination":"","sanitizedCommand":"dev","sanitizedArgs":{},"currentAgentSkillsInstalled":"manual"}}
---

--- 2026-06-06T10:30:28.550Z debug
local dev variables file not found at ".dev.vars". Continuing... For more details, refer to https://developers.cloudflare.com/workers/wrangler/system-environment-variables/
---

--- 2026-06-06T10:30:28.551Z debug
.env file not found at "C:\Users\david\gerenciador-chamados\src\components\gamificacao\cloudflare-pong-worker\.env". Continuing... For more details, refer to https://developers.cloudflare.com/workers/wrangler/system-environment-variables/
---

--- 2026-06-06T10:30:28.551Z debug
.env file not found at "C:\Users\david\gerenciador-chamados\src\components\gamificacao\cloudflare-pong-worker\.env.local". Continuing... For more details, refer to https://developers.cloudflare.com/workers/wrangler/system-environment-variables/
---

--- 2026-06-06T10:30:28.553Z log
Your Worker has access to the following bindings:
---

--- 2026-06-06T10:30:28.553Z log
Binding                Resource                Mode
---

--- 2026-06-06T10:30:28.553Z log
env.MATCH_ROOMS        Durable Object          local
  MatchRoom
---

--- 2026-06-06T10:30:28.554Z log
env.ALLOWED_ORIGIN     Environment Variable    local
  "http://localhost:5173"
---

--- 2026-06-06T10:30:28.554Z log
env.ALLOWED_ORIGINS    Environment Variable    local
  "http://localhost:5173,http://127.0.0...."
---

--- 2026-06-06T10:30:28.554Z log

---

--- 2026-06-06T10:30:28.697Z debug
RemoteRuntimeController teardown beginning...
---

--- 2026-06-06T10:30:28.697Z debug
RemoteRuntimeController teardown complete
---

--- 2026-06-06T10:30:28.721Z log
⎔ Starting local server...
---

--- 2026-06-06T10:30:28.746Z debug
[InspectorProxyWorker] handleProxyControllerIncomingMessage {"type":"reloadStart"}
---

--- 2026-06-06T10:30:28.894Z debug
[InspectorProxyWorker] reconnectRuntimeWebSocket
---

--- 2026-06-06T10:30:28.897Z debug
[InspectorProxyWorker] SEND TO DEVTOOLS {"method":"Runtime.executionContextsCleared"}
---

--- 2026-06-06T10:30:28.898Z debug
[InspectorProxyWorker] handleProxyControllerIncomingMessage {"type":"reloadComplete","proxyData":{"userWorkerUrl":{"protocol":"http:","hostname":"127.0.0.1","port":"57990"},"userWorkerInspectorUrl":{"protocol":"ws:","hostname":"127.0.0.1","port":"57989","pathname":"/core:user:arena-pong-worker"},"userWorkerInnerUrlOverrides":{"protocol":"http:"},"headers":{"MF-Proxy-Shared-Secret":"8a5ca2f7-5c02-4b92-8242-77f4eb689c28"},"liveReload":false,"proxyLogsToController":false}}
---

--- 2026-06-06T10:30:28.899Z debug
[InspectorProxyWorker] NEW RUNTIME WEBSOCKET http://127.0.0.1:57989/core:user:arena-pong-worker
---

--- 2026-06-06T10:30:28.902Z debug
[InspectorProxyWorker] RUNTIME WEBSOCKET OPENED
---

--- 2026-06-06T10:30:28.903Z debug
[InspectorProxyWorker] RUNTIME INCOMING MESSAGE { id: 100000001, result: {} }
---

--- 2026-06-06T10:30:28.904Z debug
[InspectorProxyWorker] SEND TO RUNTIME {"method":"Runtime.enable","id":100000001}
---

--- 2026-06-06T10:30:28.905Z debug
[InspectorProxyWorker] SEND TO RUNTIME {"method":"Network.enable","id":100000002}
---

--- 2026-06-06T10:30:28.906Z debug
[InspectorProxyWorker] RUNTIME INCOMING MESSAGE {
  method: 'Runtime.executionContextCreated',
  params: {
    context: {
      id: 531346529,
      origin: '',
      name: 'Worker',
      uniqueId: '8466460726279702754.412701061322131782'
    }
  }
}
---

--- 2026-06-06T10:30:28.907Z debug
[InspectorProxyWorker] RUNTIME INCOMING MESSAGE { id: 100000002, method: 'Network.enable', result: {} }
---

--- 2026-06-06T10:30:38.903Z debug
[InspectorProxyWorker] SEND TO RUNTIME {"method":"Runtime.getIsolateId","id":100000003}
---

--- 2026-06-06T10:30:38.905Z debug
[InspectorProxyWorker] RUNTIME INCOMING MESSAGE { id: 100000003, result: { id: '434b5514a9f862fe' } }
---

--- 2026-06-06T10:30:48.912Z debug
[InspectorProxyWorker] SEND TO RUNTIME {"method":"Runtime.getIsolateId","id":100000004}
---

--- 2026-06-06T10:30:48.913Z debug
[InspectorProxyWorker] RUNTIME INCOMING MESSAGE { id: 100000004, result: { id: '434b5514a9f862fe' } }
---

--- 2026-06-06T10:30:58.926Z debug
[InspectorProxyWorker] RUNTIME INCOMING MESSAGE { id: 100000005, result: { id: '434b5514a9f862fe' } }
---

--- 2026-06-06T10:30:58.926Z debug
[InspectorProxyWorker] SEND TO RUNTIME {"method":"Runtime.getIsolateId","id":100000005}
---

--- 2026-06-06T10:31:08.927Z debug
[InspectorProxyWorker] SEND TO RUNTIME {"method":"Runtime.getIsolateId","id":100000006}
---

--- 2026-06-06T10:31:08.928Z debug
[InspectorProxyWorker] RUNTIME INCOMING MESSAGE { id: 100000006, result: { id: '434b5514a9f862fe' } }
---

--- 2026-06-06T10:31:18.939Z debug
[InspectorProxyWorker] SEND TO RUNTIME {"method":"Runtime.getIsolateId","id":100000007}
---

--- 2026-06-06T10:31:18.940Z debug
[InspectorProxyWorker] RUNTIME INCOMING MESSAGE { id: 100000007, result: { id: '434b5514a9f862fe' } }
---

--- 2026-06-06T10:31:28.943Z debug
[InspectorProxyWorker] RUNTIME INCOMING MESSAGE { id: 100000008, result: { id: '434b5514a9f862fe' } }
---

--- 2026-06-06T10:31:28.943Z debug
[InspectorProxyWorker] SEND TO RUNTIME {"method":"Runtime.getIsolateId","id":100000008}
---

--- 2026-06-06T10:31:38.944Z debug
[InspectorProxyWorker] SEND TO RUNTIME {"method":"Runtime.getIsolateId","id":100000009}
---

--- 2026-06-06T10:31:38.945Z debug
[InspectorProxyWorker] RUNTIME INCOMING MESSAGE { id: 100000009, result: { id: '434b5514a9f862fe' } }
---

--- 2026-06-06T10:31:48.956Z debug
[InspectorProxyWorker] RUNTIME INCOMING MESSAGE { id: 100000010, result: { id: '434b5514a9f862fe' } }
---

--- 2026-06-06T10:31:48.957Z debug
[InspectorProxyWorker] SEND TO RUNTIME {"method":"Runtime.getIsolateId","id":100000010}
---

--- 2026-06-06T10:31:58.961Z debug
[InspectorProxyWorker] SEND TO RUNTIME {"method":"Runtime.getIsolateId","id":100000011}
---

--- 2026-06-06T10:31:58.961Z debug
[InspectorProxyWorker] RUNTIME INCOMING MESSAGE { id: 100000011, result: { id: '434b5514a9f862fe' } }
---

--- 2026-06-06T10:32:08.975Z debug
[InspectorProxyWorker] SEND TO RUNTIME {"method":"Runtime.getIsolateId","id":100000012}
---

--- 2026-06-06T10:32:08.976Z debug
[InspectorProxyWorker] RUNTIME INCOMING MESSAGE { id: 100000012, result: { id: '434b5514a9f862fe' } }
---

--- 2026-06-06T10:32:18.977Z debug
[InspectorProxyWorker] RUNTIME INCOMING MESSAGE { id: 100000013, result: { id: '434b5514a9f862fe' } }
---

--- 2026-06-06T10:32:18.978Z debug
[InspectorProxyWorker] SEND TO RUNTIME {"method":"Runtime.getIsolateId","id":100000013}
---

--- 2026-06-06T10:32:21.901Z debug
[InspectorProxyWorker] RUNTIME INCOMING MESSAGE {
  method: 'Network.requestWillBeSent',
  params: {
    requestId: '0',
    loaderId: '',
    request: {
      url: 'http://127.0.0.1:8787/ws?player=right&userId=bdb5a20d-0170-498b-87cc-607d85307af0&matchId=ping-pong-e7709097-92e7-4e7e-b005-2b3164936506',
      method: 'GET',
      headers: [Object],
      mixedContentType: 'blockable',
      initialPriority: 'VeryLow',
      referrerPolicy: 'unsafe-url',
      isLinkPreload: false
    },
    timestamp: 67657.772,
    wallTime: 1780741941.9,
    initiator: { type: 'script', stack: [Object], lineNumber: 0 },
    type: 'Fetch'
  }
}
---

--- 2026-06-06T10:32:21.993Z error
X [ERROR] Uncaught Error: internal error; reference = cqnr6quoaocd3n1qnak98fb2 


---

--- 2026-06-06T10:32:21.994Z debug
[InspectorProxyWorker] RUNTIME INCOMING MESSAGE {
  method: 'Runtime.exceptionThrown',
  params: {
    timestamp: 1780741941921,
    exceptionDetails: {
      exceptionId: 1,
      text: 'Uncaught Error: internal error; reference = cqnr6quoaocd3n1qnak98fb2',
      lineNumber: 0,
      columnNumber: -2,
      url: 'undefined',
      executionContextId: 531346529
    }
  }
}
---

--- 2026-06-06T10:32:21.996Z debug
[InspectorProxyWorker] RUNTIME INCOMING MESSAGE {
  method: 'Network.requestWillBeSent',
  params: {
    requestId: '1',
    loaderId: '',
    request: {
      url: 'http://127.0.0.1:8787/ws?player=right&userId=bdb5a20d-0170-498b-87cc-607d85307af0&matchId=ping-pong-e7709097-92e7-4e7e-b005-2b3164936506',
      method: 'GET',
      headers: [Object],
      mixedContentType: 'blockable',
      initialPriority: 'VeryLow',
      referrerPolicy: 'unsafe-url',
      isLinkPreload: false
    },
    timestamp: 67657.8,
    wallTime: 1780741941.927,
    initiator: { type: 'script', stack: [Object], lineNumber: 0 },
    type: 'Fetch'
  }
}
---

--- 2026-06-06T10:32:22.028Z debug
[InspectorProxyWorker] RUNTIME INCOMING MESSAGE {
  method: 'Network.requestWillBeSent',
  params: {
    requestId: '2',
    loaderId: '',
    request: {
      url: 'http://127.0.0.1:8787/ws?player=left&userId=2c467a78-f3ee-43ca-86d0-59a79999010d&matchId=ping-pong-e7709097-92e7-4e7e-b005-2b3164936506',
      method: 'GET',
      headers: [Object],
      mixedContentType: 'blockable',
      initialPriority: 'VeryLow',
      referrerPolicy: 'unsafe-url',
      isLinkPreload: false
    },
    timestamp: 67657.899,
    wallTime: 1780741942.026,
    initiator: { type: 'script', stack: [Object], lineNumber: 0 },
    type: 'Fetch'
  }
}
---

--- 2026-06-06T10:32:22.044Z error
X [ERROR] Uncaught Error: Network connection lost. 


---

--- 2026-06-06T10:32:22.046Z debug
[InspectorProxyWorker] RUNTIME INCOMING MESSAGE {
  method: 'Runtime.exceptionThrown',
  params: {
    timestamp: 1780741942034,
    exceptionDetails: {
      exceptionId: 2,
      text: 'Uncaught Error: Network connection lost.',
      lineNumber: 0,
      columnNumber: -2,
      url: 'undefined',
      executionContextId: 531346529
    }
  }
}
---

--- 2026-06-06T10:32:22.048Z debug
[InspectorProxyWorker] RUNTIME INCOMING MESSAGE {
  method: 'Network.requestWillBeSent',
  params: {
    requestId: '3',
    loaderId: '',
    request: {
      url: 'http://127.0.0.1:8787/ws?player=left&userId=2c467a78-f3ee-43ca-86d0-59a79999010d&matchId=ping-pong-e7709097-92e7-4e7e-b005-2b3164936506',
      method: 'GET',
      headers: [Object],
      mixedContentType: 'blockable',
      initialPriority: 'VeryLow',
      referrerPolicy: 'unsafe-url',
      isLinkPreload: false
    },
    timestamp: 67657.92,
    wallTime: 1780741942.047,
    initiator: { type: 'script', stack: [Object], lineNumber: 0 },
    type: 'Fetch'
  }
}
---

--- 2026-06-06T10:32:28.978Z debug
[InspectorProxyWorker] SEND TO RUNTIME {"method":"Runtime.getIsolateId","id":100000014}
---

--- 2026-06-06T10:32:28.978Z debug
[InspectorProxyWorker] RUNTIME INCOMING MESSAGE { id: 100000014, result: { id: '434b5514a9f862fe' } }
---

--- 2026-06-06T10:32:29.556Z debug
[InspectorProxyWorker] RUNTIME INCOMING MESSAGE {
  method: 'Network.requestWillBeSent',
  params: {
    requestId: '4',
    loaderId: '',
    request: {
      url: 'http://127.0.0.1:8787/ws?player=left&userId=2c467a78-f3ee-43ca-86d0-59a79999010d&matchId=ping-pong-e7709097-92e7-4e7e-b005-2b3164936506',
      method: 'GET',
      headers: [Object],
      mixedContentType: 'blockable',
      initialPriority: 'VeryLow',
      referrerPolicy: 'unsafe-url',
      isLinkPreload: false
    },
    timestamp: 67665.427,
    wallTime: 1780741949.554,
    initiator: { type: 'script', stack: [Object], lineNumber: 0 },
    type: 'Fetch'
  }
}
---

--- 2026-06-06T10:32:29.571Z error
X [ERROR] Uncaught Error: Network connection lost. 


---

--- 2026-06-06T10:32:29.572Z debug
[InspectorProxyWorker] RUNTIME INCOMING MESSAGE {
  method: 'Runtime.exceptionThrown',
  params: {
    timestamp: 1780741949562,
    exceptionDetails: {
      exceptionId: 3,
      text: 'Uncaught Error: Network connection lost.',
      lineNumber: 0,
      columnNumber: -2,
      url: 'undefined',
      executionContextId: 531346529
    }
  }
}
---

--- 2026-06-06T10:32:29.574Z debug
[InspectorProxyWorker] RUNTIME INCOMING MESSAGE {
  method: 'Network.requestWillBeSent',
  params: {
    requestId: '5',
    loaderId: '',
    request: {
      url: 'http://127.0.0.1:8787/ws?player=left&userId=2c467a78-f3ee-43ca-86d0-59a79999010d&matchId=ping-pong-e7709097-92e7-4e7e-b005-2b3164936506',
      method: 'GET',
      headers: [Object],
      mixedContentType: 'blockable',
      initialPriority: 'VeryLow',
      referrerPolicy: 'unsafe-url',
      isLinkPreload: false
    },
    timestamp: 67665.446,
    wallTime: 1780741949.573,
    initiator: { type: 'script', stack: [Object], lineNumber: 0 },
    type: 'Fetch'
  }
}
---

--- 2026-06-06T10:32:29.692Z debug
[InspectorProxyWorker] RUNTIME INCOMING MESSAGE {
  method: 'Network.requestWillBeSent',
  params: {
    requestId: '6',
    loaderId: '',
    request: {
      url: 'http://127.0.0.1:8787/ws?player=left&userId=2c467a78-f3ee-43ca-86d0-59a79999010d&matchId=ping-pong-e7709097-92e7-4e7e-b005-2b3164936506',
      method: 'GET',
      headers: [Object],
      mixedContentType: 'blockable',
      initialPriority: 'VeryLow',
      referrerPolicy: 'unsafe-url',
      isLinkPreload: false
    },
    timestamp: 67665.563,
    wallTime: 1780741949.691,
    initiator: { type: 'script', stack: [Object], lineNumber: 0 },
    type: 'Fetch'
  }
}
---

--- 2026-06-06T10:32:29.706Z error
X [ERROR] Uncaught Error: internal error; reference = njq0t77tqs598ee88vque9ih 


---

--- 2026-06-06T10:32:29.707Z debug
[InspectorProxyWorker] RUNTIME INCOMING MESSAGE {
  method: 'Runtime.exceptionThrown',
  params: {
    timestamp: 1780741949703,
    exceptionDetails: {
      exceptionId: 4,
      text: 'Uncaught Error: internal error; reference = njq0t77tqs598ee88vque9ih',
      lineNumber: 0,
      columnNumber: -2,
      url: 'undefined',
      executionContextId: 531346529
    }
  }
}
---

--- 2026-06-06T10:32:29.708Z debug
[InspectorProxyWorker] RUNTIME INCOMING MESSAGE {
  method: 'Network.requestWillBeSent',
  params: {
    requestId: '7',
    loaderId: '',
    request: {
      url: 'http://127.0.0.1:8787/ws?player=left&userId=2c467a78-f3ee-43ca-86d0-59a79999010d&matchId=ping-pong-e7709097-92e7-4e7e-b005-2b3164936506',
      method: 'GET',
      headers: [Object],
      mixedContentType: 'blockable',
      initialPriority: 'VeryLow',
      referrerPolicy: 'unsafe-url',
      isLinkPreload: false
    },
    timestamp: 67665.58,
    wallTime: 1780741949.707,
    initiator: { type: 'script', stack: [Object], lineNumber: 0 },
    type: 'Fetch'
  }
}
---

--- 2026-06-06T10:32:38.979Z debug
[InspectorProxyWorker] SEND TO RUNTIME {"method":"Runtime.getIsolateId","id":100000015}
---

--- 2026-06-06T10:32:38.980Z debug
[InspectorProxyWorker] RUNTIME INCOMING MESSAGE { id: 100000015, result: { id: '434b5514a9f862fe' } }
---

--- 2026-06-06T10:32:48.979Z debug
[InspectorProxyWorker] SEND TO RUNTIME {"method":"Runtime.getIsolateId","id":100000016}
---

--- 2026-06-06T10:32:48.980Z debug
[InspectorProxyWorker] RUNTIME INCOMING MESSAGE { id: 100000016, result: { id: '434b5514a9f862fe' } }
---

--- 2026-06-06T10:32:58.979Z debug
[InspectorProxyWorker] RUNTIME INCOMING MESSAGE { id: 100000017, result: { id: '434b5514a9f862fe' } }
---

--- 2026-06-06T10:32:58.980Z debug
[InspectorProxyWorker] SEND TO RUNTIME {"method":"Runtime.getIsolateId","id":100000017}
---

--- 2026-06-06T10:33:08.996Z debug
[InspectorProxyWorker] RUNTIME INCOMING MESSAGE { id: 100000018, result: { id: '434b5514a9f862fe' } }
---

--- 2026-06-06T10:33:08.997Z debug
[InspectorProxyWorker] SEND TO RUNTIME {"method":"Runtime.getIsolateId","id":100000018}
---

--- 2026-06-06T10:33:19.005Z debug
[InspectorProxyWorker] SEND TO RUNTIME {"method":"Runtime.getIsolateId","id":100000019}
---

--- 2026-06-06T10:33:19.006Z debug
[InspectorProxyWorker] RUNTIME INCOMING MESSAGE { id: 100000019, result: { id: '434b5514a9f862fe' } }
---

--- 2026-06-06T10:33:29.007Z debug
[InspectorProxyWorker] RUNTIME INCOMING MESSAGE { id: 100000020, result: { id: '434b5514a9f862fe' } }
---

--- 2026-06-06T10:33:29.008Z debug
[InspectorProxyWorker] SEND TO RUNTIME {"method":"Runtime.getIsolateId","id":100000020}
---

--- 2026-06-06T10:33:39.012Z debug
[InspectorProxyWorker] SEND TO RUNTIME {"method":"Runtime.getIsolateId","id":100000021}
---

--- 2026-06-06T10:33:39.013Z debug
[InspectorProxyWorker] RUNTIME INCOMING MESSAGE { id: 100000021, result: { id: '434b5514a9f862fe' } }
---

--- 2026-06-06T10:33:49.012Z debug
[InspectorProxyWorker] SEND TO RUNTIME {"method":"Runtime.getIsolateId","id":100000022}
---

--- 2026-06-06T10:33:49.013Z debug
[InspectorProxyWorker] RUNTIME INCOMING MESSAGE { id: 100000022, result: { id: '434b5514a9f862fe' } }
---

--- 2026-06-06T10:33:59.013Z debug
[InspectorProxyWorker] SEND TO RUNTIME {"method":"Runtime.getIsolateId","id":100000023}
---

--- 2026-06-06T10:33:59.013Z debug
[InspectorProxyWorker] RUNTIME INCOMING MESSAGE { id: 100000023, result: { id: '434b5514a9f862fe' } }
---

--- 2026-06-06T10:34:09.012Z debug
[InspectorProxyWorker] SEND TO RUNTIME {"method":"Runtime.getIsolateId","id":100000024}
---

--- 2026-06-06T10:34:09.013Z debug
[InspectorProxyWorker] RUNTIME INCOMING MESSAGE { id: 100000024, result: { id: '434b5514a9f862fe' } }
---

--- 2026-06-06T10:34:12.176Z debug
wrangler.jsonc changed...
---

--- 2026-06-06T10:34:12.177Z debug
config file changed C:\Users\david\gerenciador-chamados\src\components\gamificacao\cloudflare-pong-worker\wrangler.jsonc
---

--- 2026-06-06T10:34:12.179Z debug
Updating config... AbortSignal { aborted: false } false
---

--- 2026-06-06T10:34:12.255Z debug
local dev variables file not found at ".dev.vars". Continuing... For more details, refer to https://developers.cloudflare.com/workers/wrangler/system-environment-variables/
---

--- 2026-06-06T10:34:12.255Z debug
.env file not found at "C:\Users\david\gerenciador-chamados\src\components\gamificacao\cloudflare-pong-worker\.env". Continuing... For more details, refer to https://developers.cloudflare.com/workers/wrangler/system-environment-variables/
---

--- 2026-06-06T10:34:12.255Z debug
.env file not found at "C:\Users\david\gerenciador-chamados\src\components\gamificacao\cloudflare-pong-worker\.env.local". Continuing... For more details, refer to https://developers.cloudflare.com/workers/wrangler/system-environment-variables/
---

--- 2026-06-06T10:34:12.257Z log
Your Worker has access to the following bindings:
---

--- 2026-06-06T10:34:12.257Z log
Binding                Resource                Mode
---

--- 2026-06-06T10:34:12.257Z log
env.MATCH_ROOMS        Durable Object          local
  MatchRoom
---

--- 2026-06-06T10:34:12.258Z log
env.ALLOWED_ORIGIN     Environment Variable    local
  "http://localhost:5173"
---

--- 2026-06-06T10:34:12.258Z log
env.ALLOWED_ORIGINS    Environment Variable    local
  "http://localhost:5173,http://127.0.0...."
---

--- 2026-06-06T10:34:12.258Z log

---

--- 2026-06-06T10:34:12.574Z debug
RemoteRuntimeController teardown beginning...
---

--- 2026-06-06T10:34:12.574Z debug
RemoteRuntimeController teardown complete
---

--- 2026-06-06T10:34:12.575Z log
⎔ Reloading local server...
---

--- 2026-06-06T10:34:12.581Z debug
[InspectorProxyWorker] handleProxyControllerIncomingMessage {"type":"reloadStart"}
---

--- 2026-06-06T10:34:12.582Z debug
[InspectorProxyWorker] SEND TO RUNTIME {"method":"Runtime.discardConsoleEntries","id":100000025}
---

--- 2026-06-06T10:34:12.584Z debug
[InspectorProxyWorker] RUNTIME INCOMING MESSAGE { id: 100000025, result: {} }
---

--- 2026-06-06T10:34:12.612Z debug
[InspectorProxyWorker] RUNTIME WEBSOCKET ERROR {
  message: 'internal error; reference = o4fhgphro3ppsqcf04nnvt8c',
  name: 'Error',
  stack: 'Error: internal error; reference = o4fhgphro3ppsqcf04nnvt8c'
}
---

--- 2026-06-06T10:34:12.614Z debug
[InspectorProxyWorker] 'runtime websocket' error {
  message: 'internal error; reference = o4fhgphro3ppsqcf04nnvt8c',
  name: 'Error',
  stack: 'Error: internal error; reference = o4fhgphro3ppsqcf04nnvt8c'
}
---

--- 2026-06-06T10:34:12.761Z log
⎔ Local server updated and ready
---

--- 2026-06-06T10:34:12.767Z debug
[InspectorProxyWorker] handleProxyControllerIncomingMessage {"type":"reloadComplete","proxyData":{"userWorkerUrl":{"protocol":"http:","hostname":"127.0.0.1","port":"60593"},"userWorkerInspectorUrl":{"protocol":"ws:","hostname":"127.0.0.1","port":"57989","pathname":"/core:user:arena-pong-worker"},"userWorkerInnerUrlOverrides":{"protocol":"http:"},"headers":{"MF-Proxy-Shared-Secret":"8a5ca2f7-5c02-4b92-8242-77f4eb689c28"},"liveReload":false,"proxyLogsToController":false}}
---

--- 2026-06-06T10:34:12.768Z debug
[InspectorProxyWorker] reconnectRuntimeWebSocket
---

--- 2026-06-06T10:34:12.769Z debug
[InspectorProxyWorker] NEW RUNTIME WEBSOCKET http://127.0.0.1:57989/core:user:arena-pong-worker
---

--- 2026-06-06T10:34:12.771Z debug
[InspectorProxyWorker] SEND TO DEVTOOLS {"method":"Runtime.executionContextsCleared"}
---

--- 2026-06-06T10:34:12.773Z debug
[InspectorProxyWorker] RUNTIME INCOMING MESSAGE {
  method: 'Runtime.executionContextCreated',
  params: {
    context: {
      id: 47813217,
      origin: '',
      name: 'Worker',
      uniqueId: '9200835394172657423.5168716757952337930'
    }
  }
}
---

--- 2026-06-06T10:34:12.775Z debug
[InspectorProxyWorker] RUNTIME WEBSOCKET OPENED
---

--- 2026-06-06T10:34:12.776Z debug
[InspectorProxyWorker] SEND TO RUNTIME {"method":"Runtime.enable","id":100000026}
---

--- 2026-06-06T10:34:12.778Z debug
[InspectorProxyWorker] SEND TO RUNTIME {"method":"Network.enable","id":100000027}
---

--- 2026-06-06T10:34:12.779Z debug
[InspectorProxyWorker] RUNTIME INCOMING MESSAGE { id: 100000026, result: {} }
---

--- 2026-06-06T10:34:12.781Z debug
[InspectorProxyWorker] RUNTIME INCOMING MESSAGE { id: 100000027, method: 'Network.enable', result: {} }
---

--- 2026-06-06T10:34:22.781Z debug
[InspectorProxyWorker] RUNTIME INCOMING MESSAGE { id: 100000028, result: { id: 'd06dcc6127df2098' } }
---

--- 2026-06-06T10:34:22.782Z debug
[InspectorProxyWorker] SEND TO RUNTIME {"method":"Runtime.getIsolateId","id":100000028}
---

--- 2026-06-06T10:34:32.798Z debug
[InspectorProxyWorker] RUNTIME INCOMING MESSAGE { id: 100000029, result: { id: 'd06dcc6127df2098' } }
---

--- 2026-06-06T10:34:32.801Z debug
[InspectorProxyWorker] SEND TO RUNTIME {"method":"Runtime.getIsolateId","id":100000029}
---

--- 2026-06-06T10:34:42.797Z debug
[InspectorProxyWorker] RUNTIME INCOMING MESSAGE { id: 100000030, result: { id: 'd06dcc6127df2098' } }
---

--- 2026-06-06T10:34:42.798Z debug
[InspectorProxyWorker] SEND TO RUNTIME {"method":"Runtime.getIsolateId","id":100000030}
---

--- 2026-06-06T10:34:52.812Z debug
[InspectorProxyWorker] SEND TO RUNTIME {"method":"Runtime.getIsolateId","id":100000031}
---

--- 2026-06-06T10:34:52.813Z debug
[InspectorProxyWorker] RUNTIME INCOMING MESSAGE { id: 100000031, result: { id: 'd06dcc6127df2098' } }
---

--- 2026-06-06T10:35:02.813Z debug
[InspectorProxyWorker] SEND TO RUNTIME {"method":"Runtime.getIsolateId","id":100000032}
---

--- 2026-06-06T10:35:02.815Z debug
[InspectorProxyWorker] RUNTIME INCOMING MESSAGE { id: 100000032, result: { id: 'd06dcc6127df2098' } }
---

--- 2026-06-06T10:35:12.814Z debug
[InspectorProxyWorker] SEND TO RUNTIME {"method":"Runtime.getIsolateId","id":100000033}
---

--- 2026-06-06T10:35:12.814Z debug
[InspectorProxyWorker] RUNTIME INCOMING MESSAGE { id: 100000033, result: { id: 'd06dcc6127df2098' } }
---

--- 2026-06-06T10:35:22.823Z debug
[InspectorProxyWorker] SEND TO RUNTIME {"method":"Runtime.getIsolateId","id":100000034}
---

--- 2026-06-06T10:35:22.824Z debug
[InspectorProxyWorker] RUNTIME INCOMING MESSAGE { id: 100000034, result: { id: 'd06dcc6127df2098' } }
---

--- 2026-06-06T10:35:32.826Z debug
[InspectorProxyWorker] RUNTIME INCOMING MESSAGE { id: 100000035, result: { id: 'd06dcc6127df2098' } }
---

--- 2026-06-06T10:35:32.827Z debug
[InspectorProxyWorker] SEND TO RUNTIME {"method":"Runtime.getIsolateId","id":100000035}
---

--- 2026-06-06T10:35:42.507Z debug
RemoteRuntimeController teardown beginning...
---

--- 2026-06-06T10:35:42.507Z debug
RemoteRuntimeController teardown complete
---

--- 2026-06-06T10:35:42.509Z log
⎔ Reloading local server...
---

--- 2026-06-06T10:35:42.515Z debug
[InspectorProxyWorker] handleProxyControllerIncomingMessage {"type":"reloadStart"}
---

--- 2026-06-06T10:35:42.517Z debug
[InspectorProxyWorker] SEND TO RUNTIME {"method":"Runtime.discardConsoleEntries","id":100000036}
---

--- 2026-06-06T10:35:42.518Z debug
[InspectorProxyWorker] RUNTIME INCOMING MESSAGE { id: 100000036, result: {} }
---

--- 2026-06-06T10:35:42.569Z debug
[InspectorProxyWorker] RUNTIME WEBSOCKET ERROR {
  message: 'internal error; reference = u8en044sp6navlvqik3jsu7e',
  name: 'Error',
  stack: 'Error: internal error; reference = u8en044sp6navlvqik3jsu7e'
}
---

--- 2026-06-06T10:35:42.571Z debug
[InspectorProxyWorker] 'runtime websocket' error {
  message: 'internal error; reference = u8en044sp6navlvqik3jsu7e',
  name: 'Error',
  stack: 'Error: internal error; reference = u8en044sp6navlvqik3jsu7e'
}
---

--- 2026-06-06T10:35:42.714Z log
⎔ Local server updated and ready
---

--- 2026-06-06T10:35:42.717Z debug
[InspectorProxyWorker] reconnectRuntimeWebSocket
---

--- 2026-06-06T10:35:42.718Z debug
[InspectorProxyWorker] NEW RUNTIME WEBSOCKET http://127.0.0.1:57989/core:user:arena-pong-worker
---

--- 2026-06-06T10:35:42.719Z debug
[InspectorProxyWorker] handleProxyControllerIncomingMessage {"type":"reloadComplete","proxyData":{"userWorkerUrl":{"protocol":"http:","hostname":"127.0.0.1","port":"63090"},"userWorkerInspectorUrl":{"protocol":"ws:","hostname":"127.0.0.1","port":"57989","pathname":"/core:user:arena-pong-worker"},"userWorkerInnerUrlOverrides":{"protocol":"http:"},"headers":{"MF-Proxy-Shared-Secret":"8a5ca2f7-5c02-4b92-8242-77f4eb689c28"},"liveReload":false,"proxyLogsToController":false}}
---

--- 2026-06-06T10:35:42.720Z debug
[InspectorProxyWorker] SEND TO DEVTOOLS {"method":"Runtime.executionContextsCleared"}
---

--- 2026-06-06T10:35:42.722Z debug
[InspectorProxyWorker] RUNTIME INCOMING MESSAGE {
  method: 'Runtime.executionContextCreated',
  params: {
    context: {
      id: 431620289,
      origin: '',
      name: 'Worker',
      uniqueId: '-5416681088108231509.-4771381311063861206'
    }
  }
}
---

--- 2026-06-06T10:35:42.722Z debug
[InspectorProxyWorker] RUNTIME WEBSOCKET OPENED
---

--- 2026-06-06T10:35:42.723Z debug
[InspectorProxyWorker] SEND TO RUNTIME {"method":"Runtime.enable","id":100000037}
---

--- 2026-06-06T10:35:42.723Z debug
[InspectorProxyWorker] SEND TO RUNTIME {"method":"Network.enable","id":100000038}
---

--- 2026-06-06T10:35:42.724Z debug
[InspectorProxyWorker] RUNTIME INCOMING MESSAGE { id: 100000037, result: {} }
---

--- 2026-06-06T10:35:42.724Z debug
[InspectorProxyWorker] RUNTIME INCOMING MESSAGE { id: 100000038, method: 'Network.enable', result: {} }
---

--- 2026-06-06T10:35:52.730Z debug
[InspectorProxyWorker] SEND TO RUNTIME {"method":"Runtime.getIsolateId","id":100000039}
---

--- 2026-06-06T10:35:52.731Z debug
[InspectorProxyWorker] RUNTIME INCOMING MESSAGE { id: 100000039, result: { id: 'fe9bd1f89319b256' } }
---

--- 2026-06-06T10:36:02.736Z debug
[InspectorProxyWorker] SEND TO RUNTIME {"method":"Runtime.getIsolateId","id":100000040}
---

--- 2026-06-06T10:36:02.737Z debug
[InspectorProxyWorker] RUNTIME INCOMING MESSAGE { id: 100000040, result: { id: 'fe9bd1f89319b256' } }
---

--- 2026-06-06T10:36:12.747Z debug
[InspectorProxyWorker] SEND TO RUNTIME {"method":"Runtime.getIsolateId","id":100000041}
---

--- 2026-06-06T10:36:12.748Z debug
[InspectorProxyWorker] RUNTIME INCOMING MESSAGE { id: 100000041, result: { id: 'fe9bd1f89319b256' } }
---

--- 2026-06-06T10:36:22.762Z debug
[InspectorProxyWorker] SEND TO RUNTIME {"method":"Runtime.getIsolateId","id":100000042}
---

--- 2026-06-06T10:36:22.763Z debug
[InspectorProxyWorker] RUNTIME INCOMING MESSAGE { id: 100000042, result: { id: 'fe9bd1f89319b256' } }
---

--- 2026-06-06T10:36:32.771Z debug
[InspectorProxyWorker] SEND TO RUNTIME {"method":"Runtime.getIsolateId","id":100000043}
---

--- 2026-06-06T10:36:32.772Z debug
[InspectorProxyWorker] RUNTIME INCOMING MESSAGE { id: 100000043, result: { id: 'fe9bd1f89319b256' } }
---

--- 2026-06-06T10:36:42.781Z debug
[InspectorProxyWorker] SEND TO RUNTIME {"method":"Runtime.getIsolateId","id":100000044}
---

--- 2026-06-06T10:36:42.782Z debug
[InspectorProxyWorker] RUNTIME INCOMING MESSAGE { id: 100000044, result: { id: 'fe9bd1f89319b256' } }
---

--- 2026-06-06T10:36:52.782Z debug
[InspectorProxyWorker] RUNTIME INCOMING MESSAGE { id: 100000045, result: { id: 'fe9bd1f89319b256' } }
---

--- 2026-06-06T10:36:52.782Z debug
[InspectorProxyWorker] SEND TO RUNTIME {"method":"Runtime.getIsolateId","id":100000045}
---

--- 2026-06-06T10:37:02.794Z debug
[InspectorProxyWorker] SEND TO RUNTIME {"method":"Runtime.getIsolateId","id":100000046}
---

--- 2026-06-06T10:37:02.795Z debug
[InspectorProxyWorker] RUNTIME INCOMING MESSAGE { id: 100000046, result: { id: 'fe9bd1f89319b256' } }
---

--- 2026-06-06T10:37:12.802Z debug
[InspectorProxyWorker] RUNTIME INCOMING MESSAGE { id: 100000047, result: { id: 'fe9bd1f89319b256' } }
---

--- 2026-06-06T10:37:12.802Z debug
[InspectorProxyWorker] SEND TO RUNTIME {"method":"Runtime.getIsolateId","id":100000047}
---

--- 2026-06-06T10:37:22.812Z debug
[InspectorProxyWorker] RUNTIME INCOMING MESSAGE { id: 100000048, result: { id: 'fe9bd1f89319b256' } }
---

--- 2026-06-06T10:37:22.813Z debug
[InspectorProxyWorker] SEND TO RUNTIME {"method":"Runtime.getIsolateId","id":100000048}
---

--- 2026-06-06T10:37:32.815Z debug
[InspectorProxyWorker] SEND TO RUNTIME {"method":"Runtime.getIsolateId","id":100000049}
---

--- 2026-06-06T10:37:32.816Z debug
[InspectorProxyWorker] RUNTIME INCOMING MESSAGE { id: 100000049, result: { id: 'fe9bd1f89319b256' } }
---

--- 2026-06-06T10:37:42.832Z debug
[InspectorProxyWorker] SEND TO RUNTIME {"method":"Runtime.getIsolateId","id":100000050}
---

--- 2026-06-06T10:37:42.833Z debug
[InspectorProxyWorker] RUNTIME INCOMING MESSAGE { id: 100000050, result: { id: 'fe9bd1f89319b256' } }
---

--- 2026-06-06T10:37:52.832Z debug
[InspectorProxyWorker] RUNTIME INCOMING MESSAGE { id: 100000051, result: { id: 'fe9bd1f89319b256' } }
---

--- 2026-06-06T10:37:52.833Z debug
[InspectorProxyWorker] SEND TO RUNTIME {"method":"Runtime.getIsolateId","id":100000051}
---

--- 2026-06-06T10:38:02.833Z debug
[InspectorProxyWorker] SEND TO RUNTIME {"method":"Runtime.getIsolateId","id":100000052}
---

--- 2026-06-06T10:38:02.833Z debug
[InspectorProxyWorker] RUNTIME INCOMING MESSAGE { id: 100000052, result: { id: 'fe9bd1f89319b256' } }
---

--- 2026-06-06T10:38:12.848Z debug
[InspectorProxyWorker] RUNTIME INCOMING MESSAGE { id: 100000053, result: { id: 'fe9bd1f89319b256' } }
---

--- 2026-06-06T10:38:12.849Z debug
[InspectorProxyWorker] SEND TO RUNTIME {"method":"Runtime.getIsolateId","id":100000053}
---

--- 2026-06-06T10:38:22.863Z debug
[InspectorProxyWorker] SEND TO RUNTIME {"method":"Runtime.getIsolateId","id":100000054}
---

--- 2026-06-06T10:38:22.865Z debug
[InspectorProxyWorker] RUNTIME INCOMING MESSAGE { id: 100000054, result: { id: 'fe9bd1f89319b256' } }
---

--- 2026-06-06T10:38:32.866Z debug
[InspectorProxyWorker] RUNTIME INCOMING MESSAGE { id: 100000055, result: { id: 'fe9bd1f89319b256' } }
---

--- 2026-06-06T10:38:32.867Z debug
[InspectorProxyWorker] SEND TO RUNTIME {"method":"Runtime.getIsolateId","id":100000055}
---

--- 2026-06-06T10:38:42.882Z debug
[InspectorProxyWorker] RUNTIME INCOMING MESSAGE { id: 100000056, result: { id: 'fe9bd1f89319b256' } }
---

--- 2026-06-06T10:38:42.883Z debug
[InspectorProxyWorker] SEND TO RUNTIME {"method":"Runtime.getIsolateId","id":100000056}
---

--- 2026-06-06T10:38:52.895Z debug
[InspectorProxyWorker] SEND TO RUNTIME {"method":"Runtime.getIsolateId","id":100000057}
---

--- 2026-06-06T10:38:52.895Z debug
[InspectorProxyWorker] RUNTIME INCOMING MESSAGE { id: 100000057, result: { id: 'fe9bd1f89319b256' } }
---

--- 2026-06-06T10:39:02.898Z debug
[InspectorProxyWorker] SEND TO RUNTIME {"method":"Runtime.getIsolateId","id":100000058}
---

--- 2026-06-06T10:39:02.899Z debug
[InspectorProxyWorker] RUNTIME INCOMING MESSAGE { id: 100000058, result: { id: 'fe9bd1f89319b256' } }
---

--- 2026-06-06T10:39:12.905Z debug
[InspectorProxyWorker] SEND TO RUNTIME {"method":"Runtime.getIsolateId","id":100000059}
---

--- 2026-06-06T10:39:12.908Z debug
[InspectorProxyWorker] RUNTIME INCOMING MESSAGE { id: 100000059, result: { id: 'fe9bd1f89319b256' } }
---

--- 2026-06-06T10:39:22.915Z debug
[InspectorProxyWorker] RUNTIME INCOMING MESSAGE { id: 100000060, result: { id: 'fe9bd1f89319b256' } }
---

--- 2026-06-06T10:39:22.916Z debug
[InspectorProxyWorker] SEND TO RUNTIME {"method":"Runtime.getIsolateId","id":100000060}
---

--- 2026-06-06T10:39:32.927Z debug
[InspectorProxyWorker] RUNTIME INCOMING MESSAGE { id: 100000061, result: { id: 'fe9bd1f89319b256' } }
---

--- 2026-06-06T10:39:32.928Z debug
[InspectorProxyWorker] SEND TO RUNTIME {"method":"Runtime.getIsolateId","id":100000061}
---

--- 2026-06-06T10:39:42.948Z debug
[InspectorProxyWorker] SEND TO RUNTIME {"method":"Runtime.getIsolateId","id":100000062}
---

--- 2026-06-06T10:39:42.949Z debug
[InspectorProxyWorker] RUNTIME INCOMING MESSAGE { id: 100000062, result: { id: 'fe9bd1f89319b256' } }
---

--- 2026-06-06T10:39:52.950Z debug
[InspectorProxyWorker] SEND TO RUNTIME {"method":"Runtime.getIsolateId","id":100000063}
---

--- 2026-06-06T10:39:52.951Z debug
[InspectorProxyWorker] RUNTIME INCOMING MESSAGE { id: 100000063, result: { id: 'fe9bd1f89319b256' } }
---

--- 2026-06-06T10:40:02.965Z debug
[InspectorProxyWorker] RUNTIME INCOMING MESSAGE { id: 100000064, result: { id: 'fe9bd1f89319b256' } }
---

--- 2026-06-06T10:40:02.965Z debug
[InspectorProxyWorker] SEND TO RUNTIME {"method":"Runtime.getIsolateId","id":100000064}
---

--- 2026-06-06T10:40:12.971Z debug
[InspectorProxyWorker] SEND TO RUNTIME {"method":"Runtime.getIsolateId","id":100000065}
---

--- 2026-06-06T10:40:12.973Z debug
[InspectorProxyWorker] RUNTIME INCOMING MESSAGE { id: 100000065, result: { id: 'fe9bd1f89319b256' } }
---

--- 2026-06-06T10:40:22.981Z debug
[InspectorProxyWorker] SEND TO RUNTIME {"method":"Runtime.getIsolateId","id":100000066}
---

--- 2026-06-06T10:40:22.983Z debug
[InspectorProxyWorker] RUNTIME INCOMING MESSAGE { id: 100000066, result: { id: 'fe9bd1f89319b256' } }
---

--- 2026-06-06T10:40:32.986Z debug
[InspectorProxyWorker] RUNTIME INCOMING MESSAGE { id: 100000067, result: { id: 'fe9bd1f89319b256' } }
---

--- 2026-06-06T10:40:32.987Z debug
[InspectorProxyWorker] SEND TO RUNTIME {"method":"Runtime.getIsolateId","id":100000067}
---

--- 2026-06-06T10:40:42.989Z debug
[InspectorProxyWorker] SEND TO RUNTIME {"method":"Runtime.getIsolateId","id":100000068}
---

--- 2026-06-06T10:40:42.992Z debug
[InspectorProxyWorker] RUNTIME INCOMING MESSAGE { id: 100000068, result: { id: 'fe9bd1f89319b256' } }
---

--- 2026-06-06T10:40:52.998Z debug
[InspectorProxyWorker] RUNTIME INCOMING MESSAGE { id: 100000069, result: { id: 'fe9bd1f89319b256' } }
---

--- 2026-06-06T10:40:52.998Z debug
[InspectorProxyWorker] SEND TO RUNTIME {"method":"Runtime.getIsolateId","id":100000069}
---

--- 2026-06-06T10:41:03.013Z debug
[InspectorProxyWorker] SEND TO RUNTIME {"method":"Runtime.getIsolateId","id":100000070}
---

--- 2026-06-06T10:41:03.014Z debug
[InspectorProxyWorker] RUNTIME INCOMING MESSAGE { id: 100000070, result: { id: 'fe9bd1f89319b256' } }
---

--- 2026-06-06T10:41:13.015Z debug
[InspectorProxyWorker] SEND TO RUNTIME {"method":"Runtime.getIsolateId","id":100000071}
---

--- 2026-06-06T10:41:13.015Z debug
[InspectorProxyWorker] RUNTIME INCOMING MESSAGE { id: 100000071, result: { id: 'fe9bd1f89319b256' } }
---

--- 2026-06-06T10:41:23.030Z debug
[InspectorProxyWorker] SEND TO RUNTIME {"method":"Runtime.getIsolateId","id":100000072}
---

--- 2026-06-06T10:41:23.031Z debug
[InspectorProxyWorker] RUNTIME INCOMING MESSAGE { id: 100000072, result: { id: 'fe9bd1f89319b256' } }
---

--- 2026-06-06T10:41:33.032Z debug
[InspectorProxyWorker] SEND TO RUNTIME {"method":"Runtime.getIsolateId","id":100000073}
---

--- 2026-06-06T10:41:33.033Z debug
[InspectorProxyWorker] RUNTIME INCOMING MESSAGE { id: 100000073, result: { id: 'fe9bd1f89319b256' } }
---

--- 2026-06-06T10:41:43.033Z debug
[InspectorProxyWorker] SEND TO RUNTIME {"method":"Runtime.getIsolateId","id":100000074}
---

--- 2026-06-06T10:41:43.034Z debug
[InspectorProxyWorker] RUNTIME INCOMING MESSAGE { id: 100000074, result: { id: 'fe9bd1f89319b256' } }
---

--- 2026-06-06T10:41:53.040Z debug
[InspectorProxyWorker] SEND TO RUNTIME {"method":"Runtime.getIsolateId","id":100000075}
---

--- 2026-06-06T10:41:53.043Z debug
[InspectorProxyWorker] RUNTIME INCOMING MESSAGE { id: 100000075, result: { id: 'fe9bd1f89319b256' } }
---

--- 2026-06-06T10:42:03.043Z debug
[InspectorProxyWorker] SEND TO RUNTIME {"method":"Runtime.getIsolateId","id":100000076}
---

--- 2026-06-06T10:42:03.044Z debug
[InspectorProxyWorker] RUNTIME INCOMING MESSAGE { id: 100000076, result: { id: 'fe9bd1f89319b256' } }
---

--- 2026-06-06T10:42:13.055Z debug
[InspectorProxyWorker] RUNTIME INCOMING MESSAGE { id: 100000077, result: { id: 'fe9bd1f89319b256' } }
---

--- 2026-06-06T10:42:13.056Z debug
[InspectorProxyWorker] SEND TO RUNTIME {"method":"Runtime.getIsolateId","id":100000077}
---

--- 2026-06-06T10:42:23.066Z debug
[InspectorProxyWorker] SEND TO RUNTIME {"method":"Runtime.getIsolateId","id":100000078}
---

--- 2026-06-06T10:42:23.067Z debug
[InspectorProxyWorker] RUNTIME INCOMING MESSAGE { id: 100000078, result: { id: 'fe9bd1f89319b256' } }
---

--- 2026-06-06T10:42:33.067Z debug
[InspectorProxyWorker] SEND TO RUNTIME {"method":"Runtime.getIsolateId","id":100000079}
---

--- 2026-06-06T10:42:33.068Z debug
[InspectorProxyWorker] RUNTIME INCOMING MESSAGE { id: 100000079, result: { id: 'fe9bd1f89319b256' } }
---

--- 2026-06-06T10:42:43.067Z debug
[InspectorProxyWorker] RUNTIME INCOMING MESSAGE { id: 100000080, result: { id: 'fe9bd1f89319b256' } }
---

--- 2026-06-06T10:42:43.068Z debug
[InspectorProxyWorker] SEND TO RUNTIME {"method":"Runtime.getIsolateId","id":100000080}
---

--- 2026-06-06T10:42:53.072Z debug
[InspectorProxyWorker] SEND TO RUNTIME {"method":"Runtime.getIsolateId","id":100000081}
---

--- 2026-06-06T10:42:53.075Z debug
[InspectorProxyWorker] RUNTIME INCOMING MESSAGE { id: 100000081, result: { id: 'fe9bd1f89319b256' } }
---

--- 2026-06-06T10:43:03.082Z debug
[InspectorProxyWorker] RUNTIME INCOMING MESSAGE { id: 100000082, result: { id: 'fe9bd1f89319b256' } }
---

--- 2026-06-06T10:43:03.082Z debug
[InspectorProxyWorker] SEND TO RUNTIME {"method":"Runtime.getIsolateId","id":100000082}
---

--- 2026-06-06T10:43:13.095Z debug
[InspectorProxyWorker] SEND TO RUNTIME {"method":"Runtime.getIsolateId","id":100000083}
---

--- 2026-06-06T10:43:13.096Z debug
[InspectorProxyWorker] RUNTIME INCOMING MESSAGE { id: 100000083, result: { id: 'fe9bd1f89319b256' } }
---

--- 2026-06-06T10:43:23.099Z debug
[InspectorProxyWorker] RUNTIME INCOMING MESSAGE { id: 100000084, result: { id: 'fe9bd1f89319b256' } }
---

--- 2026-06-06T10:43:23.100Z debug
[InspectorProxyWorker] SEND TO RUNTIME {"method":"Runtime.getIsolateId","id":100000084}
---

--- 2026-06-06T10:43:33.101Z debug
[InspectorProxyWorker] RUNTIME INCOMING MESSAGE { id: 100000085, result: { id: 'fe9bd1f89319b256' } }
---

--- 2026-06-06T10:43:33.101Z debug
[InspectorProxyWorker] SEND TO RUNTIME {"method":"Runtime.getIsolateId","id":100000085}
---

--- 2026-06-06T10:43:43.117Z debug
[InspectorProxyWorker] SEND TO RUNTIME {"method":"Runtime.getIsolateId","id":100000086}
---

--- 2026-06-06T10:43:43.118Z debug
[InspectorProxyWorker] RUNTIME INCOMING MESSAGE { id: 100000086, result: { id: 'fe9bd1f89319b256' } }
---

--- 2026-06-06T10:43:53.118Z debug
[InspectorProxyWorker] RUNTIME INCOMING MESSAGE { id: 100000087, result: { id: 'fe9bd1f89319b256' } }
---

--- 2026-06-06T10:43:53.118Z debug
[InspectorProxyWorker] SEND TO RUNTIME {"method":"Runtime.getIsolateId","id":100000087}
---

--- 2026-06-06T10:44:03.133Z debug
[InspectorProxyWorker] SEND TO RUNTIME {"method":"Runtime.getIsolateId","id":100000088}
---

--- 2026-06-06T10:44:03.134Z debug
[InspectorProxyWorker] RUNTIME INCOMING MESSAGE { id: 100000088, result: { id: 'fe9bd1f89319b256' } }
---

--- 2026-06-06T10:44:13.142Z debug
[InspectorProxyWorker] SEND TO RUNTIME {"method":"Runtime.getIsolateId","id":100000089}
---

--- 2026-06-06T10:44:13.143Z debug
[InspectorProxyWorker] RUNTIME INCOMING MESSAGE { id: 100000089, result: { id: 'fe9bd1f89319b256' } }
---

--- 2026-06-06T10:44:23.149Z debug
[InspectorProxyWorker] SEND TO RUNTIME {"method":"Runtime.getIsolateId","id":100000090}
---

--- 2026-06-06T10:44:23.150Z debug
[InspectorProxyWorker] RUNTIME INCOMING MESSAGE { id: 100000090, result: { id: 'fe9bd1f89319b256' } }
---

--- 2026-06-06T10:44:33.151Z debug
[InspectorProxyWorker] SEND TO RUNTIME {"method":"Runtime.getIsolateId","id":100000091}
---

--- 2026-06-06T10:44:33.152Z debug
[InspectorProxyWorker] RUNTIME INCOMING MESSAGE { id: 100000091, result: { id: 'fe9bd1f89319b256' } }
---

--- 2026-06-06T10:44:43.167Z debug
[InspectorProxyWorker] SEND TO RUNTIME {"method":"Runtime.getIsolateId","id":100000092}
---

--- 2026-06-06T10:44:43.168Z debug
[InspectorProxyWorker] RUNTIME INCOMING MESSAGE { id: 100000092, result: { id: 'fe9bd1f89319b256' } }
---

--- 2026-06-06T10:44:53.173Z debug
[InspectorProxyWorker] RUNTIME INCOMING MESSAGE { id: 100000093, result: { id: 'fe9bd1f89319b256' } }
---

--- 2026-06-06T10:44:53.175Z debug
[InspectorProxyWorker] SEND TO RUNTIME {"method":"Runtime.getIsolateId","id":100000093}
---

--- 2026-06-06T10:45:03.171Z debug
[InspectorProxyWorker] SEND TO RUNTIME {"method":"Runtime.getIsolateId","id":100000094}
---

--- 2026-06-06T10:45:03.172Z debug
[InspectorProxyWorker] RUNTIME INCOMING MESSAGE { id: 100000094, result: { id: 'fe9bd1f89319b256' } }
---

--- 2026-06-06T10:45:13.186Z debug
[InspectorProxyWorker] RUNTIME INCOMING MESSAGE { id: 100000095, result: { id: 'fe9bd1f89319b256' } }
---

--- 2026-06-06T10:45:13.187Z debug
[InspectorProxyWorker] SEND TO RUNTIME {"method":"Runtime.getIsolateId","id":100000095}
---

--- 2026-06-06T10:45:23.193Z debug
[InspectorProxyWorker] SEND TO RUNTIME {"method":"Runtime.getIsolateId","id":100000096}
---

--- 2026-06-06T10:45:23.194Z debug
[InspectorProxyWorker] RUNTIME INCOMING MESSAGE { id: 100000096, result: { id: 'fe9bd1f89319b256' } }
---

--- 2026-06-06T10:45:33.199Z debug
[InspectorProxyWorker] SEND TO RUNTIME {"method":"Runtime.getIsolateId","id":100000097}
---

--- 2026-06-06T10:45:33.200Z debug
[InspectorProxyWorker] RUNTIME INCOMING MESSAGE { id: 100000097, result: { id: 'fe9bd1f89319b256' } }
---

--- 2026-06-06T10:45:43.204Z debug
[InspectorProxyWorker] RUNTIME INCOMING MESSAGE { id: 100000098, result: { id: 'fe9bd1f89319b256' } }
---

--- 2026-06-06T10:45:43.205Z debug
[InspectorProxyWorker] SEND TO RUNTIME {"method":"Runtime.getIsolateId","id":100000098}
---

--- 2026-06-06T10:45:53.219Z debug
[InspectorProxyWorker] SEND TO RUNTIME {"method":"Runtime.getIsolateId","id":100000099}
---

--- 2026-06-06T10:45:53.220Z debug
[InspectorProxyWorker] RUNTIME INCOMING MESSAGE { id: 100000099, result: { id: 'fe9bd1f89319b256' } }
---

--- 2026-06-06T10:46:03.219Z debug
[InspectorProxyWorker] RUNTIME INCOMING MESSAGE { id: 100000100, result: { id: 'fe9bd1f89319b256' } }
---

--- 2026-06-06T10:46:03.219Z debug
[InspectorProxyWorker] SEND TO RUNTIME {"method":"Runtime.getIsolateId","id":100000100}
---

--- 2026-06-06T10:46:13.235Z debug
[InspectorProxyWorker] RUNTIME INCOMING MESSAGE { id: 100000101, result: { id: 'fe9bd1f89319b256' } }
---

--- 2026-06-06T10:46:13.236Z debug
[InspectorProxyWorker] SEND TO RUNTIME {"method":"Runtime.getIsolateId","id":100000101}
---

--- 2026-06-06T10:46:23.252Z debug
[InspectorProxyWorker] SEND TO RUNTIME {"method":"Runtime.getIsolateId","id":100000102}
---

--- 2026-06-06T10:46:23.254Z debug
[InspectorProxyWorker] RUNTIME INCOMING MESSAGE { id: 100000102, result: { id: 'fe9bd1f89319b256' } }
---

--- 2026-06-06T10:46:33.264Z debug
[InspectorProxyWorker] SEND TO RUNTIME {"method":"Runtime.getIsolateId","id":100000103}
---

--- 2026-06-06T10:46:33.265Z debug
[InspectorProxyWorker] RUNTIME INCOMING MESSAGE { id: 100000103, result: { id: 'fe9bd1f89319b256' } }
---

--- 2026-06-06T10:46:43.270Z debug
[InspectorProxyWorker] SEND TO RUNTIME {"method":"Runtime.getIsolateId","id":100000104}
---

--- 2026-06-06T10:46:43.271Z debug
[InspectorProxyWorker] RUNTIME INCOMING MESSAGE { id: 100000104, result: { id: 'fe9bd1f89319b256' } }
---

--- 2026-06-06T10:46:53.282Z debug
[InspectorProxyWorker] SEND TO RUNTIME {"method":"Runtime.getIsolateId","id":100000105}
---

--- 2026-06-06T10:46:53.283Z debug
[InspectorProxyWorker] RUNTIME INCOMING MESSAGE { id: 100000105, result: { id: 'fe9bd1f89319b256' } }
---

--- 2026-06-06T10:47:03.295Z debug
[InspectorProxyWorker] SEND TO RUNTIME {"method":"Runtime.getIsolateId","id":100000106}
---

--- 2026-06-06T10:47:03.295Z debug
[InspectorProxyWorker] RUNTIME INCOMING MESSAGE { id: 100000106, result: { id: 'fe9bd1f89319b256' } }
---

--- 2026-06-06T10:47:13.302Z debug
[InspectorProxyWorker] RUNTIME INCOMING MESSAGE { id: 100000107, result: { id: 'fe9bd1f89319b256' } }
---

--- 2026-06-06T10:47:13.303Z debug
[InspectorProxyWorker] SEND TO RUNTIME {"method":"Runtime.getIsolateId","id":100000107}
---

--- 2026-06-06T10:47:22.344Z debug
wrangler.jsonc changed...
---

--- 2026-06-06T10:47:22.345Z debug
config file changed C:\Users\david\gerenciador-chamados\src\components\gamificacao\cloudflare-pong-worker\wrangler.jsonc
---

--- 2026-06-06T10:47:22.345Z debug
Updating config... AbortSignal { aborted: false } false
---

--- 2026-06-06T10:47:22.372Z debug
local dev variables file not found at ".dev.vars". Continuing... For more details, refer to https://developers.cloudflare.com/workers/wrangler/system-environment-variables/
---

--- 2026-06-06T10:47:22.372Z debug
.env file not found at "C:\Users\david\gerenciador-chamados\src\components\gamificacao\cloudflare-pong-worker\.env". Continuing... For more details, refer to https://developers.cloudflare.com/workers/wrangler/system-environment-variables/
---

--- 2026-06-06T10:47:22.372Z debug
.env file not found at "C:\Users\david\gerenciador-chamados\src\components\gamificacao\cloudflare-pong-worker\.env.local". Continuing... For more details, refer to https://developers.cloudflare.com/workers/wrangler/system-environment-variables/
---

--- 2026-06-06T10:47:22.375Z log
Your Worker has access to the following bindings:
---

--- 2026-06-06T10:47:22.375Z log
Binding                Resource                Mode
---

--- 2026-06-06T10:47:22.375Z log
env.MATCH_ROOMS        Durable Object          local
  MatchRoom
---

--- 2026-06-06T10:47:22.376Z log
env.ALLOWED_ORIGIN     Environment Variable    local
  "http://localhost:5173"
---

--- 2026-06-06T10:47:22.376Z log
env.ALLOWED_ORIGINS    Environment Variable    local
  "http://localhost:5173,http://127.0.0...."
---

--- 2026-06-06T10:47:22.376Z log

---

--- 2026-06-06T10:47:22.479Z debug
RemoteRuntimeController teardown beginning...
---

--- 2026-06-06T10:47:22.480Z debug
RemoteRuntimeController teardown complete
---

--- 2026-06-06T10:47:22.481Z log
⎔ Reloading local server...
---

--- 2026-06-06T10:47:22.487Z debug
[InspectorProxyWorker] handleProxyControllerIncomingMessage {"type":"reloadStart"}
---

--- 2026-06-06T10:47:22.488Z debug
[InspectorProxyWorker] SEND TO RUNTIME {"method":"Runtime.discardConsoleEntries","id":100000108}
---

--- 2026-06-06T10:47:22.489Z debug
[InspectorProxyWorker] RUNTIME INCOMING MESSAGE { id: 100000108, result: {} }
---

--- 2026-06-06T10:47:22.531Z debug
[InspectorProxyWorker] RUNTIME WEBSOCKET ERROR {
  message: 'internal error; reference = dotai6nkbou3qo040psiai1b',
  name: 'Error',
  stack: 'Error: internal error; reference = dotai6nkbou3qo040psiai1b'
}
---

--- 2026-06-06T10:47:22.532Z debug
[InspectorProxyWorker] 'runtime websocket' error {
  message: 'internal error; reference = dotai6nkbou3qo040psiai1b',
  name: 'Error',
  stack: 'Error: internal error; reference = dotai6nkbou3qo040psiai1b'
}
---

--- 2026-06-06T10:47:22.630Z log
⎔ Local server updated and ready
---

--- 2026-06-06T10:47:22.637Z debug
[InspectorProxyWorker] handleProxyControllerIncomingMessage {"type":"reloadComplete","proxyData":{"userWorkerUrl":{"protocol":"http:","hostname":"127.0.0.1","port":"52881"},"userWorkerInspectorUrl":{"protocol":"ws:","hostname":"127.0.0.1","port":"57989","pathname":"/core:user:arena-pong-worker"},"userWorkerInnerUrlOverrides":{"protocol":"http:"},"headers":{"MF-Proxy-Shared-Secret":"8a5ca2f7-5c02-4b92-8242-77f4eb689c28"},"liveReload":false,"proxyLogsToController":false}}
---

--- 2026-06-06T10:47:22.638Z debug
[InspectorProxyWorker] SEND TO DEVTOOLS {"method":"Runtime.executionContextsCleared"}
---

--- 2026-06-06T10:47:22.640Z debug
[InspectorProxyWorker] reconnectRuntimeWebSocket
---

--- 2026-06-06T10:47:22.641Z debug
[InspectorProxyWorker] NEW RUNTIME WEBSOCKET http://127.0.0.1:57989/core:user:arena-pong-worker
---

--- 2026-06-06T10:47:22.642Z debug
[InspectorProxyWorker] RUNTIME INCOMING MESSAGE {
  method: 'Runtime.executionContextCreated',
  params: {
    context: {
      id: 377586081,
      origin: '',
      name: 'Worker',
      uniqueId: '963518118303606243.5115713533074619872'
    }
  }
}
---

--- 2026-06-06T10:47:22.643Z debug
[InspectorProxyWorker] RUNTIME INCOMING MESSAGE { id: 100000109, result: {} }
---

--- 2026-06-06T10:47:22.643Z debug
[InspectorProxyWorker] RUNTIME INCOMING MESSAGE { id: 100000110, method: 'Network.enable', result: {} }
---

--- 2026-06-06T10:47:22.644Z debug
[InspectorProxyWorker] RUNTIME WEBSOCKET OPENED
---

--- 2026-06-06T10:47:22.644Z debug
[InspectorProxyWorker] SEND TO RUNTIME {"method":"Runtime.enable","id":100000109}
---

--- 2026-06-06T10:47:22.645Z debug
[InspectorProxyWorker] SEND TO RUNTIME {"method":"Network.enable","id":100000110}
---

--- 2026-06-06T10:47:32.649Z debug
[InspectorProxyWorker] RUNTIME INCOMING MESSAGE { id: 100000111, result: { id: '3312cd6607bde743' } }
---

--- 2026-06-06T10:47:32.650Z debug
[InspectorProxyWorker] SEND TO RUNTIME {"method":"Runtime.getIsolateId","id":100000111}
---

--- 2026-06-06T10:47:42.663Z debug
[InspectorProxyWorker] RUNTIME INCOMING MESSAGE { id: 100000112, result: { id: '3312cd6607bde743' } }
---

--- 2026-06-06T10:47:42.664Z debug
[InspectorProxyWorker] SEND TO RUNTIME {"method":"Runtime.getIsolateId","id":100000112}
---

--- 2026-06-06T10:47:52.673Z debug
[InspectorProxyWorker] RUNTIME INCOMING MESSAGE { id: 100000113, result: { id: '3312cd6607bde743' } }
---

--- 2026-06-06T10:47:52.674Z debug
[InspectorProxyWorker] SEND TO RUNTIME {"method":"Runtime.getIsolateId","id":100000113}
---

--- 2026-06-06T10:48:02.685Z debug
[InspectorProxyWorker] SEND TO RUNTIME {"method":"Runtime.getIsolateId","id":100000114}
---

--- 2026-06-06T10:48:02.686Z debug
[InspectorProxyWorker] RUNTIME INCOMING MESSAGE { id: 100000114, result: { id: '3312cd6607bde743' } }
---

--- 2026-06-06T10:48:12.697Z debug
[InspectorProxyWorker] SEND TO RUNTIME {"method":"Runtime.getIsolateId","id":100000115}
---

--- 2026-06-06T10:48:12.698Z debug
[InspectorProxyWorker] RUNTIME INCOMING MESSAGE { id: 100000115, result: { id: '3312cd6607bde743' } }
---

--- 2026-06-06T10:48:22.700Z debug
[InspectorProxyWorker] RUNTIME INCOMING MESSAGE { id: 100000116, result: { id: '3312cd6607bde743' } }
---

--- 2026-06-06T10:48:22.701Z debug
[InspectorProxyWorker] SEND TO RUNTIME {"method":"Runtime.getIsolateId","id":100000116}
---

--- 2026-06-06T10:48:32.713Z debug
[InspectorProxyWorker] RUNTIME INCOMING MESSAGE { id: 100000117, result: { id: '3312cd6607bde743' } }
---

--- 2026-06-06T10:48:32.714Z debug
[InspectorProxyWorker] SEND TO RUNTIME {"method":"Runtime.getIsolateId","id":100000117}
---

--- 2026-06-06T10:48:42.719Z debug
[InspectorProxyWorker] SEND TO RUNTIME {"method":"Runtime.getIsolateId","id":100000118}
---

--- 2026-06-06T10:48:42.720Z debug
[InspectorProxyWorker] RUNTIME INCOMING MESSAGE { id: 100000118, result: { id: '3312cd6607bde743' } }
---

--- 2026-06-06T10:48:52.720Z debug
[InspectorProxyWorker] SEND TO RUNTIME {"method":"Runtime.getIsolateId","id":100000119}
---

--- 2026-06-06T10:48:52.721Z debug
[InspectorProxyWorker] RUNTIME INCOMING MESSAGE { id: 100000119, result: { id: '3312cd6607bde743' } }
---

--- 2026-06-06T10:49:02.727Z debug
[InspectorProxyWorker] SEND TO RUNTIME {"method":"Runtime.getIsolateId","id":100000120}
---

--- 2026-06-06T10:49:02.728Z debug
[InspectorProxyWorker] RUNTIME INCOMING MESSAGE { id: 100000120, result: { id: '3312cd6607bde743' } }
---

--- 2026-06-06T10:49:12.733Z debug
[InspectorProxyWorker] SEND TO RUNTIME {"method":"Runtime.getIsolateId","id":100000121}
---

--- 2026-06-06T10:49:12.734Z debug
[InspectorProxyWorker] RUNTIME INCOMING MESSAGE { id: 100000121, result: { id: '3312cd6607bde743' } }
---

--- 2026-06-06T10:49:22.748Z debug
[InspectorProxyWorker] SEND TO RUNTIME {"method":"Runtime.getIsolateId","id":100000122}
---

--- 2026-06-06T10:49:22.749Z debug
[InspectorProxyWorker] RUNTIME INCOMING MESSAGE { id: 100000122, result: { id: '3312cd6607bde743' } }
---

--- 2026-06-06T10:49:32.748Z debug
[InspectorProxyWorker] SEND TO RUNTIME {"method":"Runtime.getIsolateId","id":100000123}
---

--- 2026-06-06T10:49:32.749Z debug
[InspectorProxyWorker] RUNTIME INCOMING MESSAGE { id: 100000123, result: { id: '3312cd6607bde743' } }
---

--- 2026-06-06T10:49:42.760Z debug
[InspectorProxyWorker] SEND TO RUNTIME {"method":"Runtime.getIsolateId","id":100000124}
---

--- 2026-06-06T10:49:42.761Z debug
[InspectorProxyWorker] RUNTIME INCOMING MESSAGE { id: 100000124, result: { id: '3312cd6607bde743' } }
---

--- 2026-06-06T10:49:52.770Z debug
[InspectorProxyWorker] SEND TO RUNTIME {"method":"Runtime.getIsolateId","id":100000125}
---

--- 2026-06-06T10:49:52.771Z debug
[InspectorProxyWorker] RUNTIME INCOMING MESSAGE { id: 100000125, result: { id: '3312cd6607bde743' } }
---

--- 2026-06-06T10:50:02.785Z debug
[InspectorProxyWorker] RUNTIME INCOMING MESSAGE { id: 100000126, result: { id: '3312cd6607bde743' } }
---

--- 2026-06-06T10:50:02.785Z debug
[InspectorProxyWorker] SEND TO RUNTIME {"method":"Runtime.getIsolateId","id":100000126}
---

--- 2026-06-06T10:50:12.793Z debug
[InspectorProxyWorker] RUNTIME INCOMING MESSAGE { id: 100000127, result: { id: '3312cd6607bde743' } }
---

--- 2026-06-06T10:50:12.793Z debug
[InspectorProxyWorker] SEND TO RUNTIME {"method":"Runtime.getIsolateId","id":100000127}
---

--- 2026-06-06T10:50:22.796Z debug
[InspectorProxyWorker] SEND TO RUNTIME {"method":"Runtime.getIsolateId","id":100000128}
---

--- 2026-06-06T10:50:22.797Z debug
[InspectorProxyWorker] RUNTIME INCOMING MESSAGE { id: 100000128, result: { id: '3312cd6607bde743' } }
---

--- 2026-06-06T10:50:32.800Z debug
[InspectorProxyWorker] SEND TO RUNTIME {"method":"Runtime.getIsolateId","id":100000129}
---

--- 2026-06-06T10:50:32.801Z debug
[InspectorProxyWorker] RUNTIME INCOMING MESSAGE { id: 100000129, result: { id: '3312cd6607bde743' } }
---

--- 2026-06-06T10:50:42.813Z debug
[InspectorProxyWorker] SEND TO RUNTIME {"method":"Runtime.getIsolateId","id":100000130}
---

--- 2026-06-06T10:50:42.813Z debug
[InspectorProxyWorker] RUNTIME INCOMING MESSAGE { id: 100000130, result: { id: '3312cd6607bde743' } }
---

--- 2026-06-06T10:50:52.817Z debug
[InspectorProxyWorker] SEND TO RUNTIME {"method":"Runtime.getIsolateId","id":100000131}
---

--- 2026-06-06T10:50:52.818Z debug
[InspectorProxyWorker] RUNTIME INCOMING MESSAGE { id: 100000131, result: { id: '3312cd6607bde743' } }
---

--- 2026-06-06T10:51:02.823Z debug
[InspectorProxyWorker] SEND TO RUNTIME {"method":"Runtime.getIsolateId","id":100000132}
---

--- 2026-06-06T10:51:02.826Z debug
[InspectorProxyWorker] RUNTIME INCOMING MESSAGE { id: 100000132, result: { id: '3312cd6607bde743' } }
---

--- 2026-06-06T10:51:12.826Z debug
[InspectorProxyWorker] RUNTIME INCOMING MESSAGE { id: 100000133, result: { id: '3312cd6607bde743' } }
---

--- 2026-06-06T10:51:12.829Z debug
[InspectorProxyWorker] SEND TO RUNTIME {"method":"Runtime.getIsolateId","id":100000133}
---

--- 2026-06-06T10:51:22.834Z debug
[InspectorProxyWorker] SEND TO RUNTIME {"method":"Runtime.getIsolateId","id":100000134}
---

--- 2026-06-06T10:51:22.834Z debug
[InspectorProxyWorker] RUNTIME INCOMING MESSAGE { id: 100000134, result: { id: '3312cd6607bde743' } }
---

--- 2026-06-06T10:51:32.840Z debug
[InspectorProxyWorker] RUNTIME INCOMING MESSAGE { id: 100000135, result: { id: '3312cd6607bde743' } }
---

--- 2026-06-06T10:51:32.842Z debug
[InspectorProxyWorker] SEND TO RUNTIME {"method":"Runtime.getIsolateId","id":100000135}
---

--- 2026-06-06T10:51:42.855Z debug
[InspectorProxyWorker] RUNTIME INCOMING MESSAGE { id: 100000136, result: { id: '3312cd6607bde743' } }
---

--- 2026-06-06T10:51:42.857Z debug
[InspectorProxyWorker] SEND TO RUNTIME {"method":"Runtime.getIsolateId","id":100000136}
---

--- 2026-06-06T10:51:52.853Z debug
[InspectorProxyWorker] SEND TO RUNTIME {"method":"Runtime.getIsolateId","id":100000137}
---

--- 2026-06-06T10:51:52.854Z debug
[InspectorProxyWorker] RUNTIME INCOMING MESSAGE { id: 100000137, result: { id: '3312cd6607bde743' } }
---

--- 2026-06-06T10:52:02.866Z debug
[InspectorProxyWorker] SEND TO RUNTIME {"method":"Runtime.getIsolateId","id":100000138}
---

--- 2026-06-06T10:52:02.867Z debug
[InspectorProxyWorker] RUNTIME INCOMING MESSAGE { id: 100000138, result: { id: '3312cd6607bde743' } }
---

--- 2026-06-06T10:52:12.870Z debug
[InspectorProxyWorker] SEND TO RUNTIME {"method":"Runtime.getIsolateId","id":100000139}
---

--- 2026-06-06T10:52:12.871Z debug
[InspectorProxyWorker] RUNTIME INCOMING MESSAGE { id: 100000139, result: { id: '3312cd6607bde743' } }
---

--- 2026-06-06T10:52:22.884Z debug
[InspectorProxyWorker] SEND TO RUNTIME {"method":"Runtime.getIsolateId","id":100000140}
---

--- 2026-06-06T10:52:22.885Z debug
[InspectorProxyWorker] RUNTIME INCOMING MESSAGE { id: 100000140, result: { id: '3312cd6607bde743' } }
---

--- 2026-06-06T10:52:32.888Z debug
[InspectorProxyWorker] RUNTIME INCOMING MESSAGE { id: 100000141, result: { id: '3312cd6607bde743' } }
---

--- 2026-06-06T10:52:32.888Z debug
[InspectorProxyWorker] SEND TO RUNTIME {"method":"Runtime.getIsolateId","id":100000141}
---

--- 2026-06-06T10:52:42.893Z debug
[InspectorProxyWorker] SEND TO RUNTIME {"method":"Runtime.getIsolateId","id":100000142}
---

--- 2026-06-06T10:52:42.896Z debug
[InspectorProxyWorker] RUNTIME INCOMING MESSAGE { id: 100000142, result: { id: '3312cd6607bde743' } }
---

--- 2026-06-06T10:52:52.905Z debug
[InspectorProxyWorker] RUNTIME INCOMING MESSAGE { id: 100000143, result: { id: '3312cd6607bde743' } }
---

--- 2026-06-06T10:52:52.907Z debug
[InspectorProxyWorker] SEND TO RUNTIME {"method":"Runtime.getIsolateId","id":100000143}
---

--- 2026-06-06T10:53:02.906Z debug
[InspectorProxyWorker] SEND TO RUNTIME {"method":"Runtime.getIsolateId","id":100000144}
---

--- 2026-06-06T10:53:02.906Z debug
[InspectorProxyWorker] RUNTIME INCOMING MESSAGE { id: 100000144, result: { id: '3312cd6607bde743' } }
---

--- 2026-06-06T10:53:12.906Z debug
[InspectorProxyWorker] SEND TO RUNTIME {"method":"Runtime.getIsolateId","id":100000145}
---

--- 2026-06-06T10:53:12.907Z debug
[InspectorProxyWorker] RUNTIME INCOMING MESSAGE { id: 100000145, result: { id: '3312cd6607bde743' } }
---

--- 2026-06-06T10:53:22.920Z debug
[InspectorProxyWorker] RUNTIME INCOMING MESSAGE { id: 100000146, result: { id: '3312cd6607bde743' } }
---

--- 2026-06-06T10:53:22.920Z debug
[InspectorProxyWorker] SEND TO RUNTIME {"method":"Runtime.getIsolateId","id":100000146}
---

--- 2026-06-06T10:53:32.928Z debug
[InspectorProxyWorker] RUNTIME INCOMING MESSAGE { id: 100000147, result: { id: '3312cd6607bde743' } }
---

--- 2026-06-06T10:53:32.930Z debug
[InspectorProxyWorker] SEND TO RUNTIME {"method":"Runtime.getIsolateId","id":100000147}
---

--- 2026-06-06T10:53:42.933Z debug
[InspectorProxyWorker] RUNTIME INCOMING MESSAGE { id: 100000148, result: { id: '3312cd6607bde743' } }
---

--- 2026-06-06T10:53:42.934Z debug
[InspectorProxyWorker] SEND TO RUNTIME {"method":"Runtime.getIsolateId","id":100000148}
---

--- 2026-06-06T10:53:52.940Z debug
[InspectorProxyWorker] SEND TO RUNTIME {"method":"Runtime.getIsolateId","id":100000149}
---

--- 2026-06-06T10:53:52.941Z debug
[InspectorProxyWorker] RUNTIME INCOMING MESSAGE { id: 100000149, result: { id: '3312cd6607bde743' } }
---

--- 2026-06-06T10:54:02.953Z debug
[InspectorProxyWorker] RUNTIME INCOMING MESSAGE { id: 100000150, result: { id: '3312cd6607bde743' } }
---

--- 2026-06-06T10:54:02.954Z debug
[InspectorProxyWorker] SEND TO RUNTIME {"method":"Runtime.getIsolateId","id":100000150}
---

--- 2026-06-06T10:54:12.971Z debug
[InspectorProxyWorker] SEND TO RUNTIME {"method":"Runtime.getIsolateId","id":100000151}
---

--- 2026-06-06T10:54:12.973Z debug
[InspectorProxyWorker] RUNTIME INCOMING MESSAGE { id: 100000151, result: { id: '3312cd6607bde743' } }
---

--- 2026-06-06T10:54:22.970Z debug
[InspectorProxyWorker] RUNTIME INCOMING MESSAGE { id: 100000152, result: { id: '3312cd6607bde743' } }
---

--- 2026-06-06T10:54:22.971Z debug
[InspectorProxyWorker] SEND TO RUNTIME {"method":"Runtime.getIsolateId","id":100000152}
---

--- 2026-06-06T10:54:32.986Z debug
[InspectorProxyWorker] RUNTIME INCOMING MESSAGE { id: 100000153, result: { id: '3312cd6607bde743' } }
---

--- 2026-06-06T10:54:32.986Z debug
[InspectorProxyWorker] SEND TO RUNTIME {"method":"Runtime.getIsolateId","id":100000153}
---

--- 2026-06-06T10:54:43.001Z debug
[InspectorProxyWorker] SEND TO RUNTIME {"method":"Runtime.getIsolateId","id":100000154}
---

--- 2026-06-06T10:54:43.003Z debug
[InspectorProxyWorker] RUNTIME INCOMING MESSAGE { id: 100000154, result: { id: '3312cd6607bde743' } }
---

--- 2026-06-06T10:54:53.004Z debug
[InspectorProxyWorker] RUNTIME INCOMING MESSAGE { id: 100000155, result: { id: '3312cd6607bde743' } }
---

--- 2026-06-06T10:54:53.005Z debug
[InspectorProxyWorker] SEND TO RUNTIME {"method":"Runtime.getIsolateId","id":100000155}
---

--- 2026-06-06T10:55:03.005Z debug
[InspectorProxyWorker] SEND TO RUNTIME {"method":"Runtime.getIsolateId","id":100000156}
---

--- 2026-06-06T10:55:03.006Z debug
[InspectorProxyWorker] RUNTIME INCOMING MESSAGE { id: 100000156, result: { id: '3312cd6607bde743' } }
---

--- 2026-06-06T10:55:13.021Z debug
[InspectorProxyWorker] SEND TO RUNTIME {"method":"Runtime.getIsolateId","id":100000157}
---

--- 2026-06-06T10:55:13.022Z debug
[InspectorProxyWorker] RUNTIME INCOMING MESSAGE { id: 100000157, result: { id: '3312cd6607bde743' } }
---

--- 2026-06-06T10:55:23.037Z debug
[InspectorProxyWorker] SEND TO RUNTIME {"method":"Runtime.getIsolateId","id":100000158}
---

--- 2026-06-06T10:55:23.038Z debug
[InspectorProxyWorker] RUNTIME INCOMING MESSAGE { id: 100000158, result: { id: '3312cd6607bde743' } }
---

--- 2026-06-06T10:55:33.038Z debug
[InspectorProxyWorker] RUNTIME INCOMING MESSAGE { id: 100000159, result: { id: '3312cd6607bde743' } }
---

--- 2026-06-06T10:55:33.039Z debug
[InspectorProxyWorker] SEND TO RUNTIME {"method":"Runtime.getIsolateId","id":100000159}
---

--- 2026-06-06T10:55:43.040Z debug
[InspectorProxyWorker] SEND TO RUNTIME {"method":"Runtime.getIsolateId","id":100000160}
---

--- 2026-06-06T10:55:43.040Z debug
[InspectorProxyWorker] RUNTIME INCOMING MESSAGE { id: 100000160, result: { id: '3312cd6607bde743' } }
---

--- 2026-06-06T10:55:53.057Z debug
[InspectorProxyWorker] SEND TO RUNTIME {"method":"Runtime.getIsolateId","id":100000161}
---

--- 2026-06-06T10:55:53.060Z debug
[InspectorProxyWorker] RUNTIME INCOMING MESSAGE { id: 100000161, result: { id: '3312cd6607bde743' } }
---

--- 2026-06-06T10:56:03.063Z debug
[InspectorProxyWorker] SEND TO RUNTIME {"method":"Runtime.getIsolateId","id":100000162}
---

--- 2026-06-06T10:56:03.065Z debug
[InspectorProxyWorker] RUNTIME INCOMING MESSAGE { id: 100000162, result: { id: '3312cd6607bde743' } }
---

--- 2026-06-06T10:56:13.073Z debug
[InspectorProxyWorker] SEND TO RUNTIME {"method":"Runtime.getIsolateId","id":100000163}
---

--- 2026-06-06T10:56:13.074Z debug
[InspectorProxyWorker] RUNTIME INCOMING MESSAGE { id: 100000163, result: { id: '3312cd6607bde743' } }
---

--- 2026-06-06T10:56:23.082Z debug
[InspectorProxyWorker] RUNTIME INCOMING MESSAGE { id: 100000164, result: { id: '3312cd6607bde743' } }
---

--- 2026-06-06T10:56:23.082Z debug
[InspectorProxyWorker] SEND TO RUNTIME {"method":"Runtime.getIsolateId","id":100000164}
---

--- 2026-06-06T10:56:33.091Z debug
[InspectorProxyWorker] RUNTIME INCOMING MESSAGE { id: 100000165, result: { id: '3312cd6607bde743' } }
---

--- 2026-06-06T10:56:33.091Z debug
[InspectorProxyWorker] SEND TO RUNTIME {"method":"Runtime.getIsolateId","id":100000165}
---

--- 2026-06-06T10:56:43.096Z debug
[InspectorProxyWorker] SEND TO RUNTIME {"method":"Runtime.getIsolateId","id":100000166}
---

--- 2026-06-06T10:56:43.097Z debug
[InspectorProxyWorker] RUNTIME INCOMING MESSAGE { id: 100000166, result: { id: '3312cd6607bde743' } }
---

--- 2026-06-06T10:56:53.106Z debug
[InspectorProxyWorker] SEND TO RUNTIME {"method":"Runtime.getIsolateId","id":100000167}
---

--- 2026-06-06T10:56:53.107Z debug
[InspectorProxyWorker] RUNTIME INCOMING MESSAGE { id: 100000167, result: { id: '3312cd6607bde743' } }
---

--- 2026-06-06T10:57:03.106Z debug
[InspectorProxyWorker] SEND TO RUNTIME {"method":"Runtime.getIsolateId","id":100000168}
---

--- 2026-06-06T10:57:03.107Z debug
[InspectorProxyWorker] RUNTIME INCOMING MESSAGE { id: 100000168, result: { id: '3312cd6607bde743' } }
---

--- 2026-06-06T10:57:13.107Z debug
[InspectorProxyWorker] RUNTIME INCOMING MESSAGE { id: 100000169, result: { id: '3312cd6607bde743' } }
---

--- 2026-06-06T10:57:13.107Z debug
[InspectorProxyWorker] SEND TO RUNTIME {"method":"Runtime.getIsolateId","id":100000169}
---

--- 2026-06-06T10:57:23.107Z debug
[InspectorProxyWorker] RUNTIME INCOMING MESSAGE { id: 100000170, result: { id: '3312cd6607bde743' } }
---

--- 2026-06-06T10:57:23.108Z debug
[InspectorProxyWorker] SEND TO RUNTIME {"method":"Runtime.getIsolateId","id":100000170}
---

--- 2026-06-06T10:57:33.108Z debug
[InspectorProxyWorker] RUNTIME INCOMING MESSAGE { id: 100000171, result: { id: '3312cd6607bde743' } }
---

--- 2026-06-06T10:57:33.109Z debug
[InspectorProxyWorker] SEND TO RUNTIME {"method":"Runtime.getIsolateId","id":100000171}
---

--- 2026-06-06T10:57:43.121Z debug
[InspectorProxyWorker] SEND TO RUNTIME {"method":"Runtime.getIsolateId","id":100000172}
---

--- 2026-06-06T10:57:43.121Z debug
[InspectorProxyWorker] RUNTIME INCOMING MESSAGE { id: 100000172, result: { id: '3312cd6607bde743' } }
---

--- 2026-06-06T10:57:53.124Z debug
[InspectorProxyWorker] SEND TO RUNTIME {"method":"Runtime.getIsolateId","id":100000173}
---

--- 2026-06-06T10:57:53.124Z debug
[InspectorProxyWorker] RUNTIME INCOMING MESSAGE { id: 100000173, result: { id: '3312cd6607bde743' } }
---

--- 2026-06-06T10:58:03.126Z debug
[InspectorProxyWorker] SEND TO RUNTIME {"method":"Runtime.getIsolateId","id":100000174}
---

--- 2026-06-06T10:58:03.127Z debug
[InspectorProxyWorker] RUNTIME INCOMING MESSAGE { id: 100000174, result: { id: '3312cd6607bde743' } }
---

--- 2026-06-06T10:58:13.140Z debug
[InspectorProxyWorker] SEND TO RUNTIME {"method":"Runtime.getIsolateId","id":100000175}
---

--- 2026-06-06T10:58:13.140Z debug
[InspectorProxyWorker] RUNTIME INCOMING MESSAGE { id: 100000175, result: { id: '3312cd6607bde743' } }
---

--- 2026-06-06T10:58:23.143Z debug
[InspectorProxyWorker] SEND TO RUNTIME {"method":"Runtime.getIsolateId","id":100000176}
---

--- 2026-06-06T10:58:23.144Z debug
[InspectorProxyWorker] RUNTIME INCOMING MESSAGE { id: 100000176, result: { id: '3312cd6607bde743' } }
---

--- 2026-06-06T10:58:33.157Z debug
[InspectorProxyWorker] SEND TO RUNTIME {"method":"Runtime.getIsolateId","id":100000177}
---

--- 2026-06-06T10:58:33.158Z debug
[InspectorProxyWorker] RUNTIME INCOMING MESSAGE { id: 100000177, result: { id: '3312cd6607bde743' } }
---

--- 2026-06-06T10:58:43.159Z debug
[InspectorProxyWorker] SEND TO RUNTIME {"method":"Runtime.getIsolateId","id":100000178}
---

--- 2026-06-06T10:58:43.160Z debug
[InspectorProxyWorker] RUNTIME INCOMING MESSAGE { id: 100000178, result: { id: '3312cd6607bde743' } }
---

--- 2026-06-06T10:58:53.173Z debug
[InspectorProxyWorker] SEND TO RUNTIME {"method":"Runtime.getIsolateId","id":100000179}
---

--- 2026-06-06T10:58:53.174Z debug
[InspectorProxyWorker] RUNTIME INCOMING MESSAGE { id: 100000179, result: { id: '3312cd6607bde743' } }
---

--- 2026-06-06T10:59:03.188Z debug
[InspectorProxyWorker] SEND TO RUNTIME {"method":"Runtime.getIsolateId","id":100000180}
---

--- 2026-06-06T10:59:03.188Z debug
[InspectorProxyWorker] RUNTIME INCOMING MESSAGE { id: 100000180, result: { id: '3312cd6607bde743' } }
---

--- 2026-06-06T10:59:13.191Z debug
[InspectorProxyWorker] RUNTIME INCOMING MESSAGE { id: 100000181, result: { id: '3312cd6607bde743' } }
---

--- 2026-06-06T10:59:13.191Z debug
[InspectorProxyWorker] SEND TO RUNTIME {"method":"Runtime.getIsolateId","id":100000181}
---

--- 2026-06-06T10:59:23.207Z debug
[InspectorProxyWorker] SEND TO RUNTIME {"method":"Runtime.getIsolateId","id":100000182}
---

--- 2026-06-06T10:59:23.208Z debug
[InspectorProxyWorker] RUNTIME INCOMING MESSAGE { id: 100000182, result: { id: '3312cd6607bde743' } }
---

--- 2026-06-06T10:59:33.207Z debug
[InspectorProxyWorker] SEND TO RUNTIME {"method":"Runtime.getIsolateId","id":100000183}
---

--- 2026-06-06T10:59:33.208Z debug
[InspectorProxyWorker] RUNTIME INCOMING MESSAGE { id: 100000183, result: { id: '3312cd6607bde743' } }
---

--- 2026-06-06T10:59:43.208Z debug
[InspectorProxyWorker] SEND TO RUNTIME {"method":"Runtime.getIsolateId","id":100000184}
---

--- 2026-06-06T10:59:43.209Z debug
[InspectorProxyWorker] RUNTIME INCOMING MESSAGE { id: 100000184, result: { id: '3312cd6607bde743' } }
---

--- 2026-06-06T10:59:53.209Z debug
[InspectorProxyWorker] RUNTIME INCOMING MESSAGE { id: 100000185, result: { id: '3312cd6607bde743' } }
---

--- 2026-06-06T10:59:53.210Z debug
[InspectorProxyWorker] SEND TO RUNTIME {"method":"Runtime.getIsolateId","id":100000185}
---

--- 2026-06-06T11:00:03.210Z debug
[InspectorProxyWorker] SEND TO RUNTIME {"method":"Runtime.getIsolateId","id":100000186}
---

--- 2026-06-06T11:00:03.211Z debug
[InspectorProxyWorker] RUNTIME INCOMING MESSAGE { id: 100000186, result: { id: '3312cd6607bde743' } }
---

--- 2026-06-06T11:00:13.210Z debug
[InspectorProxyWorker] RUNTIME INCOMING MESSAGE { id: 100000187, result: { id: '3312cd6607bde743' } }
---

--- 2026-06-06T11:00:13.211Z debug
[InspectorProxyWorker] SEND TO RUNTIME {"method":"Runtime.getIsolateId","id":100000187}
---

--- 2026-06-06T11:00:23.215Z debug
[InspectorProxyWorker] SEND TO RUNTIME {"method":"Runtime.getIsolateId","id":100000188}
---

--- 2026-06-06T11:00:23.217Z debug
[InspectorProxyWorker] RUNTIME INCOMING MESSAGE { id: 100000188, result: { id: '3312cd6607bde743' } }
---

--- 2026-06-06T11:00:33.225Z debug
[InspectorProxyWorker] SEND TO RUNTIME {"method":"Runtime.getIsolateId","id":100000189}
---

--- 2026-06-06T11:00:33.226Z debug
[InspectorProxyWorker] RUNTIME INCOMING MESSAGE { id: 100000189, result: { id: '3312cd6607bde743' } }
---

--- 2026-06-06T11:00:43.227Z debug
[InspectorProxyWorker] SEND TO RUNTIME {"method":"Runtime.getIsolateId","id":100000190}
---

--- 2026-06-06T11:00:43.227Z debug
[InspectorProxyWorker] RUNTIME INCOMING MESSAGE { id: 100000190, result: { id: '3312cd6607bde743' } }
---

--- 2026-06-06T11:00:53.232Z debug
[InspectorProxyWorker] SEND TO RUNTIME {"method":"Runtime.getIsolateId","id":100000191}
---

--- 2026-06-06T11:00:53.234Z debug
[InspectorProxyWorker] RUNTIME INCOMING MESSAGE { id: 100000191, result: { id: '3312cd6607bde743' } }
---

--- 2026-06-06T11:01:03.243Z debug
[InspectorProxyWorker] SEND TO RUNTIME {"method":"Runtime.getIsolateId","id":100000192}
---

--- 2026-06-06T11:01:03.243Z debug
[InspectorProxyWorker] RUNTIME INCOMING MESSAGE { id: 100000192, result: { id: '3312cd6607bde743' } }
---

--- 2026-06-06T11:01:13.244Z debug
[InspectorProxyWorker] RUNTIME INCOMING MESSAGE { id: 100000193, result: { id: '3312cd6607bde743' } }
---

--- 2026-06-06T11:01:13.244Z debug
[InspectorProxyWorker] SEND TO RUNTIME {"method":"Runtime.getIsolateId","id":100000193}
---

--- 2026-06-06T11:01:23.259Z debug
[InspectorProxyWorker] SEND TO RUNTIME {"method":"Runtime.getIsolateId","id":100000194}
---

--- 2026-06-06T11:01:23.260Z debug
[InspectorProxyWorker] RUNTIME INCOMING MESSAGE { id: 100000194, result: { id: '3312cd6607bde743' } }
---

--- 2026-06-06T11:01:33.265Z debug
[InspectorProxyWorker] SEND TO RUNTIME {"method":"Runtime.getIsolateId","id":100000195}
---

--- 2026-06-06T11:01:33.267Z debug
[InspectorProxyWorker] RUNTIME INCOMING MESSAGE { id: 100000195, result: { id: '3312cd6607bde743' } }
---

--- 2026-06-06T11:01:43.261Z debug
[InspectorProxyWorker] RUNTIME INCOMING MESSAGE { id: 100000196, result: { id: '3312cd6607bde743' } }
---

--- 2026-06-06T11:01:43.261Z debug
[InspectorProxyWorker] SEND TO RUNTIME {"method":"Runtime.getIsolateId","id":100000196}
---

--- 2026-06-06T11:01:53.277Z debug
[InspectorProxyWorker] RUNTIME INCOMING MESSAGE { id: 100000197, result: { id: '3312cd6607bde743' } }
---

--- 2026-06-06T11:01:53.277Z debug
[InspectorProxyWorker] SEND TO RUNTIME {"method":"Runtime.getIsolateId","id":100000197}
---

--- 2026-06-06T11:02:03.277Z debug
[InspectorProxyWorker] SEND TO RUNTIME {"method":"Runtime.getIsolateId","id":100000198}
---

--- 2026-06-06T11:02:03.278Z debug
[InspectorProxyWorker] RUNTIME INCOMING MESSAGE { id: 100000198, result: { id: '3312cd6607bde743' } }
---

--- 2026-06-06T11:02:13.277Z debug
[InspectorProxyWorker] SEND TO RUNTIME {"method":"Runtime.getIsolateId","id":100000199}
---

--- 2026-06-06T11:02:13.278Z debug
[InspectorProxyWorker] RUNTIME INCOMING MESSAGE { id: 100000199, result: { id: '3312cd6607bde743' } }
---

--- 2026-06-06T11:02:23.278Z debug
[InspectorProxyWorker] SEND TO RUNTIME {"method":"Runtime.getIsolateId","id":100000200}
---

--- 2026-06-06T11:02:23.279Z debug
[InspectorProxyWorker] RUNTIME INCOMING MESSAGE { id: 100000200, result: { id: '3312cd6607bde743' } }
---

--- 2026-06-06T11:02:33.292Z debug
[InspectorProxyWorker] SEND TO RUNTIME {"method":"Runtime.getIsolateId","id":100000201}
---

--- 2026-06-06T11:02:33.292Z debug
[InspectorProxyWorker] RUNTIME INCOMING MESSAGE { id: 100000201, result: { id: '3312cd6607bde743' } }
---

--- 2026-06-06T11:02:43.306Z debug
[InspectorProxyWorker] SEND TO RUNTIME {"method":"Runtime.getIsolateId","id":100000202}
---

--- 2026-06-06T11:02:43.306Z debug
[InspectorProxyWorker] RUNTIME INCOMING MESSAGE { id: 100000202, result: { id: '3312cd6607bde743' } }
---

--- 2026-06-06T11:02:53.307Z debug
[InspectorProxyWorker] SEND TO RUNTIME {"method":"Runtime.getIsolateId","id":100000203}
---

--- 2026-06-06T11:02:53.308Z debug
[InspectorProxyWorker] RUNTIME INCOMING MESSAGE { id: 100000203, result: { id: '3312cd6607bde743' } }
---

--- 2026-06-06T11:03:03.311Z debug
[InspectorProxyWorker] RUNTIME INCOMING MESSAGE { id: 100000204, result: { id: '3312cd6607bde743' } }
---

--- 2026-06-06T11:03:03.311Z debug
[InspectorProxyWorker] SEND TO RUNTIME {"method":"Runtime.getIsolateId","id":100000204}
---

--- 2026-06-06T11:03:13.316Z debug
[InspectorProxyWorker] SEND TO RUNTIME {"method":"Runtime.getIsolateId","id":100000205}
---

--- 2026-06-06T11:03:13.319Z debug
[InspectorProxyWorker] RUNTIME INCOMING MESSAGE { id: 100000205, result: { id: '3312cd6607bde743' } }
---

--- 2026-06-06T11:03:23.331Z debug
[InspectorProxyWorker] SEND TO RUNTIME {"method":"Runtime.getIsolateId","id":100000206}
---

--- 2026-06-06T11:03:23.334Z debug
[InspectorProxyWorker] RUNTIME INCOMING MESSAGE { id: 100000206, result: { id: '3312cd6607bde743' } }
---

--- 2026-06-06T11:03:33.343Z debug
[InspectorProxyWorker] SEND TO RUNTIME {"method":"Runtime.getIsolateId","id":100000207}
---

--- 2026-06-06T11:03:33.344Z debug
[InspectorProxyWorker] RUNTIME INCOMING MESSAGE { id: 100000207, result: { id: '3312cd6607bde743' } }
---

--- 2026-06-06T11:03:43.342Z debug
[InspectorProxyWorker] SEND TO RUNTIME {"method":"Runtime.getIsolateId","id":100000208}
---

--- 2026-06-06T11:03:43.343Z debug
[InspectorProxyWorker] RUNTIME INCOMING MESSAGE { id: 100000208, result: { id: '3312cd6607bde743' } }
---

--- 2026-06-06T11:03:53.343Z debug
[InspectorProxyWorker] RUNTIME INCOMING MESSAGE { id: 100000209, result: { id: '3312cd6607bde743' } }
---

--- 2026-06-06T11:03:53.344Z debug
[InspectorProxyWorker] SEND TO RUNTIME {"method":"Runtime.getIsolateId","id":100000209}
---

--- 2026-06-06T11:04:03.359Z debug
[InspectorProxyWorker] RUNTIME INCOMING MESSAGE { id: 100000210, result: { id: '3312cd6607bde743' } }
---

--- 2026-06-06T11:04:03.359Z debug
[InspectorProxyWorker] SEND TO RUNTIME {"method":"Runtime.getIsolateId","id":100000210}
---

--- 2026-06-06T11:04:13.361Z debug
[InspectorProxyWorker] RUNTIME INCOMING MESSAGE { id: 100000211, result: { id: '3312cd6607bde743' } }
---

--- 2026-06-06T11:04:13.362Z debug
[InspectorProxyWorker] SEND TO RUNTIME {"method":"Runtime.getIsolateId","id":100000211}
---

--- 2026-06-06T11:04:23.374Z debug
[InspectorProxyWorker] SEND TO RUNTIME {"method":"Runtime.getIsolateId","id":100000212}
---

--- 2026-06-06T11:04:23.375Z debug
[InspectorProxyWorker] RUNTIME INCOMING MESSAGE { id: 100000212, result: { id: '3312cd6607bde743' } }
---

--- 2026-06-06T11:04:33.377Z debug
[InspectorProxyWorker] SEND TO RUNTIME {"method":"Runtime.getIsolateId","id":100000213}
---

--- 2026-06-06T11:04:33.377Z debug
[InspectorProxyWorker] RUNTIME INCOMING MESSAGE { id: 100000213, result: { id: '3312cd6607bde743' } }
---

--- 2026-06-06T11:04:43.379Z debug
[InspectorProxyWorker] RUNTIME INCOMING MESSAGE { id: 100000214, result: { id: '3312cd6607bde743' } }
---

--- 2026-06-06T11:04:43.380Z debug
[InspectorProxyWorker] SEND TO RUNTIME {"method":"Runtime.getIsolateId","id":100000214}
---

--- 2026-06-06T11:04:53.392Z debug
[InspectorProxyWorker] SEND TO RUNTIME {"method":"Runtime.getIsolateId","id":100000215}
---

--- 2026-06-06T11:04:53.393Z debug
[InspectorProxyWorker] RUNTIME INCOMING MESSAGE { id: 100000215, result: { id: '3312cd6607bde743' } }
---

--- 2026-06-06T11:05:03.401Z debug
[InspectorProxyWorker] RUNTIME INCOMING MESSAGE { id: 100000216, result: { id: '3312cd6607bde743' } }
---

--- 2026-06-06T11:05:03.402Z debug
[InspectorProxyWorker] SEND TO RUNTIME {"method":"Runtime.getIsolateId","id":100000216}
---

--- 2026-06-06T11:05:13.411Z debug
[InspectorProxyWorker] RUNTIME INCOMING MESSAGE { id: 100000217, result: { id: '3312cd6607bde743' } }
---

--- 2026-06-06T11:05:13.412Z debug
[InspectorProxyWorker] SEND TO RUNTIME {"method":"Runtime.getIsolateId","id":100000217}
---

--- 2026-06-06T11:05:23.417Z debug
[InspectorProxyWorker] SEND TO RUNTIME {"method":"Runtime.getIsolateId","id":100000218}
---

--- 2026-06-06T11:05:23.419Z debug
[InspectorProxyWorker] RUNTIME INCOMING MESSAGE { id: 100000218, result: { id: '3312cd6607bde743' } }
---

--- 2026-06-06T11:05:33.427Z debug
[InspectorProxyWorker] SEND TO RUNTIME {"method":"Runtime.getIsolateId","id":100000219}
---

--- 2026-06-06T11:05:33.429Z debug
[InspectorProxyWorker] RUNTIME INCOMING MESSAGE { id: 100000219, result: { id: '3312cd6607bde743' } }
---

--- 2026-06-06T11:05:43.428Z debug
[InspectorProxyWorker] SEND TO RUNTIME {"method":"Runtime.getIsolateId","id":100000220}
---

--- 2026-06-06T11:05:43.429Z debug
[InspectorProxyWorker] RUNTIME INCOMING MESSAGE { id: 100000220, result: { id: '3312cd6607bde743' } }
---

--- 2026-06-06T11:05:53.445Z debug
[InspectorProxyWorker] SEND TO RUNTIME {"method":"Runtime.getIsolateId","id":100000221}
---

--- 2026-06-06T11:05:53.445Z debug
[InspectorProxyWorker] RUNTIME INCOMING MESSAGE { id: 100000221, result: { id: '3312cd6607bde743' } }
---

--- 2026-06-06T11:06:03.446Z debug
[InspectorProxyWorker] RUNTIME INCOMING MESSAGE { id: 100000222, result: { id: '3312cd6607bde743' } }
---

--- 2026-06-06T11:06:03.447Z debug
[InspectorProxyWorker] SEND TO RUNTIME {"method":"Runtime.getIsolateId","id":100000222}
---

--- 2026-06-06T11:06:13.447Z debug
[InspectorProxyWorker] RUNTIME INCOMING MESSAGE { id: 100000223, result: { id: '3312cd6607bde743' } }
---

--- 2026-06-06T11:06:13.448Z debug
[InspectorProxyWorker] SEND TO RUNTIME {"method":"Runtime.getIsolateId","id":100000223}
---

--- 2026-06-06T11:06:23.462Z debug
[InspectorProxyWorker] SEND TO RUNTIME {"method":"Runtime.getIsolateId","id":100000224}
---

--- 2026-06-06T11:06:23.463Z debug
[InspectorProxyWorker] RUNTIME INCOMING MESSAGE { id: 100000224, result: { id: '3312cd6607bde743' } }
---

--- 2026-06-06T11:06:33.464Z debug
[InspectorProxyWorker] RUNTIME INCOMING MESSAGE { id: 100000225, result: { id: '3312cd6607bde743' } }
---

--- 2026-06-06T11:06:33.465Z debug
[InspectorProxyWorker] SEND TO RUNTIME {"method":"Runtime.getIsolateId","id":100000225}
---

--- 2026-06-06T11:06:43.479Z debug
[InspectorProxyWorker] SEND TO RUNTIME {"method":"Runtime.getIsolateId","id":100000226}
---

--- 2026-06-06T11:06:43.481Z debug
[InspectorProxyWorker] RUNTIME INCOMING MESSAGE { id: 100000226, result: { id: '3312cd6607bde743' } }
---

--- 2026-06-06T11:06:53.480Z debug
[InspectorProxyWorker] SEND TO RUNTIME {"method":"Runtime.getIsolateId","id":100000227}
---

--- 2026-06-06T11:06:53.480Z debug
[InspectorProxyWorker] RUNTIME INCOMING MESSAGE { id: 100000227, result: { id: '3312cd6607bde743' } }
---

--- 2026-06-06T11:07:03.495Z debug
[InspectorProxyWorker] RUNTIME INCOMING MESSAGE { id: 100000228, result: { id: '3312cd6607bde743' } }
---

--- 2026-06-06T11:07:03.495Z debug
[InspectorProxyWorker] SEND TO RUNTIME {"method":"Runtime.getIsolateId","id":100000228}
---

--- 2026-06-06T11:07:13.497Z debug
[InspectorProxyWorker] RUNTIME INCOMING MESSAGE { id: 100000229, result: { id: '3312cd6607bde743' } }
---

--- 2026-06-06T11:07:13.498Z debug
[InspectorProxyWorker] SEND TO RUNTIME {"method":"Runtime.getIsolateId","id":100000229}
---

--- 2026-06-06T11:07:23.498Z debug
[InspectorProxyWorker] RUNTIME INCOMING MESSAGE { id: 100000230, result: { id: '3312cd6607bde743' } }
---

--- 2026-06-06T11:07:23.498Z debug
[InspectorProxyWorker] SEND TO RUNTIME {"method":"Runtime.getIsolateId","id":100000230}
---

--- 2026-06-06T11:07:33.512Z debug
[InspectorProxyWorker] SEND TO RUNTIME {"method":"Runtime.getIsolateId","id":100000231}
---

--- 2026-06-06T11:07:33.513Z debug
[InspectorProxyWorker] RUNTIME INCOMING MESSAGE { id: 100000231, result: { id: '3312cd6607bde743' } }
---

--- 2026-06-06T11:07:43.513Z debug
[InspectorProxyWorker] SEND TO RUNTIME {"method":"Runtime.getIsolateId","id":100000232}
---

--- 2026-06-06T11:07:43.514Z debug
[InspectorProxyWorker] RUNTIME INCOMING MESSAGE { id: 100000232, result: { id: '3312cd6607bde743' } }
---

--- 2026-06-06T11:07:53.524Z debug
[InspectorProxyWorker] SEND TO RUNTIME {"method":"Runtime.getIsolateId","id":100000233}
---

--- 2026-06-06T11:07:53.525Z debug
[InspectorProxyWorker] RUNTIME INCOMING MESSAGE { id: 100000233, result: { id: '3312cd6607bde743' } }
---

--- 2026-06-06T11:08:03.530Z debug
[InspectorProxyWorker] RUNTIME INCOMING MESSAGE { id: 100000234, result: { id: '3312cd6607bde743' } }
---

--- 2026-06-06T11:08:03.531Z debug
[InspectorProxyWorker] SEND TO RUNTIME {"method":"Runtime.getIsolateId","id":100000234}
---

--- 2026-06-06T11:08:13.536Z debug
[InspectorProxyWorker] RUNTIME INCOMING MESSAGE { id: 100000235, result: { id: '3312cd6607bde743' } }
---

--- 2026-06-06T11:08:13.538Z debug
[InspectorProxyWorker] SEND TO RUNTIME {"method":"Runtime.getIsolateId","id":100000235}
---

--- 2026-06-06T11:08:23.546Z debug
[InspectorProxyWorker] SEND TO RUNTIME {"method":"Runtime.getIsolateId","id":100000236}
---

--- 2026-06-06T11:08:23.546Z debug
[InspectorProxyWorker] RUNTIME INCOMING MESSAGE { id: 100000236, result: { id: '3312cd6607bde743' } }
---

--- 2026-06-06T11:08:33.547Z debug
[InspectorProxyWorker] SEND TO RUNTIME {"method":"Runtime.getIsolateId","id":100000237}
---

--- 2026-06-06T11:08:33.548Z debug
[InspectorProxyWorker] RUNTIME INCOMING MESSAGE { id: 100000237, result: { id: '3312cd6607bde743' } }
---

--- 2026-06-06T11:08:43.547Z debug
[InspectorProxyWorker] SEND TO RUNTIME {"method":"Runtime.getIsolateId","id":100000238}
---

--- 2026-06-06T11:08:43.548Z debug
[InspectorProxyWorker] RUNTIME INCOMING MESSAGE { id: 100000238, result: { id: '3312cd6607bde743' } }
---

--- 2026-06-06T11:08:53.558Z debug
[InspectorProxyWorker] SEND TO RUNTIME {"method":"Runtime.getIsolateId","id":100000239}
---

--- 2026-06-06T11:08:53.559Z debug
[InspectorProxyWorker] RUNTIME INCOMING MESSAGE { id: 100000239, result: { id: '3312cd6607bde743' } }
---

--- 2026-06-06T11:09:03.561Z debug
[InspectorProxyWorker] RUNTIME INCOMING MESSAGE { id: 100000240, result: { id: '3312cd6607bde743' } }
---

--- 2026-06-06T11:09:03.562Z debug
[InspectorProxyWorker] SEND TO RUNTIME {"method":"Runtime.getIsolateId","id":100000240}
---

--- 2026-06-06T11:09:13.565Z debug
[InspectorProxyWorker] RUNTIME INCOMING MESSAGE { id: 100000241, result: { id: '3312cd6607bde743' } }
---

--- 2026-06-06T11:09:13.565Z debug
[InspectorProxyWorker] SEND TO RUNTIME {"method":"Runtime.getIsolateId","id":100000241}
---

--- 2026-06-06T11:09:23.577Z debug
[InspectorProxyWorker] RUNTIME INCOMING MESSAGE { id: 100000242, result: { id: '3312cd6607bde743' } }
---

--- 2026-06-06T11:09:23.577Z debug
[InspectorProxyWorker] SEND TO RUNTIME {"method":"Runtime.getIsolateId","id":100000242}
---

--- 2026-06-06T11:09:33.581Z debug
[InspectorProxyWorker] RUNTIME INCOMING MESSAGE { id: 100000243, result: { id: '3312cd6607bde743' } }
---

--- 2026-06-06T11:09:33.581Z debug
[InspectorProxyWorker] SEND TO RUNTIME {"method":"Runtime.getIsolateId","id":100000243}
---

--- 2026-06-06T11:09:43.587Z debug
[InspectorProxyWorker] RUNTIME INCOMING MESSAGE { id: 100000244, result: { id: '3312cd6607bde743' } }
---

--- 2026-06-06T11:09:43.589Z debug
[InspectorProxyWorker] SEND TO RUNTIME {"method":"Runtime.getIsolateId","id":100000244}
---

--- 2026-06-06T11:09:53.597Z debug
[InspectorProxyWorker] SEND TO RUNTIME {"method":"Runtime.getIsolateId","id":100000245}
---

--- 2026-06-06T11:09:53.598Z debug
[InspectorProxyWorker] RUNTIME INCOMING MESSAGE { id: 100000245, result: { id: '3312cd6607bde743' } }
---

--- 2026-06-06T11:10:03.598Z debug
[InspectorProxyWorker] SEND TO RUNTIME {"method":"Runtime.getIsolateId","id":100000246}
---

--- 2026-06-06T11:10:03.599Z debug
[InspectorProxyWorker] RUNTIME INCOMING MESSAGE { id: 100000246, result: { id: '3312cd6607bde743' } }
---

--- 2026-06-06T11:10:13.615Z debug
[InspectorProxyWorker] RUNTIME INCOMING MESSAGE { id: 100000247, result: { id: '3312cd6607bde743' } }
---

--- 2026-06-06T11:10:13.617Z debug
[InspectorProxyWorker] SEND TO RUNTIME {"method":"Runtime.getIsolateId","id":100000247}
---

--- 2026-06-06T11:10:23.627Z debug
[InspectorProxyWorker] RUNTIME INCOMING MESSAGE { id: 100000248, result: { id: '3312cd6607bde743' } }
---

--- 2026-06-06T11:10:23.628Z debug
[InspectorProxyWorker] SEND TO RUNTIME {"method":"Runtime.getIsolateId","id":100000248}
---

--- 2026-06-06T11:10:33.629Z debug
[InspectorProxyWorker] SEND TO RUNTIME {"method":"Runtime.getIsolateId","id":100000249}
---

--- 2026-06-06T11:10:33.630Z debug
[InspectorProxyWorker] RUNTIME INCOMING MESSAGE { id: 100000249, result: { id: '3312cd6607bde743' } }
---

--- 2026-06-06T11:10:43.630Z debug
[InspectorProxyWorker] SEND TO RUNTIME {"method":"Runtime.getIsolateId","id":100000250}
---

--- 2026-06-06T11:10:43.631Z debug
[InspectorProxyWorker] RUNTIME INCOMING MESSAGE { id: 100000250, result: { id: '3312cd6607bde743' } }
---

--- 2026-06-06T11:10:53.632Z debug
[InspectorProxyWorker] RUNTIME INCOMING MESSAGE { id: 100000251, result: { id: '3312cd6607bde743' } }
---

--- 2026-06-06T11:10:53.632Z debug
[InspectorProxyWorker] SEND TO RUNTIME {"method":"Runtime.getIsolateId","id":100000251}
---

--- 2026-06-06T11:11:03.632Z debug
[InspectorProxyWorker] SEND TO RUNTIME {"method":"Runtime.getIsolateId","id":100000252}
---

--- 2026-06-06T11:11:03.633Z debug
[InspectorProxyWorker] RUNTIME INCOMING MESSAGE { id: 100000252, result: { id: '3312cd6607bde743' } }
---

--- 2026-06-06T11:11:13.647Z debug
[InspectorProxyWorker] RUNTIME INCOMING MESSAGE { id: 100000253, result: { id: '3312cd6607bde743' } }
---

--- 2026-06-06T11:11:13.647Z debug
[InspectorProxyWorker] SEND TO RUNTIME {"method":"Runtime.getIsolateId","id":100000253}
---

--- 2026-06-06T11:11:23.649Z debug
[InspectorProxyWorker] RUNTIME INCOMING MESSAGE { id: 100000254, result: { id: '3312cd6607bde743' } }
---

--- 2026-06-06T11:11:23.649Z debug
[InspectorProxyWorker] SEND TO RUNTIME {"method":"Runtime.getIsolateId","id":100000254}
---

--- 2026-06-06T11:11:33.663Z debug
[InspectorProxyWorker] SEND TO RUNTIME {"method":"Runtime.getIsolateId","id":100000255}
---

--- 2026-06-06T11:11:33.664Z debug
[InspectorProxyWorker] RUNTIME INCOMING MESSAGE { id: 100000255, result: { id: '3312cd6607bde743' } }
---

--- 2026-06-06T11:11:43.679Z debug
[InspectorProxyWorker] SEND TO RUNTIME {"method":"Runtime.getIsolateId","id":100000256}
---

--- 2026-06-06T11:11:43.679Z debug
[InspectorProxyWorker] RUNTIME INCOMING MESSAGE { id: 100000256, result: { id: '3312cd6607bde743' } }
---

--- 2026-06-06T11:11:53.682Z debug
[InspectorProxyWorker] RUNTIME INCOMING MESSAGE { id: 100000257, result: { id: '3312cd6607bde743' } }
---

--- 2026-06-06T11:11:53.682Z debug
[InspectorProxyWorker] SEND TO RUNTIME {"method":"Runtime.getIsolateId","id":100000257}
---

--- 2026-06-06T11:12:03.683Z debug
[InspectorProxyWorker] RUNTIME INCOMING MESSAGE { id: 100000258, result: { id: '3312cd6607bde743' } }
---

--- 2026-06-06T11:12:03.684Z debug
[InspectorProxyWorker] SEND TO RUNTIME {"method":"Runtime.getIsolateId","id":100000258}
---

--- 2026-06-06T11:12:13.698Z debug
[InspectorProxyWorker] SEND TO RUNTIME {"method":"Runtime.getIsolateId","id":100000259}
---

--- 2026-06-06T11:12:13.698Z debug
[InspectorProxyWorker] RUNTIME INCOMING MESSAGE { id: 100000259, result: { id: '3312cd6607bde743' } }
---

--- 2026-06-06T11:12:23.701Z debug
[InspectorProxyWorker] SEND TO RUNTIME {"method":"Runtime.getIsolateId","id":100000260}
---

--- 2026-06-06T11:12:23.701Z debug
[InspectorProxyWorker] RUNTIME INCOMING MESSAGE { id: 100000260, result: { id: '3312cd6607bde743' } }
---

--- 2026-06-06T11:12:33.714Z debug
[InspectorProxyWorker] RUNTIME INCOMING MESSAGE { id: 100000261, result: { id: '3312cd6607bde743' } }
---

--- 2026-06-06T11:12:33.715Z debug
[InspectorProxyWorker] SEND TO RUNTIME {"method":"Runtime.getIsolateId","id":100000261}
---

--- 2026-06-06T11:12:43.720Z debug
[InspectorProxyWorker] SEND TO RUNTIME {"method":"Runtime.getIsolateId","id":100000262}
---

--- 2026-06-06T11:12:43.722Z debug
[InspectorProxyWorker] RUNTIME INCOMING MESSAGE { id: 100000262, result: { id: '3312cd6607bde743' } }
---

--- 2026-06-06T11:12:53.716Z debug
[InspectorProxyWorker] SEND TO RUNTIME {"method":"Runtime.getIsolateId","id":100000263}
---

--- 2026-06-06T11:12:53.717Z debug
[InspectorProxyWorker] RUNTIME INCOMING MESSAGE { id: 100000263, result: { id: '3312cd6607bde743' } }
---

--- 2026-06-06T11:13:03.732Z debug
[InspectorProxyWorker] SEND TO RUNTIME {"method":"Runtime.getIsolateId","id":100000264}
---

--- 2026-06-06T11:13:03.732Z debug
[InspectorProxyWorker] RUNTIME INCOMING MESSAGE { id: 100000264, result: { id: '3312cd6607bde743' } }
---

--- 2026-06-06T11:13:13.747Z debug
[InspectorProxyWorker] RUNTIME INCOMING MESSAGE { id: 100000265, result: { id: '3312cd6607bde743' } }
---

--- 2026-06-06T11:13:13.748Z debug
[InspectorProxyWorker] SEND TO RUNTIME {"method":"Runtime.getIsolateId","id":100000265}
---

--- 2026-06-06T11:13:23.750Z debug
[InspectorProxyWorker] SEND TO RUNTIME {"method":"Runtime.getIsolateId","id":100000266}
---

--- 2026-06-06T11:13:23.750Z debug
[InspectorProxyWorker] RUNTIME INCOMING MESSAGE { id: 100000266, result: { id: '3312cd6607bde743' } }
---

--- 2026-06-06T11:13:33.752Z debug
[InspectorProxyWorker] RUNTIME INCOMING MESSAGE { id: 100000267, result: { id: '3312cd6607bde743' } }
---

--- 2026-06-06T11:13:33.753Z debug
[InspectorProxyWorker] SEND TO RUNTIME {"method":"Runtime.getIsolateId","id":100000267}
---

--- 2026-06-06T11:13:43.765Z debug
[InspectorProxyWorker] SEND TO RUNTIME {"method":"Runtime.getIsolateId","id":100000268}
---

--- 2026-06-06T11:13:43.766Z debug
[InspectorProxyWorker] RUNTIME INCOMING MESSAGE { id: 100000268, result: { id: '3312cd6607bde743' } }
---

--- 2026-06-06T11:13:53.766Z debug
[InspectorProxyWorker] RUNTIME INCOMING MESSAGE { id: 100000269, result: { id: '3312cd6607bde743' } }
---

--- 2026-06-06T11:13:53.767Z debug
[InspectorProxyWorker] SEND TO RUNTIME {"method":"Runtime.getIsolateId","id":100000269}
---

--- 2026-06-06T11:14:03.782Z debug
[InspectorProxyWorker] SEND TO RUNTIME {"method":"Runtime.getIsolateId","id":100000270}
---

--- 2026-06-06T11:14:03.782Z debug
[InspectorProxyWorker] RUNTIME INCOMING MESSAGE { id: 100000270, result: { id: '3312cd6607bde743' } }
---

--- 2026-06-06T11:14:13.784Z debug
[InspectorProxyWorker] SEND TO RUNTIME {"method":"Runtime.getIsolateId","id":100000271}
---

--- 2026-06-06T11:14:13.785Z debug
[InspectorProxyWorker] RUNTIME INCOMING MESSAGE { id: 100000271, result: { id: '3312cd6607bde743' } }
---

--- 2026-06-06T11:14:23.798Z debug
[InspectorProxyWorker] SEND TO RUNTIME {"method":"Runtime.getIsolateId","id":100000272}
---

--- 2026-06-06T11:14:23.799Z debug
[InspectorProxyWorker] RUNTIME INCOMING MESSAGE { id: 100000272, result: { id: '3312cd6607bde743' } }
---

--- 2026-06-06T11:14:33.799Z debug
[InspectorProxyWorker] RUNTIME INCOMING MESSAGE { id: 100000273, result: { id: '3312cd6607bde743' } }
---

--- 2026-06-06T11:14:33.800Z debug
[InspectorProxyWorker] SEND TO RUNTIME {"method":"Runtime.getIsolateId","id":100000273}
---

--- 2026-06-06T11:14:43.802Z debug
[InspectorProxyWorker] SEND TO RUNTIME {"method":"Runtime.getIsolateId","id":100000274}
---

--- 2026-06-06T11:14:43.803Z debug
[InspectorProxyWorker] RUNTIME INCOMING MESSAGE { id: 100000274, result: { id: '3312cd6607bde743' } }
---

--- 2026-06-06T11:14:53.817Z debug
[InspectorProxyWorker] RUNTIME INCOMING MESSAGE { id: 100000275, result: { id: '3312cd6607bde743' } }
---

--- 2026-06-06T11:14:53.817Z debug
[InspectorProxyWorker] SEND TO RUNTIME {"method":"Runtime.getIsolateId","id":100000275}
---

--- 2026-06-06T11:15:03.819Z debug
[InspectorProxyWorker] SEND TO RUNTIME {"method":"Runtime.getIsolateId","id":100000276}
---

--- 2026-06-06T11:15:03.820Z debug
[InspectorProxyWorker] RUNTIME INCOMING MESSAGE { id: 100000276, result: { id: '3312cd6607bde743' } }
---

--- 2026-06-06T11:15:13.833Z debug
[InspectorProxyWorker] SEND TO RUNTIME {"method":"Runtime.getIsolateId","id":100000277}
---

--- 2026-06-06T11:15:13.834Z debug
[InspectorProxyWorker] RUNTIME INCOMING MESSAGE { id: 100000277, result: { id: '3312cd6607bde743' } }
---

--- 2026-06-06T11:15:23.833Z debug
[InspectorProxyWorker] RUNTIME INCOMING MESSAGE { id: 100000278, result: { id: '3312cd6607bde743' } }
---

--- 2026-06-06T11:15:23.833Z debug
[InspectorProxyWorker] SEND TO RUNTIME {"method":"Runtime.getIsolateId","id":100000278}
---

--- 2026-06-06T11:15:33.835Z debug
[InspectorProxyWorker] RUNTIME INCOMING MESSAGE { id: 100000279, result: { id: '3312cd6607bde743' } }
---

--- 2026-06-06T11:15:33.835Z debug
[InspectorProxyWorker] SEND TO RUNTIME {"method":"Runtime.getIsolateId","id":100000279}
---

--- 2026-06-06T11:15:43.846Z debug
[InspectorProxyWorker] SEND TO RUNTIME {"method":"Runtime.getIsolateId","id":100000280}
---

--- 2026-06-06T11:15:43.848Z debug
[InspectorProxyWorker] RUNTIME INCOMING MESSAGE { id: 100000280, result: { id: '3312cd6607bde743' } }
---

--- 2026-06-06T11:15:53.850Z debug
[InspectorProxyWorker] SEND TO RUNTIME {"method":"Runtime.getIsolateId","id":100000281}
---

--- 2026-06-06T11:15:53.851Z debug
[InspectorProxyWorker] RUNTIME INCOMING MESSAGE { id: 100000281, result: { id: '3312cd6607bde743' } }
---

--- 2026-06-06T11:16:03.852Z debug
[InspectorProxyWorker] RUNTIME INCOMING MESSAGE { id: 100000282, result: { id: '3312cd6607bde743' } }
---

--- 2026-06-06T11:16:03.852Z debug
[InspectorProxyWorker] SEND TO RUNTIME {"method":"Runtime.getIsolateId","id":100000282}
---

--- 2026-06-06T11:16:13.867Z debug
[InspectorProxyWorker] SEND TO RUNTIME {"method":"Runtime.getIsolateId","id":100000283}
---

--- 2026-06-06T11:16:13.867Z debug
[InspectorProxyWorker] RUNTIME INCOMING MESSAGE { id: 100000283, result: { id: '3312cd6607bde743' } }
---

--- 2026-06-06T11:16:23.869Z debug
[InspectorProxyWorker] SEND TO RUNTIME {"method":"Runtime.getIsolateId","id":100000284}
---

--- 2026-06-06T11:16:23.869Z debug
[InspectorProxyWorker] RUNTIME INCOMING MESSAGE { id: 100000284, result: { id: '3312cd6607bde743' } }
---

--- 2026-06-06T11:16:33.878Z debug
[InspectorProxyWorker] SEND TO RUNTIME {"method":"Runtime.getIsolateId","id":100000285}
---

--- 2026-06-06T11:16:33.880Z debug
[InspectorProxyWorker] RUNTIME INCOMING MESSAGE { id: 100000285, result: { id: '3312cd6607bde743' } }
---

--- 2026-06-06T11:16:43.888Z debug
[InspectorProxyWorker] SEND TO RUNTIME {"method":"Runtime.getIsolateId","id":100000286}
---

--- 2026-06-06T11:16:43.889Z debug
[InspectorProxyWorker] RUNTIME INCOMING MESSAGE { id: 100000286, result: { id: '3312cd6607bde743' } }
---

--- 2026-06-06T11:16:53.901Z debug
[InspectorProxyWorker] SEND TO RUNTIME {"method":"Runtime.getIsolateId","id":100000287}
---

--- 2026-06-06T11:16:53.901Z debug
[InspectorProxyWorker] RUNTIME INCOMING MESSAGE { id: 100000287, result: { id: '3312cd6607bde743' } }
---

--- 2026-06-06T11:17:03.918Z debug
[InspectorProxyWorker] SEND TO RUNTIME {"method":"Runtime.getIsolateId","id":100000288}
---

--- 2026-06-06T11:17:03.919Z debug
[InspectorProxyWorker] RUNTIME INCOMING MESSAGE { id: 100000288, result: { id: '3312cd6607bde743' } }
---

--- 2026-06-06T11:17:13.918Z debug
[InspectorProxyWorker] RUNTIME INCOMING MESSAGE { id: 100000289, result: { id: '3312cd6607bde743' } }
---

--- 2026-06-06T11:17:13.919Z debug
[InspectorProxyWorker] SEND TO RUNTIME {"method":"Runtime.getIsolateId","id":100000289}
---

--- 2026-06-06T11:17:23.918Z debug
[InspectorProxyWorker] SEND TO RUNTIME {"method":"Runtime.getIsolateId","id":100000290}
---

--- 2026-06-06T11:17:23.919Z debug
[InspectorProxyWorker] RUNTIME INCOMING MESSAGE { id: 100000290, result: { id: '3312cd6607bde743' } }
---

--- 2026-06-06T11:17:33.934Z debug
[InspectorProxyWorker] SEND TO RUNTIME {"method":"Runtime.getIsolateId","id":100000291}
---

--- 2026-06-06T11:17:33.935Z debug
[InspectorProxyWorker] RUNTIME INCOMING MESSAGE { id: 100000291, result: { id: '3312cd6607bde743' } }
---

--- 2026-06-06T11:17:43.935Z debug
[InspectorProxyWorker] RUNTIME INCOMING MESSAGE { id: 100000292, result: { id: '3312cd6607bde743' } }
---

--- 2026-06-06T11:17:43.936Z debug
[InspectorProxyWorker] SEND TO RUNTIME {"method":"Runtime.getIsolateId","id":100000292}
---

--- 2026-06-06T11:17:53.936Z debug
[InspectorProxyWorker] SEND TO RUNTIME {"method":"Runtime.getIsolateId","id":100000293}
---

--- 2026-06-06T11:17:53.937Z debug
[InspectorProxyWorker] RUNTIME INCOMING MESSAGE { id: 100000293, result: { id: '3312cd6607bde743' } }
---

--- 2026-06-06T11:18:03.953Z debug
[InspectorProxyWorker] RUNTIME INCOMING MESSAGE { id: 100000294, result: { id: '3312cd6607bde743' } }
---

--- 2026-06-06T11:18:03.954Z debug
[InspectorProxyWorker] SEND TO RUNTIME {"method":"Runtime.getIsolateId","id":100000294}
---

--- 2026-06-06T11:18:13.952Z debug
[InspectorProxyWorker] RUNTIME INCOMING MESSAGE { id: 100000295, result: { id: '3312cd6607bde743' } }
---

--- 2026-06-06T11:18:13.952Z debug
[InspectorProxyWorker] SEND TO RUNTIME {"method":"Runtime.getIsolateId","id":100000295}
---

--- 2026-06-06T11:18:23.953Z debug
[InspectorProxyWorker] RUNTIME INCOMING MESSAGE { id: 100000296, result: { id: '3312cd6607bde743' } }
---

--- 2026-06-06T11:18:23.953Z debug
[InspectorProxyWorker] SEND TO RUNTIME {"method":"Runtime.getIsolateId","id":100000296}
---

--- 2026-06-06T11:18:33.967Z debug
[InspectorProxyWorker] SEND TO RUNTIME {"method":"Runtime.getIsolateId","id":100000297}
---

--- 2026-06-06T11:18:33.968Z debug
[InspectorProxyWorker] RUNTIME INCOMING MESSAGE { id: 100000297, result: { id: '3312cd6607bde743' } }
---

--- 2026-06-06T11:18:43.968Z debug
[InspectorProxyWorker] SEND TO RUNTIME {"method":"Runtime.getIsolateId","id":100000298}
---

--- 2026-06-06T11:18:43.969Z debug
[InspectorProxyWorker] RUNTIME INCOMING MESSAGE { id: 100000298, result: { id: '3312cd6607bde743' } }
---

--- 2026-06-06T11:18:53.970Z debug
[InspectorProxyWorker] SEND TO RUNTIME {"method":"Runtime.getIsolateId","id":100000299}
---

--- 2026-06-06T11:18:53.971Z debug
[InspectorProxyWorker] RUNTIME INCOMING MESSAGE { id: 100000299, result: { id: '3312cd6607bde743' } }
---

--- 2026-06-06T11:19:03.980Z debug
[InspectorProxyWorker] SEND TO RUNTIME {"method":"Runtime.getIsolateId","id":100000300}
---

--- 2026-06-06T11:19:03.981Z debug
[InspectorProxyWorker] RUNTIME INCOMING MESSAGE { id: 100000300, result: { id: '3312cd6607bde743' } }
---

--- 2026-06-06T11:19:13.991Z debug
[InspectorProxyWorker] RUNTIME INCOMING MESSAGE { id: 100000301, result: { id: '3312cd6607bde743' } }
---

--- 2026-06-06T11:19:13.992Z debug
[InspectorProxyWorker] SEND TO RUNTIME {"method":"Runtime.getIsolateId","id":100000301}
---

--- 2026-06-06T11:19:23.987Z debug
[InspectorProxyWorker] RUNTIME INCOMING MESSAGE { id: 100000302, result: { id: '3312cd6607bde743' } }
---

--- 2026-06-06T11:19:23.987Z debug
[InspectorProxyWorker] SEND TO RUNTIME {"method":"Runtime.getIsolateId","id":100000302}
---

--- 2026-06-06T11:19:34.001Z debug
[InspectorProxyWorker] SEND TO RUNTIME {"method":"Runtime.getIsolateId","id":100000303}
---

--- 2026-06-06T11:19:34.001Z debug
[InspectorProxyWorker] RUNTIME INCOMING MESSAGE { id: 100000303, result: { id: '3312cd6607bde743' } }
---

--- 2026-06-06T11:19:44.001Z debug
[InspectorProxyWorker] RUNTIME INCOMING MESSAGE { id: 100000304, result: { id: '3312cd6607bde743' } }
---

--- 2026-06-06T11:19:44.002Z debug
[InspectorProxyWorker] SEND TO RUNTIME {"method":"Runtime.getIsolateId","id":100000304}
---

--- 2026-06-06T11:19:54.003Z debug
[InspectorProxyWorker] RUNTIME INCOMING MESSAGE { id: 100000305, result: { id: '3312cd6607bde743' } }
---

--- 2026-06-06T11:19:54.004Z debug
[InspectorProxyWorker] SEND TO RUNTIME {"method":"Runtime.getIsolateId","id":100000305}
---

--- 2026-06-06T11:20:04.012Z debug
[InspectorProxyWorker] RUNTIME INCOMING MESSAGE { id: 100000306, result: { id: '3312cd6607bde743' } }
---

--- 2026-06-06T11:20:04.013Z debug
[InspectorProxyWorker] SEND TO RUNTIME {"method":"Runtime.getIsolateId","id":100000306}
---

--- 2026-06-06T11:20:14.018Z debug
[InspectorProxyWorker] SEND TO RUNTIME {"method":"Runtime.getIsolateId","id":100000307}
---

--- 2026-06-06T11:20:14.019Z debug
[InspectorProxyWorker] RUNTIME INCOMING MESSAGE { id: 100000307, result: { id: '3312cd6607bde743' } }
---

--- 2026-06-06T11:20:24.020Z debug
[InspectorProxyWorker] RUNTIME INCOMING MESSAGE { id: 100000308, result: { id: '3312cd6607bde743' } }
---

--- 2026-06-06T11:20:24.020Z debug
[InspectorProxyWorker] SEND TO RUNTIME {"method":"Runtime.getIsolateId","id":100000308}
---

--- 2026-06-06T11:20:34.025Z debug
[InspectorProxyWorker] SEND TO RUNTIME {"method":"Runtime.getIsolateId","id":100000309}
---

--- 2026-06-06T11:20:34.027Z debug
[InspectorProxyWorker] RUNTIME INCOMING MESSAGE { id: 100000309, result: { id: '3312cd6607bde743' } }
---

--- 2026-06-06T11:20:44.036Z debug
[InspectorProxyWorker] RUNTIME INCOMING MESSAGE { id: 100000310, result: { id: '3312cd6607bde743' } }
---

--- 2026-06-06T11:20:44.036Z debug
[InspectorProxyWorker] SEND TO RUNTIME {"method":"Runtime.getIsolateId","id":100000310}
---

--- 2026-06-06T11:20:54.040Z debug
[InspectorProxyWorker] SEND TO RUNTIME {"method":"Runtime.getIsolateId","id":100000311}
---

--- 2026-06-06T11:20:54.041Z debug
[InspectorProxyWorker] RUNTIME INCOMING MESSAGE { id: 100000311, result: { id: '3312cd6607bde743' } }
---

--- 2026-06-06T11:21:04.053Z debug
[InspectorProxyWorker] SEND TO RUNTIME {"method":"Runtime.getIsolateId","id":100000312}
---

--- 2026-06-06T11:21:04.053Z debug
[InspectorProxyWorker] RUNTIME INCOMING MESSAGE { id: 100000312, result: { id: '3312cd6607bde743' } }
---

--- 2026-06-06T11:21:14.066Z debug
[InspectorProxyWorker] RUNTIME INCOMING MESSAGE { id: 100000313, result: { id: '3312cd6607bde743' } }
---

--- 2026-06-06T11:21:14.067Z debug
[InspectorProxyWorker] SEND TO RUNTIME {"method":"Runtime.getIsolateId","id":100000313}
---

--- 2026-06-06T11:21:24.071Z debug
[InspectorProxyWorker] RUNTIME INCOMING MESSAGE { id: 100000314, result: { id: '3312cd6607bde743' } }
---

--- 2026-06-06T11:21:24.071Z debug
[InspectorProxyWorker] SEND TO RUNTIME {"method":"Runtime.getIsolateId","id":100000314}
---

--- 2026-06-06T11:21:34.072Z debug
[InspectorProxyWorker] SEND TO RUNTIME {"method":"Runtime.getIsolateId","id":100000315}
---

--- 2026-06-06T11:21:34.072Z debug
[InspectorProxyWorker] RUNTIME INCOMING MESSAGE { id: 100000315, result: { id: '3312cd6607bde743' } }
---

--- 2026-06-06T11:21:44.073Z debug
[InspectorProxyWorker] SEND TO RUNTIME {"method":"Runtime.getIsolateId","id":100000316}
---

--- 2026-06-06T11:21:44.073Z debug
[InspectorProxyWorker] RUNTIME INCOMING MESSAGE { id: 100000316, result: { id: '3312cd6607bde743' } }
---

--- 2026-06-06T11:21:54.085Z debug
[InspectorProxyWorker] RUNTIME INCOMING MESSAGE { id: 100000317, result: { id: '3312cd6607bde743' } }
---

--- 2026-06-06T11:21:54.085Z debug
[InspectorProxyWorker] SEND TO RUNTIME {"method":"Runtime.getIsolateId","id":100000317}
---

--- 2026-06-06T11:22:04.087Z debug
[InspectorProxyWorker] SEND TO RUNTIME {"method":"Runtime.getIsolateId","id":100000318}
---

--- 2026-06-06T11:22:04.088Z debug
[InspectorProxyWorker] RUNTIME INCOMING MESSAGE { id: 100000318, result: { id: '3312cd6607bde743' } }
---

--- 2026-06-06T11:22:14.091Z debug
[InspectorProxyWorker] SEND TO RUNTIME {"method":"Runtime.getIsolateId","id":100000319}
---

--- 2026-06-06T11:22:14.093Z debug
[InspectorProxyWorker] RUNTIME INCOMING MESSAGE { id: 100000319, result: { id: '3312cd6607bde743' } }
---

--- 2026-06-06T11:22:24.092Z debug
[InspectorProxyWorker] SEND TO RUNTIME {"method":"Runtime.getIsolateId","id":100000320}
---

--- 2026-06-06T11:22:24.093Z debug
[InspectorProxyWorker] RUNTIME INCOMING MESSAGE { id: 100000320, result: { id: '3312cd6607bde743' } }
---

--- 2026-06-06T11:22:34.103Z debug
[InspectorProxyWorker] SEND TO RUNTIME {"method":"Runtime.getIsolateId","id":100000321}
---

--- 2026-06-06T11:22:34.103Z debug
[InspectorProxyWorker] RUNTIME INCOMING MESSAGE { id: 100000321, result: { id: '3312cd6607bde743' } }
---

--- 2026-06-06T11:22:44.105Z debug
[InspectorProxyWorker] RUNTIME INCOMING MESSAGE { id: 100000322, result: { id: '3312cd6607bde743' } }
---

--- 2026-06-06T11:22:44.105Z debug
[InspectorProxyWorker] SEND TO RUNTIME {"method":"Runtime.getIsolateId","id":100000322}
---

--- 2026-06-06T11:22:54.121Z debug
[InspectorProxyWorker] SEND TO RUNTIME {"method":"Runtime.getIsolateId","id":100000323}
---

--- 2026-06-06T11:22:54.122Z debug
[InspectorProxyWorker] RUNTIME INCOMING MESSAGE { id: 100000323, result: { id: '3312cd6607bde743' } }
---

--- 2026-06-06T11:23:04.121Z debug
[InspectorProxyWorker] SEND TO RUNTIME {"method":"Runtime.getIsolateId","id":100000324}
---

--- 2026-06-06T11:23:04.122Z debug
[InspectorProxyWorker] RUNTIME INCOMING MESSAGE { id: 100000324, result: { id: '3312cd6607bde743' } }
---

--- 2026-06-06T11:23:14.137Z debug
[InspectorProxyWorker] RUNTIME INCOMING MESSAGE { id: 100000325, result: { id: '3312cd6607bde743' } }
---

--- 2026-06-06T11:23:14.137Z debug
[InspectorProxyWorker] SEND TO RUNTIME {"method":"Runtime.getIsolateId","id":100000325}
---

--- 2026-06-06T11:23:24.139Z debug
[InspectorProxyWorker] RUNTIME INCOMING MESSAGE { id: 100000326, result: { id: '3312cd6607bde743' } }
---

--- 2026-06-06T11:23:24.139Z debug
[InspectorProxyWorker] SEND TO RUNTIME {"method":"Runtime.getIsolateId","id":100000326}
---

--- 2026-06-06T11:23:34.154Z debug
[InspectorProxyWorker] SEND TO RUNTIME {"method":"Runtime.getIsolateId","id":100000327}
---

--- 2026-06-06T11:23:34.155Z debug
[InspectorProxyWorker] RUNTIME INCOMING MESSAGE { id: 100000327, result: { id: '3312cd6607bde743' } }
---

--- 2026-06-06T11:23:44.156Z debug
[InspectorProxyWorker] RUNTIME INCOMING MESSAGE { id: 100000328, result: { id: '3312cd6607bde743' } }
---

--- 2026-06-06T11:23:44.156Z debug
[InspectorProxyWorker] SEND TO RUNTIME {"method":"Runtime.getIsolateId","id":100000328}
---

--- 2026-06-06T11:23:54.169Z debug
[InspectorProxyWorker] RUNTIME INCOMING MESSAGE { id: 100000329, result: { id: '3312cd6607bde743' } }
---

--- 2026-06-06T11:23:54.170Z debug
[InspectorProxyWorker] SEND TO RUNTIME {"method":"Runtime.getIsolateId","id":100000329}
---

--- 2026-06-06T11:24:04.170Z debug
[InspectorProxyWorker] RUNTIME INCOMING MESSAGE { id: 100000330, result: { id: '3312cd6607bde743' } }
---

--- 2026-06-06T11:24:04.171Z debug
[InspectorProxyWorker] SEND TO RUNTIME {"method":"Runtime.getIsolateId","id":100000330}
---

--- 2026-06-06T11:24:14.171Z debug
[InspectorProxyWorker] SEND TO RUNTIME {"method":"Runtime.getIsolateId","id":100000331}
---

--- 2026-06-06T11:24:14.172Z debug
[InspectorProxyWorker] RUNTIME INCOMING MESSAGE { id: 100000331, result: { id: '3312cd6607bde743' } }
---

--- 2026-06-06T11:24:24.178Z debug
[InspectorProxyWorker] SEND TO RUNTIME {"method":"Runtime.getIsolateId","id":100000332}
---

--- 2026-06-06T11:24:24.180Z debug
[InspectorProxyWorker] RUNTIME INCOMING MESSAGE { id: 100000332, result: { id: '3312cd6607bde743' } }
---

--- 2026-06-06T11:24:34.185Z debug
[InspectorProxyWorker] RUNTIME INCOMING MESSAGE { id: 100000333, result: { id: '3312cd6607bde743' } }
---

--- 2026-06-06T11:24:34.186Z debug
[InspectorProxyWorker] SEND TO RUNTIME {"method":"Runtime.getIsolateId","id":100000333}
---

--- 2026-06-06T11:24:44.187Z debug
[InspectorProxyWorker] RUNTIME INCOMING MESSAGE { id: 100000334, result: { id: '3312cd6607bde743' } }
---

--- 2026-06-06T11:24:44.188Z debug
[InspectorProxyWorker] SEND TO RUNTIME {"method":"Runtime.getIsolateId","id":100000334}
---

--- 2026-06-06T11:24:54.189Z debug
[InspectorProxyWorker] SEND TO RUNTIME {"method":"Runtime.getIsolateId","id":100000335}
---

--- 2026-06-06T11:24:54.190Z debug
[InspectorProxyWorker] RUNTIME INCOMING MESSAGE { id: 100000335, result: { id: '3312cd6607bde743' } }
---

--- 2026-06-06T11:25:04.203Z debug
[InspectorProxyWorker] SEND TO RUNTIME {"method":"Runtime.getIsolateId","id":100000336}
---

--- 2026-06-06T11:25:04.204Z debug
[InspectorProxyWorker] RUNTIME INCOMING MESSAGE { id: 100000336, result: { id: '3312cd6607bde743' } }
---

--- 2026-06-06T11:25:14.206Z debug
[InspectorProxyWorker] RUNTIME INCOMING MESSAGE { id: 100000337, result: { id: '3312cd6607bde743' } }
---

--- 2026-06-06T11:25:14.207Z debug
[InspectorProxyWorker] SEND TO RUNTIME {"method":"Runtime.getIsolateId","id":100000337}
---

--- 2026-06-06T11:25:24.221Z debug
[InspectorProxyWorker] RUNTIME INCOMING MESSAGE { id: 100000338, result: { id: '3312cd6607bde743' } }
---

--- 2026-06-06T11:25:24.222Z debug
[InspectorProxyWorker] SEND TO RUNTIME {"method":"Runtime.getIsolateId","id":100000338}
---

--- 2026-06-06T11:25:34.223Z debug
[InspectorProxyWorker] RUNTIME INCOMING MESSAGE { id: 100000339, result: { id: '3312cd6607bde743' } }
---

--- 2026-06-06T11:25:34.224Z debug
[InspectorProxyWorker] SEND TO RUNTIME {"method":"Runtime.getIsolateId","id":100000339}
---

--- 2026-06-06T11:25:44.224Z debug
[InspectorProxyWorker] SEND TO RUNTIME {"method":"Runtime.getIsolateId","id":100000340}
---

--- 2026-06-06T11:25:44.225Z debug
[InspectorProxyWorker] RUNTIME INCOMING MESSAGE { id: 100000340, result: { id: '3312cd6607bde743' } }
---

--- 2026-06-06T11:25:54.239Z debug
[InspectorProxyWorker] RUNTIME INCOMING MESSAGE { id: 100000341, result: { id: '3312cd6607bde743' } }
---

--- 2026-06-06T11:25:54.239Z debug
[InspectorProxyWorker] SEND TO RUNTIME {"method":"Runtime.getIsolateId","id":100000341}
---

--- 2026-06-06T11:26:04.241Z debug
[InspectorProxyWorker] RUNTIME INCOMING MESSAGE { id: 100000342, result: { id: '3312cd6607bde743' } }
---

--- 2026-06-06T11:26:04.241Z debug
[InspectorProxyWorker] SEND TO RUNTIME {"method":"Runtime.getIsolateId","id":100000342}
---

--- 2026-06-06T11:26:14.256Z debug
[InspectorProxyWorker] RUNTIME INCOMING MESSAGE { id: 100000343, result: { id: '3312cd6607bde743' } }
---

--- 2026-06-06T11:26:14.257Z debug
[InspectorProxyWorker] SEND TO RUNTIME {"method":"Runtime.getIsolateId","id":100000343}
---

--- 2026-06-06T11:26:24.256Z debug
[InspectorProxyWorker] SEND TO RUNTIME {"method":"Runtime.getIsolateId","id":100000344}
---

--- 2026-06-06T11:26:24.257Z debug
[InspectorProxyWorker] RUNTIME INCOMING MESSAGE { id: 100000344, result: { id: '3312cd6607bde743' } }
---

--- 2026-06-06T11:26:34.257Z debug
[InspectorProxyWorker] SEND TO RUNTIME {"method":"Runtime.getIsolateId","id":100000345}
---

--- 2026-06-06T11:26:34.258Z debug
[InspectorProxyWorker] RUNTIME INCOMING MESSAGE { id: 100000345, result: { id: '3312cd6607bde743' } }
---

--- 2026-06-06T11:26:44.257Z debug
[InspectorProxyWorker] SEND TO RUNTIME {"method":"Runtime.getIsolateId","id":100000346}
---

--- 2026-06-06T11:26:44.258Z debug
[InspectorProxyWorker] RUNTIME INCOMING MESSAGE { id: 100000346, result: { id: '3312cd6607bde743' } }
---

--- 2026-06-06T11:26:54.276Z debug
[InspectorProxyWorker] RUNTIME INCOMING MESSAGE { id: 100000347, result: { id: '3312cd6607bde743' } }
---

--- 2026-06-06T11:26:54.276Z debug
[InspectorProxyWorker] SEND TO RUNTIME {"method":"Runtime.getIsolateId","id":100000347}
---

--- 2026-06-06T11:27:04.286Z debug
[InspectorProxyWorker] RUNTIME INCOMING MESSAGE { id: 100000348, result: { id: '3312cd6607bde743' } }
---

--- 2026-06-06T11:27:04.286Z debug
[InspectorProxyWorker] SEND TO RUNTIME {"method":"Runtime.getIsolateId","id":100000348}
---

--- 2026-06-06T11:27:14.289Z debug
[InspectorProxyWorker] SEND TO RUNTIME {"method":"Runtime.getIsolateId","id":100000349}
---

--- 2026-06-06T11:27:14.290Z debug
[InspectorProxyWorker] RUNTIME INCOMING MESSAGE { id: 100000349, result: { id: '3312cd6607bde743' } }
---

--- 2026-06-06T11:27:24.291Z debug
[InspectorProxyWorker] SEND TO RUNTIME {"method":"Runtime.getIsolateId","id":100000350}
---

--- 2026-06-06T11:27:24.291Z debug
[InspectorProxyWorker] RUNTIME INCOMING MESSAGE { id: 100000350, result: { id: '3312cd6607bde743' } }
---

--- 2026-06-06T11:27:34.292Z debug
[InspectorProxyWorker] SEND TO RUNTIME {"method":"Runtime.getIsolateId","id":100000351}
---

--- 2026-06-06T11:27:34.292Z debug
[InspectorProxyWorker] RUNTIME INCOMING MESSAGE { id: 100000351, result: { id: '3312cd6607bde743' } }
---

--- 2026-06-06T11:27:44.307Z debug
[InspectorProxyWorker] SEND TO RUNTIME {"method":"Runtime.getIsolateId","id":100000352}
---

--- 2026-06-06T11:27:44.307Z debug
[InspectorProxyWorker] RUNTIME INCOMING MESSAGE { id: 100000352, result: { id: '3312cd6607bde743' } }
---

--- 2026-06-06T11:27:54.311Z debug
[InspectorProxyWorker] SEND TO RUNTIME {"method":"Runtime.getIsolateId","id":100000353}
---

--- 2026-06-06T11:27:54.312Z debug
[InspectorProxyWorker] RUNTIME INCOMING MESSAGE { id: 100000353, result: { id: '3312cd6607bde743' } }
---

--- 2026-06-06T11:28:04.308Z debug
[InspectorProxyWorker] RUNTIME INCOMING MESSAGE { id: 100000354, result: { id: '3312cd6607bde743' } }
---

--- 2026-06-06T11:28:04.309Z debug
[InspectorProxyWorker] SEND TO RUNTIME {"method":"Runtime.getIsolateId","id":100000354}
---

--- 2026-06-06T11:28:14.322Z debug
[InspectorProxyWorker] RUNTIME INCOMING MESSAGE { id: 100000355, result: { id: '3312cd6607bde743' } }
---

--- 2026-06-06T11:28:14.323Z debug
[InspectorProxyWorker] SEND TO RUNTIME {"method":"Runtime.getIsolateId","id":100000355}
---

--- 2026-06-06T11:28:24.323Z debug
[InspectorProxyWorker] SEND TO RUNTIME {"method":"Runtime.getIsolateId","id":100000356}
---

--- 2026-06-06T11:28:24.324Z debug
[InspectorProxyWorker] RUNTIME INCOMING MESSAGE { id: 100000356, result: { id: '3312cd6607bde743' } }
---

--- 2026-06-06T11:28:34.325Z debug
[InspectorProxyWorker] RUNTIME INCOMING MESSAGE { id: 100000357, result: { id: '3312cd6607bde743' } }
---

--- 2026-06-06T11:28:34.325Z debug
[InspectorProxyWorker] SEND TO RUNTIME {"method":"Runtime.getIsolateId","id":100000357}
---

--- 2026-06-06T11:28:44.339Z debug
[InspectorProxyWorker] SEND TO RUNTIME {"method":"Runtime.getIsolateId","id":100000358}
---

--- 2026-06-06T11:28:44.340Z debug
[InspectorProxyWorker] RUNTIME INCOMING MESSAGE { id: 100000358, result: { id: '3312cd6607bde743' } }
---

--- 2026-06-06T11:28:54.345Z debug
[InspectorProxyWorker] RUNTIME INCOMING MESSAGE { id: 100000359, result: { id: '3312cd6607bde743' } }
---

--- 2026-06-06T11:28:54.345Z debug
[InspectorProxyWorker] SEND TO RUNTIME {"method":"Runtime.getIsolateId","id":100000359}
---

--- 2026-06-06T11:29:04.357Z debug
[InspectorProxyWorker] RUNTIME INCOMING MESSAGE { id: 100000360, result: { id: '3312cd6607bde743' } }
---

--- 2026-06-06T11:29:04.357Z debug
[InspectorProxyWorker] SEND TO RUNTIME {"method":"Runtime.getIsolateId","id":100000360}
---

--- 2026-06-06T11:29:14.358Z debug
[InspectorProxyWorker] RUNTIME INCOMING MESSAGE { id: 100000361, result: { id: '3312cd6607bde743' } }
---

--- 2026-06-06T11:29:14.359Z debug
[InspectorProxyWorker] SEND TO RUNTIME {"method":"Runtime.getIsolateId","id":100000361}
---

--- 2026-06-06T11:29:24.363Z debug
[InspectorProxyWorker] RUNTIME INCOMING MESSAGE { id: 100000362, result: { id: '3312cd6607bde743' } }
---

--- 2026-06-06T11:29:24.364Z debug
[InspectorProxyWorker] SEND TO RUNTIME {"method":"Runtime.getIsolateId","id":100000362}
---

--- 2026-06-06T11:29:34.367Z debug
[InspectorProxyWorker] RUNTIME INCOMING MESSAGE { id: 100000363, result: { id: '3312cd6607bde743' } }
---

--- 2026-06-06T11:29:34.367Z debug
[InspectorProxyWorker] SEND TO RUNTIME {"method":"Runtime.getIsolateId","id":100000363}
---

--- 2026-06-06T11:29:44.374Z debug
[InspectorProxyWorker] SEND TO RUNTIME {"method":"Runtime.getIsolateId","id":100000364}
---

--- 2026-06-06T11:29:44.375Z debug
[InspectorProxyWorker] RUNTIME INCOMING MESSAGE { id: 100000364, result: { id: '3312cd6607bde743' } }
---

--- 2026-06-06T11:29:54.391Z debug
[InspectorProxyWorker] SEND TO RUNTIME {"method":"Runtime.getIsolateId","id":100000365}
---

--- 2026-06-06T11:29:54.393Z debug
[InspectorProxyWorker] RUNTIME INCOMING MESSAGE { id: 100000365, result: { id: '3312cd6607bde743' } }
---

--- 2026-06-06T11:30:04.392Z debug
[InspectorProxyWorker] SEND TO RUNTIME {"method":"Runtime.getIsolateId","id":100000366}
---

--- 2026-06-06T11:30:04.393Z debug
[InspectorProxyWorker] RUNTIME INCOMING MESSAGE { id: 100000366, result: { id: '3312cd6607bde743' } }
---

--- 2026-06-06T11:30:14.393Z debug
[InspectorProxyWorker] RUNTIME INCOMING MESSAGE { id: 100000367, result: { id: '3312cd6607bde743' } }
---

--- 2026-06-06T11:30:14.393Z debug
[InspectorProxyWorker] SEND TO RUNTIME {"method":"Runtime.getIsolateId","id":100000367}
---

--- 2026-06-06T11:30:24.408Z debug
[InspectorProxyWorker] RUNTIME INCOMING MESSAGE { id: 100000368, result: { id: '3312cd6607bde743' } }
---

--- 2026-06-06T11:30:24.408Z debug
[InspectorProxyWorker] SEND TO RUNTIME {"method":"Runtime.getIsolateId","id":100000368}
---

--- 2026-06-06T11:30:34.410Z debug
[InspectorProxyWorker] RUNTIME INCOMING MESSAGE { id: 100000369, result: { id: '3312cd6607bde743' } }
---

--- 2026-06-06T11:30:34.410Z debug
[InspectorProxyWorker] SEND TO RUNTIME {"method":"Runtime.getIsolateId","id":100000369}
---

--- 2026-06-06T11:30:44.424Z debug
[InspectorProxyWorker] SEND TO RUNTIME {"method":"Runtime.getIsolateId","id":100000370}
---

--- 2026-06-06T11:30:44.425Z debug
[InspectorProxyWorker] RUNTIME INCOMING MESSAGE { id: 100000370, result: { id: '3312cd6607bde743' } }
---

--- 2026-06-06T11:30:54.426Z debug
[InspectorProxyWorker] SEND TO RUNTIME {"method":"Runtime.getIsolateId","id":100000371}
---

--- 2026-06-06T11:30:54.427Z debug
[InspectorProxyWorker] RUNTIME INCOMING MESSAGE { id: 100000371, result: { id: '3312cd6607bde743' } }
---

--- 2026-06-06T11:31:04.441Z debug
[InspectorProxyWorker] SEND TO RUNTIME {"method":"Runtime.getIsolateId","id":100000372}
---

--- 2026-06-06T11:31:04.442Z debug
[InspectorProxyWorker] RUNTIME INCOMING MESSAGE { id: 100000372, result: { id: '3312cd6607bde743' } }
---

--- 2026-06-06T11:31:14.443Z debug
[InspectorProxyWorker] SEND TO RUNTIME {"method":"Runtime.getIsolateId","id":100000373}
---

--- 2026-06-06T11:31:14.444Z debug
[InspectorProxyWorker] RUNTIME INCOMING MESSAGE { id: 100000373, result: { id: '3312cd6607bde743' } }
---

--- 2026-06-06T11:31:24.458Z debug
[InspectorProxyWorker] SEND TO RUNTIME {"method":"Runtime.getIsolateId","id":100000374}
---

--- 2026-06-06T11:31:24.459Z debug
[InspectorProxyWorker] RUNTIME INCOMING MESSAGE { id: 100000374, result: { id: '3312cd6607bde743' } }
---

--- 2026-06-06T11:31:34.476Z debug
[InspectorProxyWorker] SEND TO RUNTIME {"method":"Runtime.getIsolateId","id":100000375}
---

--- 2026-06-06T11:31:34.476Z debug
[InspectorProxyWorker] RUNTIME INCOMING MESSAGE { id: 100000375, result: { id: '3312cd6607bde743' } }
---

--- 2026-06-06T11:31:44.491Z debug
[InspectorProxyWorker] SEND TO RUNTIME {"method":"Runtime.getIsolateId","id":100000376}
---

--- 2026-06-06T11:31:44.492Z debug
[InspectorProxyWorker] RUNTIME INCOMING MESSAGE { id: 100000376, result: { id: '3312cd6607bde743' } }
---

--- 2026-06-06T11:31:54.506Z debug
[InspectorProxyWorker] SEND TO RUNTIME {"method":"Runtime.getIsolateId","id":100000377}
---

--- 2026-06-06T11:31:54.507Z debug
[InspectorProxyWorker] RUNTIME INCOMING MESSAGE { id: 100000377, result: { id: '3312cd6607bde743' } }
---

--- 2026-06-06T11:32:04.510Z debug
[InspectorProxyWorker] RUNTIME INCOMING MESSAGE { id: 100000378, result: { id: '3312cd6607bde743' } }
---

--- 2026-06-06T11:32:04.511Z debug
[InspectorProxyWorker] SEND TO RUNTIME {"method":"Runtime.getIsolateId","id":100000378}
---

--- 2026-06-06T11:32:14.511Z debug
[InspectorProxyWorker] SEND TO RUNTIME {"method":"Runtime.getIsolateId","id":100000379}
---

--- 2026-06-06T11:32:14.511Z debug
[InspectorProxyWorker] RUNTIME INCOMING MESSAGE { id: 100000379, result: { id: '3312cd6607bde743' } }
---

--- 2026-06-06T11:32:24.526Z debug
[InspectorProxyWorker] RUNTIME INCOMING MESSAGE { id: 100000380, result: { id: '3312cd6607bde743' } }
---

--- 2026-06-06T11:32:24.527Z debug
[InspectorProxyWorker] SEND TO RUNTIME {"method":"Runtime.getIsolateId","id":100000380}
---

--- 2026-06-06T11:32:34.535Z debug
[InspectorProxyWorker] RUNTIME INCOMING MESSAGE { id: 100000381, result: { id: '3312cd6607bde743' } }
---

--- 2026-06-06T11:32:34.537Z debug
[InspectorProxyWorker] SEND TO RUNTIME {"method":"Runtime.getIsolateId","id":100000381}
---

--- 2026-06-06T11:32:44.544Z debug
[InspectorProxyWorker] RUNTIME INCOMING MESSAGE { id: 100000382, result: { id: '3312cd6607bde743' } }
---

--- 2026-06-06T11:32:44.544Z debug
[InspectorProxyWorker] SEND TO RUNTIME {"method":"Runtime.getIsolateId","id":100000382}
---

--- 2026-06-06T11:32:54.549Z debug
[InspectorProxyWorker] SEND TO RUNTIME {"method":"Runtime.getIsolateId","id":100000383}
---

--- 2026-06-06T11:32:54.551Z debug
[InspectorProxyWorker] RUNTIME INCOMING MESSAGE { id: 100000383, result: { id: '3312cd6607bde743' } }
---

--- 2026-06-06T11:33:04.559Z debug
[InspectorProxyWorker] RUNTIME INCOMING MESSAGE { id: 100000384, result: { id: '3312cd6607bde743' } }
---

--- 2026-06-06T11:33:04.560Z debug
[InspectorProxyWorker] SEND TO RUNTIME {"method":"Runtime.getIsolateId","id":100000384}
---

--- 2026-06-06T11:33:14.559Z debug
[InspectorProxyWorker] SEND TO RUNTIME {"method":"Runtime.getIsolateId","id":100000385}
---

--- 2026-06-06T11:33:14.560Z debug
[InspectorProxyWorker] RUNTIME INCOMING MESSAGE { id: 100000385, result: { id: '3312cd6607bde743' } }
---

--- 2026-06-06T11:33:24.561Z debug
[InspectorProxyWorker] SEND TO RUNTIME {"method":"Runtime.getIsolateId","id":100000386}
---

--- 2026-06-06T11:33:24.561Z debug
[InspectorProxyWorker] RUNTIME INCOMING MESSAGE { id: 100000386, result: { id: '3312cd6607bde743' } }
---

--- 2026-06-06T11:33:34.577Z debug
[InspectorProxyWorker] SEND TO RUNTIME {"method":"Runtime.getIsolateId","id":100000387}
---

--- 2026-06-06T11:33:34.577Z debug
[InspectorProxyWorker] RUNTIME INCOMING MESSAGE { id: 100000387, result: { id: '3312cd6607bde743' } }
---

--- 2026-06-06T11:33:44.593Z debug
[InspectorProxyWorker] RUNTIME INCOMING MESSAGE { id: 100000388, result: { id: '3312cd6607bde743' } }
---

--- 2026-06-06T11:33:44.593Z debug
[InspectorProxyWorker] SEND TO RUNTIME {"method":"Runtime.getIsolateId","id":100000388}
---

--- 2026-06-06T11:33:54.594Z debug
[InspectorProxyWorker] SEND TO RUNTIME {"method":"Runtime.getIsolateId","id":100000389}
---

--- 2026-06-06T11:33:54.595Z debug
[InspectorProxyWorker] RUNTIME INCOMING MESSAGE { id: 100000389, result: { id: '3312cd6607bde743' } }
---

--- 2026-06-06T11:34:04.598Z debug
[InspectorProxyWorker] SEND TO RUNTIME {"method":"Runtime.getIsolateId","id":100000390}
---

--- 2026-06-06T11:34:04.599Z debug
[InspectorProxyWorker] RUNTIME INCOMING MESSAGE { id: 100000390, result: { id: '3312cd6607bde743' } }
---

--- 2026-06-06T11:34:14.609Z debug
[InspectorProxyWorker] RUNTIME INCOMING MESSAGE { id: 100000391, result: { id: '3312cd6607bde743' } }
---

--- 2026-06-06T11:34:14.610Z debug
[InspectorProxyWorker] SEND TO RUNTIME {"method":"Runtime.getIsolateId","id":100000391}
---

--- 2026-06-06T11:34:24.610Z debug
[InspectorProxyWorker] RUNTIME INCOMING MESSAGE { id: 100000392, result: { id: '3312cd6607bde743' } }
---

--- 2026-06-06T11:34:24.611Z debug
[InspectorProxyWorker] SEND TO RUNTIME {"method":"Runtime.getIsolateId","id":100000392}
---

--- 2026-06-06T11:34:34.612Z debug
[InspectorProxyWorker] SEND TO RUNTIME {"method":"Runtime.getIsolateId","id":100000393}
---

--- 2026-06-06T11:34:34.612Z debug
[InspectorProxyWorker] RUNTIME INCOMING MESSAGE { id: 100000393, result: { id: '3312cd6607bde743' } }
---

--- 2026-06-06T11:34:44.626Z debug
[InspectorProxyWorker] SEND TO RUNTIME {"method":"Runtime.getIsolateId","id":100000394}
---

--- 2026-06-06T11:34:44.627Z debug
[InspectorProxyWorker] RUNTIME INCOMING MESSAGE { id: 100000394, result: { id: '3312cd6607bde743' } }
---

--- 2026-06-06T11:34:54.628Z debug
[InspectorProxyWorker] RUNTIME INCOMING MESSAGE { id: 100000395, result: { id: '3312cd6607bde743' } }
---

--- 2026-06-06T11:34:54.629Z debug
[InspectorProxyWorker] SEND TO RUNTIME {"method":"Runtime.getIsolateId","id":100000395}
---

--- 2026-06-06T11:35:04.629Z debug
[InspectorProxyWorker] RUNTIME INCOMING MESSAGE { id: 100000396, result: { id: '3312cd6607bde743' } }
---

--- 2026-06-06T11:35:04.630Z debug
[InspectorProxyWorker] SEND TO RUNTIME {"method":"Runtime.getIsolateId","id":100000396}
---

--- 2026-06-06T11:35:14.645Z debug
[InspectorProxyWorker] RUNTIME INCOMING MESSAGE { id: 100000397, result: { id: '3312cd6607bde743' } }
---

--- 2026-06-06T11:35:14.645Z debug
[InspectorProxyWorker] SEND TO RUNTIME {"method":"Runtime.getIsolateId","id":100000397}
---

--- 2026-06-06T11:35:24.646Z debug
[InspectorProxyWorker] SEND TO RUNTIME {"method":"Runtime.getIsolateId","id":100000398}
---

--- 2026-06-06T11:35:24.646Z debug
[InspectorProxyWorker] RUNTIME INCOMING MESSAGE { id: 100000398, result: { id: '3312cd6607bde743' } }
---

--- 2026-06-06T11:35:34.660Z debug
[InspectorProxyWorker] RUNTIME INCOMING MESSAGE { id: 100000399, result: { id: '3312cd6607bde743' } }
---

--- 2026-06-06T11:35:34.661Z debug
[InspectorProxyWorker] SEND TO RUNTIME {"method":"Runtime.getIsolateId","id":100000399}
---

--- 2026-06-06T11:35:44.677Z debug
[InspectorProxyWorker] SEND TO RUNTIME {"method":"Runtime.getIsolateId","id":100000400}
---

--- 2026-06-06T11:35:44.678Z debug
[InspectorProxyWorker] RUNTIME INCOMING MESSAGE { id: 100000400, result: { id: '3312cd6607bde743' } }
---

--- 2026-06-06T11:35:54.678Z debug
[InspectorProxyWorker] RUNTIME INCOMING MESSAGE { id: 100000401, result: { id: '3312cd6607bde743' } }
---

--- 2026-06-06T11:35:54.679Z debug
[InspectorProxyWorker] SEND TO RUNTIME {"method":"Runtime.getIsolateId","id":100000401}
---

--- 2026-06-06T11:36:04.679Z debug
[InspectorProxyWorker] SEND TO RUNTIME {"method":"Runtime.getIsolateId","id":100000402}
---

--- 2026-06-06T11:36:04.679Z debug
[InspectorProxyWorker] RUNTIME INCOMING MESSAGE { id: 100000402, result: { id: '3312cd6607bde743' } }
---

--- 2026-06-06T11:36:14.681Z debug
[InspectorProxyWorker] RUNTIME INCOMING MESSAGE { id: 100000403, result: { id: '3312cd6607bde743' } }
---

--- 2026-06-06T11:36:14.682Z debug
[InspectorProxyWorker] SEND TO RUNTIME {"method":"Runtime.getIsolateId","id":100000403}
---

--- 2026-06-06T11:36:24.695Z debug
[InspectorProxyWorker] RUNTIME INCOMING MESSAGE { id: 100000404, result: { id: '3312cd6607bde743' } }
---

--- 2026-06-06T11:36:24.696Z debug
[InspectorProxyWorker] SEND TO RUNTIME {"method":"Runtime.getIsolateId","id":100000404}
---

--- 2026-06-06T11:36:34.701Z debug
[InspectorProxyWorker] RUNTIME INCOMING MESSAGE { id: 100000405, result: { id: '3312cd6607bde743' } }
---

--- 2026-06-06T11:36:34.703Z debug
[InspectorProxyWorker] SEND TO RUNTIME {"method":"Runtime.getIsolateId","id":100000405}
---

--- 2026-06-06T11:36:44.710Z debug
[InspectorProxyWorker] SEND TO RUNTIME {"method":"Runtime.getIsolateId","id":100000406}
---

--- 2026-06-06T11:36:44.711Z debug
[InspectorProxyWorker] RUNTIME INCOMING MESSAGE { id: 100000406, result: { id: '3312cd6607bde743' } }
---

--- 2026-06-06T11:36:54.712Z debug
[InspectorProxyWorker] RUNTIME INCOMING MESSAGE { id: 100000407, result: { id: '3312cd6607bde743' } }
---

--- 2026-06-06T11:36:54.712Z debug
[InspectorProxyWorker] SEND TO RUNTIME {"method":"Runtime.getIsolateId","id":100000407}
---

--- 2026-06-06T11:37:04.713Z debug
[InspectorProxyWorker] RUNTIME INCOMING MESSAGE { id: 100000408, result: { id: '3312cd6607bde743' } }
---

--- 2026-06-06T11:37:04.714Z debug
[InspectorProxyWorker] SEND TO RUNTIME {"method":"Runtime.getIsolateId","id":100000408}
---

--- 2026-06-06T11:37:14.727Z debug
[InspectorProxyWorker] SEND TO RUNTIME {"method":"Runtime.getIsolateId","id":100000409}
---

--- 2026-06-06T11:37:14.727Z debug
[InspectorProxyWorker] RUNTIME INCOMING MESSAGE { id: 100000409, result: { id: '3312cd6607bde743' } }
---

--- 2026-06-06T11:37:24.728Z debug
[InspectorProxyWorker] SEND TO RUNTIME {"method":"Runtime.getIsolateId","id":100000410}
---

--- 2026-06-06T11:37:24.729Z debug
[InspectorProxyWorker] RUNTIME INCOMING MESSAGE { id: 100000410, result: { id: '3312cd6607bde743' } }
---

--- 2026-06-06T11:37:34.731Z debug
[InspectorProxyWorker] RUNTIME INCOMING MESSAGE { id: 100000411, result: { id: '3312cd6607bde743' } }
---

--- 2026-06-06T11:37:34.731Z debug
[InspectorProxyWorker] SEND TO RUNTIME {"method":"Runtime.getIsolateId","id":100000411}
---

--- 2026-06-06T11:37:44.745Z debug
[InspectorProxyWorker] SEND TO RUNTIME {"method":"Runtime.getIsolateId","id":100000412}
---

--- 2026-06-06T11:37:44.745Z debug
[InspectorProxyWorker] RUNTIME INCOMING MESSAGE { id: 100000412, result: { id: '3312cd6607bde743' } }
---

--- 2026-06-06T11:37:54.745Z debug
[InspectorProxyWorker] RUNTIME INCOMING MESSAGE { id: 100000413, result: { id: '3312cd6607bde743' } }
---

--- 2026-06-06T11:37:54.746Z debug
[InspectorProxyWorker] SEND TO RUNTIME {"method":"Runtime.getIsolateId","id":100000413}
---

--- 2026-06-06T11:38:04.746Z debug
[InspectorProxyWorker] SEND TO RUNTIME {"method":"Runtime.getIsolateId","id":100000414}
---

--- 2026-06-06T11:38:04.746Z debug
[InspectorProxyWorker] RUNTIME INCOMING MESSAGE { id: 100000414, result: { id: '3312cd6607bde743' } }
---

--- 2026-06-06T11:38:14.747Z debug
[InspectorProxyWorker] SEND TO RUNTIME {"method":"Runtime.getIsolateId","id":100000415}
---

--- 2026-06-06T11:38:14.747Z debug
[InspectorProxyWorker] RUNTIME INCOMING MESSAGE { id: 100000415, result: { id: '3312cd6607bde743' } }
---

--- 2026-06-06T11:38:24.758Z debug
[InspectorProxyWorker] SEND TO RUNTIME {"method":"Runtime.getIsolateId","id":100000416}
---

--- 2026-06-06T11:38:24.759Z debug
[InspectorProxyWorker] RUNTIME INCOMING MESSAGE { id: 100000416, result: { id: '3312cd6607bde743' } }
---

--- 2026-06-06T11:38:31.440Z debug
wrangler.jsonc changed...
---

--- 2026-06-06T11:38:31.440Z debug
config file changed C:\Users\david\gerenciador-chamados\src\components\gamificacao\cloudflare-pong-worker\wrangler.jsonc
---

--- 2026-06-06T11:38:31.440Z debug
Updating config... AbortSignal { aborted: false } false
---

--- 2026-06-06T11:38:31.505Z debug
local dev variables file not found at ".dev.vars". Continuing... For more details, refer to https://developers.cloudflare.com/workers/wrangler/system-environment-variables/
---

--- 2026-06-06T11:38:31.505Z debug
.env file not found at "C:\Users\david\gerenciador-chamados\src\components\gamificacao\cloudflare-pong-worker\.env". Continuing... For more details, refer to https://developers.cloudflare.com/workers/wrangler/system-environment-variables/
---

--- 2026-06-06T11:38:31.505Z debug
.env file not found at "C:\Users\david\gerenciador-chamados\src\components\gamificacao\cloudflare-pong-worker\.env.local". Continuing... For more details, refer to https://developers.cloudflare.com/workers/wrangler/system-environment-variables/
---

--- 2026-06-06T11:38:31.506Z log
Your Worker has access to the following bindings:
---

--- 2026-06-06T11:38:31.506Z log
Binding                Resource                Mode
---

--- 2026-06-06T11:38:31.507Z log
env.MATCH_ROOMS        Durable Object          local
  MatchRoom
---

--- 2026-06-06T11:38:31.507Z log
env.ALLOWED_ORIGIN     Environment Variable    local
  "http://localhost:5173"
---

--- 2026-06-06T11:38:31.507Z log
env.ALLOWED_ORIGINS    Environment Variable    local
  "http://localhost:5173,http://127.0.0...."
---

--- 2026-06-06T11:38:31.507Z log

---

--- 2026-06-06T11:38:31.779Z debug
RemoteRuntimeController teardown beginning...
---

--- 2026-06-06T11:38:31.780Z debug
RemoteRuntimeController teardown complete
---

--- 2026-06-06T11:38:31.782Z log
⎔ Reloading local server...
---

--- 2026-06-06T11:38:31.785Z debug
[InspectorProxyWorker] handleProxyControllerIncomingMessage {"type":"reloadStart"}
---

--- 2026-06-06T11:38:31.786Z debug
[InspectorProxyWorker] SEND TO RUNTIME {"method":"Runtime.discardConsoleEntries","id":100000417}
---

--- 2026-06-06T11:38:31.787Z debug
[InspectorProxyWorker] RUNTIME INCOMING MESSAGE { id: 100000417, result: {} }
---

--- 2026-06-06T11:38:31.823Z debug
[InspectorProxyWorker] RUNTIME WEBSOCKET ERROR {
  message: 'internal error; reference = 933uuqlfapa96015b7rd9aia',
  name: 'Error',
  stack: 'Error: internal error; reference = 933uuqlfapa96015b7rd9aia'
}
---

--- 2026-06-06T11:38:31.824Z debug
[InspectorProxyWorker] 'runtime websocket' error {
  message: 'internal error; reference = 933uuqlfapa96015b7rd9aia',
  name: 'Error',
  stack: 'Error: internal error; reference = 933uuqlfapa96015b7rd9aia'
}
---

--- 2026-06-06T11:38:31.919Z log
⎔ Local server updated and ready
---

--- 2026-06-06T11:38:31.922Z debug
[InspectorProxyWorker] reconnectRuntimeWebSocket
---

--- 2026-06-06T11:38:31.923Z debug
[InspectorProxyWorker] NEW RUNTIME WEBSOCKET http://127.0.0.1:57989/core:user:arena-pong-worker
---

--- 2026-06-06T11:38:31.924Z debug
[InspectorProxyWorker] SEND TO DEVTOOLS {"method":"Runtime.executionContextsCleared"}
---

--- 2026-06-06T11:38:31.925Z debug
[InspectorProxyWorker] handleProxyControllerIncomingMessage {"type":"reloadComplete","proxyData":{"userWorkerUrl":{"protocol":"http:","hostname":"127.0.0.1","port":"62792"},"userWorkerInspectorUrl":{"protocol":"ws:","hostname":"127.0.0.1","port":"57989","pathname":"/core:user:arena-pong-worker"},"userWorkerInnerUrlOverrides":{"protocol":"http:"},"headers":{"MF-Proxy-Shared-Secret":"8a5ca2f7-5c02-4b92-8242-77f4eb689c28"},"liveReload":false,"proxyLogsToController":false}}
---

--- 2026-06-06T11:38:31.927Z debug
[InspectorProxyWorker] RUNTIME WEBSOCKET OPENED
---

--- 2026-06-06T11:38:31.928Z debug
[InspectorProxyWorker] SEND TO RUNTIME {"method":"Runtime.enable","id":100000418}
---

--- 2026-06-06T11:38:31.929Z debug
[InspectorProxyWorker] SEND TO RUNTIME {"method":"Network.enable","id":100000419}
---

--- 2026-06-06T11:38:31.930Z debug
[InspectorProxyWorker] RUNTIME INCOMING MESSAGE {
  method: 'Runtime.executionContextCreated',
  params: {
    context: {
      id: 276430753,
      origin: '',
      name: 'Worker',
      uniqueId: '-5539788193881763462.-7720667478045145077'
    }
  }
}
---

--- 2026-06-06T11:38:31.931Z debug
[InspectorProxyWorker] RUNTIME INCOMING MESSAGE { id: 100000418, result: {} }
---

--- 2026-06-06T11:38:31.932Z debug
[InspectorProxyWorker] RUNTIME INCOMING MESSAGE { id: 100000419, method: 'Network.enable', result: {} }
---

--- 2026-06-06T11:38:41.930Z debug
[InspectorProxyWorker] RUNTIME INCOMING MESSAGE { id: 100000420, result: { id: '1eee3444ae586db1' } }
---

--- 2026-06-06T11:38:41.931Z debug
[InspectorProxyWorker] SEND TO RUNTIME {"method":"Runtime.getIsolateId","id":100000420}
---

--- 2026-06-06T11:38:51.946Z debug
[InspectorProxyWorker] RUNTIME INCOMING MESSAGE { id: 100000421, result: { id: '1eee3444ae586db1' } }
---

--- 2026-06-06T11:38:51.947Z debug
[InspectorProxyWorker] SEND TO RUNTIME {"method":"Runtime.getIsolateId","id":100000421}
---

--- 2026-06-06T11:39:01.947Z debug
[InspectorProxyWorker] RUNTIME INCOMING MESSAGE { id: 100000422, result: { id: '1eee3444ae586db1' } }
---

--- 2026-06-06T11:39:01.948Z debug
[InspectorProxyWorker] SEND TO RUNTIME {"method":"Runtime.getIsolateId","id":100000422}
---

--- 2026-06-06T11:39:11.960Z debug
[InspectorProxyWorker] SEND TO RUNTIME {"method":"Runtime.getIsolateId","id":100000423}
---

--- 2026-06-06T11:39:11.961Z debug
[InspectorProxyWorker] RUNTIME INCOMING MESSAGE { id: 100000423, result: { id: '1eee3444ae586db1' } }
---

--- 2026-06-06T11:39:21.964Z debug
[InspectorProxyWorker] RUNTIME INCOMING MESSAGE { id: 100000424, result: { id: '1eee3444ae586db1' } }
---

--- 2026-06-06T11:39:21.964Z debug
[InspectorProxyWorker] SEND TO RUNTIME {"method":"Runtime.getIsolateId","id":100000424}
---

--- 2026-06-06T11:39:31.965Z debug
[InspectorProxyWorker] SEND TO RUNTIME {"method":"Runtime.getIsolateId","id":100000425}
---

--- 2026-06-06T11:39:31.965Z debug
[InspectorProxyWorker] RUNTIME INCOMING MESSAGE { id: 100000425, result: { id: '1eee3444ae586db1' } }
---

--- 2026-06-06T11:39:41.978Z debug
[InspectorProxyWorker] SEND TO RUNTIME {"method":"Runtime.getIsolateId","id":100000426}
---

--- 2026-06-06T11:39:41.979Z debug
[InspectorProxyWorker] RUNTIME INCOMING MESSAGE { id: 100000426, result: { id: '1eee3444ae586db1' } }
---

--- 2026-06-06T11:39:51.983Z debug
[InspectorProxyWorker] SEND TO RUNTIME {"method":"Runtime.getIsolateId","id":100000427}
---

--- 2026-06-06T11:39:51.986Z debug
[InspectorProxyWorker] RUNTIME INCOMING MESSAGE { id: 100000427, result: { id: '1eee3444ae586db1' } }
---

--- 2026-06-06T11:40:01.995Z debug
[InspectorProxyWorker] RUNTIME INCOMING MESSAGE { id: 100000428, result: { id: '1eee3444ae586db1' } }
---

--- 2026-06-06T11:40:01.995Z debug
[InspectorProxyWorker] SEND TO RUNTIME {"method":"Runtime.getIsolateId","id":100000428}
---

--- 2026-06-06T11:40:12.011Z debug
[InspectorProxyWorker] RUNTIME INCOMING MESSAGE { id: 100000429, result: { id: '1eee3444ae586db1' } }
---

--- 2026-06-06T11:40:12.011Z debug
[InspectorProxyWorker] SEND TO RUNTIME {"method":"Runtime.getIsolateId","id":100000429}
---

--- 2026-06-06T11:40:22.026Z debug
[InspectorProxyWorker] SEND TO RUNTIME {"method":"Runtime.getIsolateId","id":100000430}
---

--- 2026-06-06T11:40:22.027Z debug
[InspectorProxyWorker] RUNTIME INCOMING MESSAGE { id: 100000430, result: { id: '1eee3444ae586db1' } }
---

--- 2026-06-06T11:40:32.035Z debug
[InspectorProxyWorker] RUNTIME INCOMING MESSAGE { id: 100000431, result: { id: '1eee3444ae586db1' } }
---

--- 2026-06-06T11:40:32.037Z debug
[InspectorProxyWorker] SEND TO RUNTIME {"method":"Runtime.getIsolateId","id":100000431}
---

--- 2026-06-06T11:40:42.043Z debug
[InspectorProxyWorker] SEND TO RUNTIME {"method":"Runtime.getIsolateId","id":100000432}
---

--- 2026-06-06T11:40:42.043Z debug
[InspectorProxyWorker] RUNTIME INCOMING MESSAGE { id: 100000432, result: { id: '1eee3444ae586db1' } }
---

--- 2026-06-06T11:40:52.050Z debug
[InspectorProxyWorker] SEND TO RUNTIME {"method":"Runtime.getIsolateId","id":100000433}
---

--- 2026-06-06T11:40:52.051Z debug
[InspectorProxyWorker] RUNTIME INCOMING MESSAGE { id: 100000433, result: { id: '1eee3444ae586db1' } }
---

--- 2026-06-06T11:41:02.063Z debug
[InspectorProxyWorker] SEND TO RUNTIME {"method":"Runtime.getIsolateId","id":100000434}
---

--- 2026-06-06T11:41:02.063Z debug
[InspectorProxyWorker] RUNTIME INCOMING MESSAGE { id: 100000434, result: { id: '1eee3444ae586db1' } }
---

--- 2026-06-06T11:41:12.076Z debug
[InspectorProxyWorker] SEND TO RUNTIME {"method":"Runtime.getIsolateId","id":100000435}
---

--- 2026-06-06T11:41:12.077Z debug
[InspectorProxyWorker] RUNTIME INCOMING MESSAGE { id: 100000435, result: { id: '1eee3444ae586db1' } }
---

--- 2026-06-06T11:41:22.081Z debug
[InspectorProxyWorker] SEND TO RUNTIME {"method":"Runtime.getIsolateId","id":100000436}
---

--- 2026-06-06T11:41:22.082Z debug
[InspectorProxyWorker] RUNTIME INCOMING MESSAGE { id: 100000436, result: { id: '1eee3444ae586db1' } }
---

--- 2026-06-06T11:41:32.082Z debug
[InspectorProxyWorker] SEND TO RUNTIME {"method":"Runtime.getIsolateId","id":100000437}
---

--- 2026-06-06T11:41:32.082Z debug
[InspectorProxyWorker] RUNTIME INCOMING MESSAGE { id: 100000437, result: { id: '1eee3444ae586db1' } }
---

--- 2026-06-06T11:41:42.082Z debug
[InspectorProxyWorker] SEND TO RUNTIME {"method":"Runtime.getIsolateId","id":100000438}
---

--- 2026-06-06T11:41:42.083Z debug
[InspectorProxyWorker] RUNTIME INCOMING MESSAGE { id: 100000438, result: { id: '1eee3444ae586db1' } }
---

--- 2026-06-06T11:41:52.096Z debug
[InspectorProxyWorker] SEND TO RUNTIME {"method":"Runtime.getIsolateId","id":100000439}
---

--- 2026-06-06T11:41:52.097Z debug
[InspectorProxyWorker] RUNTIME INCOMING MESSAGE { id: 100000439, result: { id: '1eee3444ae586db1' } }
---

--- 2026-06-06T11:42:02.112Z debug
[InspectorProxyWorker] RUNTIME INCOMING MESSAGE { id: 100000440, result: { id: '1eee3444ae586db1' } }
---

--- 2026-06-06T11:42:02.113Z debug
[InspectorProxyWorker] SEND TO RUNTIME {"method":"Runtime.getIsolateId","id":100000440}
---

--- 2026-06-06T11:42:12.113Z debug
[InspectorProxyWorker] SEND TO RUNTIME {"method":"Runtime.getIsolateId","id":100000441}
---

--- 2026-06-06T11:42:12.114Z debug
[InspectorProxyWorker] RUNTIME INCOMING MESSAGE { id: 100000441, result: { id: '1eee3444ae586db1' } }
---

--- 2026-06-06T11:42:22.116Z debug
[InspectorProxyWorker] SEND TO RUNTIME {"method":"Runtime.getIsolateId","id":100000442}
---

--- 2026-06-06T11:42:22.118Z debug
[InspectorProxyWorker] RUNTIME INCOMING MESSAGE { id: 100000442, result: { id: '1eee3444ae586db1' } }
---

--- 2026-06-06T11:42:32.119Z debug
[InspectorProxyWorker] RUNTIME INCOMING MESSAGE { id: 100000443, result: { id: '1eee3444ae586db1' } }
---

--- 2026-06-06T11:42:32.120Z debug
[InspectorProxyWorker] SEND TO RUNTIME {"method":"Runtime.getIsolateId","id":100000443}
---

--- 2026-06-06T11:42:42.125Z debug
[InspectorProxyWorker] SEND TO RUNTIME {"method":"Runtime.getIsolateId","id":100000444}
---

--- 2026-06-06T11:42:42.127Z debug
[InspectorProxyWorker] RUNTIME INCOMING MESSAGE { id: 100000444, result: { id: '1eee3444ae586db1' } }
---

--- 2026-06-06T11:42:52.127Z debug
[InspectorProxyWorker] RUNTIME INCOMING MESSAGE { id: 100000445, result: { id: '1eee3444ae586db1' } }
---

--- 2026-06-06T11:42:52.127Z debug
[InspectorProxyWorker] SEND TO RUNTIME {"method":"Runtime.getIsolateId","id":100000445}
---

--- 2026-06-06T11:43:02.139Z debug
[InspectorProxyWorker] RUNTIME INCOMING MESSAGE { id: 100000446, result: { id: '1eee3444ae586db1' } }
---

--- 2026-06-06T11:43:02.141Z debug
[InspectorProxyWorker] SEND TO RUNTIME {"method":"Runtime.getIsolateId","id":100000446}
---

--- 2026-06-06T11:43:12.149Z debug
[InspectorProxyWorker] SEND TO RUNTIME {"method":"Runtime.getIsolateId","id":100000447}
---

--- 2026-06-06T11:43:12.150Z debug
[InspectorProxyWorker] RUNTIME INCOMING MESSAGE { id: 100000447, result: { id: '1eee3444ae586db1' } }
---

--- 2026-06-06T11:43:22.150Z debug
[InspectorProxyWorker] SEND TO RUNTIME {"method":"Runtime.getIsolateId","id":100000448}
---

--- 2026-06-06T11:43:22.151Z debug
[InspectorProxyWorker] RUNTIME INCOMING MESSAGE { id: 100000448, result: { id: '1eee3444ae586db1' } }
---

--- 2026-06-06T11:43:32.164Z debug
[InspectorProxyWorker] SEND TO RUNTIME {"method":"Runtime.getIsolateId","id":100000449}
---

--- 2026-06-06T11:43:32.165Z debug
[InspectorProxyWorker] RUNTIME INCOMING MESSAGE { id: 100000449, result: { id: '1eee3444ae586db1' } }
---

--- 2026-06-06T11:43:42.172Z debug
[InspectorProxyWorker] RUNTIME INCOMING MESSAGE { id: 100000450, result: { id: '1eee3444ae586db1' } }
---

--- 2026-06-06T11:43:42.174Z debug
[InspectorProxyWorker] SEND TO RUNTIME {"method":"Runtime.getIsolateId","id":100000450}
---

--- 2026-06-06T11:43:52.183Z debug
[InspectorProxyWorker] RUNTIME INCOMING MESSAGE { id: 100000451, result: { id: '1eee3444ae586db1' } }
---

--- 2026-06-06T11:43:52.183Z debug
[InspectorProxyWorker] SEND TO RUNTIME {"method":"Runtime.getIsolateId","id":100000451}
---

--- 2026-06-06T11:44:02.201Z debug
[InspectorProxyWorker] SEND TO RUNTIME {"method":"Runtime.getIsolateId","id":100000452}
---

--- 2026-06-06T11:44:02.203Z debug
[InspectorProxyWorker] RUNTIME INCOMING MESSAGE { id: 100000452, result: { id: '1eee3444ae586db1' } }
---

--- 2026-06-06T11:44:12.203Z debug
[InspectorProxyWorker] SEND TO RUNTIME {"method":"Runtime.getIsolateId","id":100000453}
---

--- 2026-06-06T11:44:12.204Z debug
[InspectorProxyWorker] RUNTIME INCOMING MESSAGE { id: 100000453, result: { id: '1eee3444ae586db1' } }
---

--- 2026-06-06T11:44:22.205Z debug
[InspectorProxyWorker] SEND TO RUNTIME {"method":"Runtime.getIsolateId","id":100000454}
---

--- 2026-06-06T11:44:22.205Z debug
[InspectorProxyWorker] RUNTIME INCOMING MESSAGE { id: 100000454, result: { id: '1eee3444ae586db1' } }
---

--- 2026-06-06T11:44:32.217Z debug
[InspectorProxyWorker] RUNTIME INCOMING MESSAGE { id: 100000455, result: { id: '1eee3444ae586db1' } }
---

--- 2026-06-06T11:44:32.217Z debug
[InspectorProxyWorker] SEND TO RUNTIME {"method":"Runtime.getIsolateId","id":100000455}
---

--- 2026-06-06T11:44:42.217Z debug
[InspectorProxyWorker] SEND TO RUNTIME {"method":"Runtime.getIsolateId","id":100000456}
---

--- 2026-06-06T11:44:42.218Z debug
[InspectorProxyWorker] RUNTIME INCOMING MESSAGE { id: 100000456, result: { id: '1eee3444ae586db1' } }
---

--- 2026-06-06T11:44:52.236Z debug
[InspectorProxyWorker] RUNTIME INCOMING MESSAGE { id: 100000457, result: { id: '1eee3444ae586db1' } }
---

--- 2026-06-06T11:44:52.237Z debug
[InspectorProxyWorker] SEND TO RUNTIME {"method":"Runtime.getIsolateId","id":100000457}
---

--- 2026-06-06T11:45:02.241Z debug
[InspectorProxyWorker] SEND TO RUNTIME {"method":"Runtime.getIsolateId","id":100000458}
---

--- 2026-06-06T11:45:02.244Z debug
[InspectorProxyWorker] RUNTIME INCOMING MESSAGE { id: 100000458, result: { id: '1eee3444ae586db1' } }
---

--- 2026-06-06T11:45:12.253Z debug
[InspectorProxyWorker] RUNTIME INCOMING MESSAGE { id: 100000459, result: { id: '1eee3444ae586db1' } }
---

--- 2026-06-06T11:45:12.254Z debug
[InspectorProxyWorker] SEND TO RUNTIME {"method":"Runtime.getIsolateId","id":100000459}
---

--- 2026-06-06T11:45:22.251Z debug
[InspectorProxyWorker] RUNTIME INCOMING MESSAGE { id: 100000460, result: { id: '1eee3444ae586db1' } }
---

--- 2026-06-06T11:45:22.252Z debug
[InspectorProxyWorker] SEND TO RUNTIME {"method":"Runtime.getIsolateId","id":100000460}
---

--- 2026-06-06T11:45:32.251Z debug
[InspectorProxyWorker] SEND TO RUNTIME {"method":"Runtime.getIsolateId","id":100000461}
---

--- 2026-06-06T11:45:32.252Z debug
[InspectorProxyWorker] RUNTIME INCOMING MESSAGE { id: 100000461, result: { id: '1eee3444ae586db1' } }
---

--- 2026-06-06T11:45:42.266Z debug
[InspectorProxyWorker] SEND TO RUNTIME {"method":"Runtime.getIsolateId","id":100000462}
---

--- 2026-06-06T11:45:42.267Z debug
[InspectorProxyWorker] RUNTIME INCOMING MESSAGE { id: 100000462, result: { id: '1eee3444ae586db1' } }
---

--- 2026-06-06T11:45:52.268Z debug
[InspectorProxyWorker] RUNTIME INCOMING MESSAGE { id: 100000463, result: { id: '1eee3444ae586db1' } }
---

--- 2026-06-06T11:45:52.268Z debug
[InspectorProxyWorker] SEND TO RUNTIME {"method":"Runtime.getIsolateId","id":100000463}
---

--- 2026-06-06T11:46:02.269Z debug
[InspectorProxyWorker] SEND TO RUNTIME {"method":"Runtime.getIsolateId","id":100000464}
---

--- 2026-06-06T11:46:02.270Z debug
[InspectorProxyWorker] RUNTIME INCOMING MESSAGE { id: 100000464, result: { id: '1eee3444ae586db1' } }
---

--- 2026-06-06T11:46:12.283Z debug
[InspectorProxyWorker] SEND TO RUNTIME {"method":"Runtime.getIsolateId","id":100000465}
---

--- 2026-06-06T11:46:12.284Z debug
[InspectorProxyWorker] RUNTIME INCOMING MESSAGE { id: 100000465, result: { id: '1eee3444ae586db1' } }
---

--- 2026-06-06T11:46:22.289Z debug
[InspectorProxyWorker] SEND TO RUNTIME {"method":"Runtime.getIsolateId","id":100000466}
---

--- 2026-06-06T11:46:22.291Z debug
[InspectorProxyWorker] RUNTIME INCOMING MESSAGE { id: 100000466, result: { id: '1eee3444ae586db1' } }
---

--- 2026-06-06T11:46:32.289Z debug
[InspectorProxyWorker] SEND TO RUNTIME {"method":"Runtime.getIsolateId","id":100000467}
---

--- 2026-06-06T11:46:32.292Z debug
[InspectorProxyWorker] RUNTIME INCOMING MESSAGE { id: 100000467, result: { id: '1eee3444ae586db1' } }
---

--- 2026-06-06T11:46:42.290Z debug
[InspectorProxyWorker] RUNTIME INCOMING MESSAGE { id: 100000468, result: { id: '1eee3444ae586db1' } }
---

--- 2026-06-06T11:46:42.292Z debug
[InspectorProxyWorker] SEND TO RUNTIME {"method":"Runtime.getIsolateId","id":100000468}
---

--- 2026-06-06T11:46:52.298Z debug
[InspectorProxyWorker] RUNTIME INCOMING MESSAGE { id: 100000469, result: { id: '1eee3444ae586db1' } }
---

--- 2026-06-06T11:46:52.299Z debug
[InspectorProxyWorker] SEND TO RUNTIME {"method":"Runtime.getIsolateId","id":100000469}
---

--- 2026-06-06T11:47:02.301Z debug
[InspectorProxyWorker] RUNTIME INCOMING MESSAGE { id: 100000470, result: { id: '1eee3444ae586db1' } }
---

--- 2026-06-06T11:47:02.302Z debug
[InspectorProxyWorker] SEND TO RUNTIME {"method":"Runtime.getIsolateId","id":100000470}
---

--- 2026-06-06T11:47:12.320Z debug
[InspectorProxyWorker] SEND TO RUNTIME {"method":"Runtime.getIsolateId","id":100000471}
---

--- 2026-06-06T11:47:12.322Z debug
[InspectorProxyWorker] RUNTIME INCOMING MESSAGE { id: 100000471, result: { id: '1eee3444ae586db1' } }
---

--- 2026-06-06T11:47:22.318Z debug
[InspectorProxyWorker] RUNTIME INCOMING MESSAGE { id: 100000472, result: { id: '1eee3444ae586db1' } }
---

--- 2026-06-06T11:47:22.319Z debug
[InspectorProxyWorker] SEND TO RUNTIME {"method":"Runtime.getIsolateId","id":100000472}
---

--- 2026-06-06T11:47:32.324Z debug
[InspectorProxyWorker] RUNTIME INCOMING MESSAGE { id: 100000473, result: { id: '1eee3444ae586db1' } }
---

--- 2026-06-06T11:47:32.326Z debug
[InspectorProxyWorker] SEND TO RUNTIME {"method":"Runtime.getIsolateId","id":100000473}
---

--- 2026-06-06T11:47:42.330Z debug
[InspectorProxyWorker] RUNTIME INCOMING MESSAGE { id: 100000474, result: { id: '1eee3444ae586db1' } }
---

--- 2026-06-06T11:47:42.331Z debug
[InspectorProxyWorker] SEND TO RUNTIME {"method":"Runtime.getIsolateId","id":100000474}
---

--- 2026-06-06T11:47:52.334Z debug
[InspectorProxyWorker] SEND TO RUNTIME {"method":"Runtime.getIsolateId","id":100000475}
---

--- 2026-06-06T11:47:52.334Z debug
[InspectorProxyWorker] RUNTIME INCOMING MESSAGE { id: 100000475, result: { id: '1eee3444ae586db1' } }
---

--- 2026-06-06T11:48:02.339Z debug
[InspectorProxyWorker] SEND TO RUNTIME {"method":"Runtime.getIsolateId","id":100000476}
---

--- 2026-06-06T11:48:02.341Z debug
[InspectorProxyWorker] RUNTIME INCOMING MESSAGE { id: 100000476, result: { id: '1eee3444ae586db1' } }
---

--- 2026-06-06T11:48:12.351Z debug
[InspectorProxyWorker] SEND TO RUNTIME {"method":"Runtime.getIsolateId","id":100000477}
---

--- 2026-06-06T11:48:12.352Z debug
[InspectorProxyWorker] RUNTIME INCOMING MESSAGE { id: 100000477, result: { id: '1eee3444ae586db1' } }
---

--- 2026-06-06T11:48:22.363Z debug
[InspectorProxyWorker] SEND TO RUNTIME {"method":"Runtime.getIsolateId","id":100000478}
---

--- 2026-06-06T11:48:22.364Z debug
[InspectorProxyWorker] RUNTIME INCOMING MESSAGE { id: 100000478, result: { id: '1eee3444ae586db1' } }
---

--- 2026-06-06T11:48:32.369Z debug
[InspectorProxyWorker] SEND TO RUNTIME {"method":"Runtime.getIsolateId","id":100000479}
---

--- 2026-06-06T11:48:32.370Z debug
[InspectorProxyWorker] RUNTIME INCOMING MESSAGE { id: 100000479, result: { id: '1eee3444ae586db1' } }
---

--- 2026-06-06T11:48:42.370Z debug
[InspectorProxyWorker] SEND TO RUNTIME {"method":"Runtime.getIsolateId","id":100000480}
---

--- 2026-06-06T11:48:42.371Z debug
[InspectorProxyWorker] RUNTIME INCOMING MESSAGE { id: 100000480, result: { id: '1eee3444ae586db1' } }
---

--- 2026-06-06T11:48:52.383Z debug
[InspectorProxyWorker] RUNTIME INCOMING MESSAGE { id: 100000481, result: { id: '1eee3444ae586db1' } }
---

--- 2026-06-06T11:48:52.384Z debug
[InspectorProxyWorker] SEND TO RUNTIME {"method":"Runtime.getIsolateId","id":100000481}
---

--- 2026-06-06T11:49:02.383Z debug
[InspectorProxyWorker] SEND TO RUNTIME {"method":"Runtime.getIsolateId","id":100000482}
---

--- 2026-06-06T11:49:02.384Z debug
[InspectorProxyWorker] RUNTIME INCOMING MESSAGE { id: 100000482, result: { id: '1eee3444ae586db1' } }
---

--- 2026-06-06T11:49:12.385Z debug
[InspectorProxyWorker] RUNTIME INCOMING MESSAGE { id: 100000483, result: { id: '1eee3444ae586db1' } }
---

--- 2026-06-06T11:49:12.386Z debug
[InspectorProxyWorker] SEND TO RUNTIME {"method":"Runtime.getIsolateId","id":100000483}
---

--- 2026-06-06T11:49:22.392Z debug
[InspectorProxyWorker] RUNTIME INCOMING MESSAGE { id: 100000484, result: { id: '1eee3444ae586db1' } }
---

--- 2026-06-06T11:49:22.394Z debug
[InspectorProxyWorker] SEND TO RUNTIME {"method":"Runtime.getIsolateId","id":100000484}
---

--- 2026-06-06T11:49:32.400Z debug
[InspectorProxyWorker] RUNTIME INCOMING MESSAGE { id: 100000485, result: { id: '1eee3444ae586db1' } }
---

--- 2026-06-06T11:49:32.401Z debug
[InspectorProxyWorker] SEND TO RUNTIME {"method":"Runtime.getIsolateId","id":100000485}
---

--- 2026-06-06T11:49:42.402Z debug
[InspectorProxyWorker] SEND TO RUNTIME {"method":"Runtime.getIsolateId","id":100000486}
---

--- 2026-06-06T11:49:42.404Z debug
[InspectorProxyWorker] RUNTIME INCOMING MESSAGE { id: 100000486, result: { id: '1eee3444ae586db1' } }
---

--- 2026-06-06T11:49:52.404Z debug
[InspectorProxyWorker] SEND TO RUNTIME {"method":"Runtime.getIsolateId","id":100000487}
---

--- 2026-06-06T11:49:52.405Z debug
[InspectorProxyWorker] RUNTIME INCOMING MESSAGE { id: 100000487, result: { id: '1eee3444ae586db1' } }
---

--- 2026-06-06T11:50:02.419Z debug
[InspectorProxyWorker] SEND TO RUNTIME {"method":"Runtime.getIsolateId","id":100000488}
---

--- 2026-06-06T11:50:02.422Z debug
[InspectorProxyWorker] RUNTIME INCOMING MESSAGE { id: 100000488, result: { id: '1eee3444ae586db1' } }
---

--- 2026-06-06T11:50:12.418Z debug
[InspectorProxyWorker] RUNTIME INCOMING MESSAGE { id: 100000489, result: { id: '1eee3444ae586db1' } }
---

--- 2026-06-06T11:50:12.419Z debug
[InspectorProxyWorker] SEND TO RUNTIME {"method":"Runtime.getIsolateId","id":100000489}
---

--- 2026-06-06T11:50:22.425Z debug
[InspectorProxyWorker] SEND TO RUNTIME {"method":"Runtime.getIsolateId","id":100000490}
---

--- 2026-06-06T11:50:22.427Z debug
[InspectorProxyWorker] RUNTIME INCOMING MESSAGE { id: 100000490, result: { id: '1eee3444ae586db1' } }
---

--- 2026-06-06T11:50:32.441Z debug
[InspectorProxyWorker] RUNTIME INCOMING MESSAGE { id: 100000491, result: { id: '1eee3444ae586db1' } }
---

--- 2026-06-06T11:50:32.443Z debug
[InspectorProxyWorker] SEND TO RUNTIME {"method":"Runtime.getIsolateId","id":100000491}
---

--- 2026-06-06T11:50:42.442Z debug
[InspectorProxyWorker] RUNTIME INCOMING MESSAGE { id: 100000492, result: { id: '1eee3444ae586db1' } }
---

--- 2026-06-06T11:50:42.444Z debug
[InspectorProxyWorker] SEND TO RUNTIME {"method":"Runtime.getIsolateId","id":100000492}
---

--- 2026-06-06T11:50:52.454Z debug
[InspectorProxyWorker] RUNTIME INCOMING MESSAGE { id: 100000493, result: { id: '1eee3444ae586db1' } }
---

--- 2026-06-06T11:50:52.456Z debug
[InspectorProxyWorker] SEND TO RUNTIME {"method":"Runtime.getIsolateId","id":100000493}
---

--- 2026-06-06T11:51:02.454Z debug
[InspectorProxyWorker] SEND TO RUNTIME {"method":"Runtime.getIsolateId","id":100000494}
---

--- 2026-06-06T11:51:02.455Z debug
[InspectorProxyWorker] RUNTIME INCOMING MESSAGE { id: 100000494, result: { id: '1eee3444ae586db1' } }
---

--- 2026-06-06T11:51:12.454Z debug
[InspectorProxyWorker] SEND TO RUNTIME {"method":"Runtime.getIsolateId","id":100000495}
---

--- 2026-06-06T11:51:12.455Z debug
[InspectorProxyWorker] RUNTIME INCOMING MESSAGE { id: 100000495, result: { id: '1eee3444ae586db1' } }
---

--- 2026-06-06T11:51:22.471Z debug
[InspectorProxyWorker] RUNTIME INCOMING MESSAGE { id: 100000496, result: { id: '1eee3444ae586db1' } }
---

--- 2026-06-06T11:51:22.472Z debug
[InspectorProxyWorker] SEND TO RUNTIME {"method":"Runtime.getIsolateId","id":100000496}
---

--- 2026-06-06T11:51:32.476Z debug
[InspectorProxyWorker] RUNTIME INCOMING MESSAGE { id: 100000497, result: { id: '1eee3444ae586db1' } }
---

--- 2026-06-06T11:51:32.478Z debug
[InspectorProxyWorker] SEND TO RUNTIME {"method":"Runtime.getIsolateId","id":100000497}
---

--- 2026-06-06T11:51:42.488Z debug
[InspectorProxyWorker] RUNTIME INCOMING MESSAGE { id: 100000498, result: { id: '1eee3444ae586db1' } }
---

--- 2026-06-06T11:51:42.489Z debug
[InspectorProxyWorker] SEND TO RUNTIME {"method":"Runtime.getIsolateId","id":100000498}
---

--- 2026-06-06T11:51:52.488Z debug
[InspectorProxyWorker] SEND TO RUNTIME {"method":"Runtime.getIsolateId","id":100000499}
---

--- 2026-06-06T11:51:52.488Z debug
[InspectorProxyWorker] RUNTIME INCOMING MESSAGE { id: 100000499, result: { id: '1eee3444ae586db1' } }
---

--- 2026-06-06T11:52:02.503Z debug
[InspectorProxyWorker] SEND TO RUNTIME {"method":"Runtime.getIsolateId","id":100000500}
---

--- 2026-06-06T11:52:02.503Z debug
[InspectorProxyWorker] RUNTIME INCOMING MESSAGE { id: 100000500, result: { id: '1eee3444ae586db1' } }
---

--- 2026-06-06T11:52:12.504Z debug
[InspectorProxyWorker] SEND TO RUNTIME {"method":"Runtime.getIsolateId","id":100000501}
---

--- 2026-06-06T11:52:12.505Z debug
[InspectorProxyWorker] RUNTIME INCOMING MESSAGE { id: 100000501, result: { id: '1eee3444ae586db1' } }
---

--- 2026-06-06T11:52:22.521Z debug
[InspectorProxyWorker] RUNTIME INCOMING MESSAGE { id: 100000502, result: { id: '1eee3444ae586db1' } }
---

--- 2026-06-06T11:52:22.522Z debug
[InspectorProxyWorker] SEND TO RUNTIME {"method":"Runtime.getIsolateId","id":100000502}
---

--- 2026-06-06T11:52:32.520Z debug
[InspectorProxyWorker] SEND TO RUNTIME {"method":"Runtime.getIsolateId","id":100000503}
---

--- 2026-06-06T11:52:32.521Z debug
[InspectorProxyWorker] RUNTIME INCOMING MESSAGE { id: 100000503, result: { id: '1eee3444ae586db1' } }
---

--- 2026-06-06T11:52:42.536Z debug
[InspectorProxyWorker] SEND TO RUNTIME {"method":"Runtime.getIsolateId","id":100000504}
---

--- 2026-06-06T11:52:42.536Z debug
[InspectorProxyWorker] RUNTIME INCOMING MESSAGE { id: 100000504, result: { id: '1eee3444ae586db1' } }
---

--- 2026-06-06T11:52:52.541Z debug
[InspectorProxyWorker] SEND TO RUNTIME {"method":"Runtime.getIsolateId","id":100000505}
---

--- 2026-06-06T11:52:52.544Z debug
[InspectorProxyWorker] RUNTIME INCOMING MESSAGE { id: 100000505, result: { id: '1eee3444ae586db1' } }
---

--- 2026-06-06T11:53:02.540Z debug
[InspectorProxyWorker] RUNTIME INCOMING MESSAGE { id: 100000506, result: { id: '1eee3444ae586db1' } }
---

--- 2026-06-06T11:53:02.541Z debug
[InspectorProxyWorker] SEND TO RUNTIME {"method":"Runtime.getIsolateId","id":100000506}
---

--- 2026-06-06T11:53:12.554Z debug
[InspectorProxyWorker] RUNTIME INCOMING MESSAGE { id: 100000507, result: { id: '1eee3444ae586db1' } }
---

--- 2026-06-06T11:53:12.554Z debug
[InspectorProxyWorker] SEND TO RUNTIME {"method":"Runtime.getIsolateId","id":100000507}
---

--- 2026-06-06T11:53:22.561Z debug
[InspectorProxyWorker] RUNTIME INCOMING MESSAGE { id: 100000508, result: { id: '1eee3444ae586db1' } }
---

--- 2026-06-06T11:53:22.562Z debug
[InspectorProxyWorker] SEND TO RUNTIME {"method":"Runtime.getIsolateId","id":100000508}
---

--- 2026-06-06T11:53:32.575Z debug
[InspectorProxyWorker] RUNTIME INCOMING MESSAGE { id: 100000509, result: { id: '1eee3444ae586db1' } }
---

--- 2026-06-06T11:53:32.577Z debug
[InspectorProxyWorker] SEND TO RUNTIME {"method":"Runtime.getIsolateId","id":100000509}
---

--- 2026-06-06T11:53:42.571Z debug
[InspectorProxyWorker] RUNTIME INCOMING MESSAGE { id: 100000510, result: { id: '1eee3444ae586db1' } }
---

--- 2026-06-06T11:53:42.571Z debug
[InspectorProxyWorker] SEND TO RUNTIME {"method":"Runtime.getIsolateId","id":100000510}
---

--- 2026-06-06T11:53:52.576Z debug
[InspectorProxyWorker] RUNTIME INCOMING MESSAGE { id: 100000511, result: { id: '1eee3444ae586db1' } }
---

--- 2026-06-06T11:53:52.577Z debug
[InspectorProxyWorker] SEND TO RUNTIME {"method":"Runtime.getIsolateId","id":100000511}
---

--- 2026-06-06T11:54:02.580Z debug
[InspectorProxyWorker] SEND TO RUNTIME {"method":"Runtime.getIsolateId","id":100000512}
---

--- 2026-06-06T11:54:02.581Z debug
[InspectorProxyWorker] RUNTIME INCOMING MESSAGE { id: 100000512, result: { id: '1eee3444ae586db1' } }
---

--- 2026-06-06T11:54:12.588Z debug
[InspectorProxyWorker] SEND TO RUNTIME {"method":"Runtime.getIsolateId","id":100000513}
---

--- 2026-06-06T11:54:12.588Z debug
[InspectorProxyWorker] RUNTIME INCOMING MESSAGE { id: 100000513, result: { id: '1eee3444ae586db1' } }
---

--- 2026-06-06T11:54:22.596Z debug
[InspectorProxyWorker] SEND TO RUNTIME {"method":"Runtime.getIsolateId","id":100000514}
---

--- 2026-06-06T11:54:22.597Z debug
[InspectorProxyWorker] RUNTIME INCOMING MESSAGE { id: 100000514, result: { id: '1eee3444ae586db1' } }
---

--- 2026-06-06T11:54:32.603Z debug
[InspectorProxyWorker] SEND TO RUNTIME {"method":"Runtime.getIsolateId","id":100000515}
---

--- 2026-06-06T11:54:32.604Z debug
[InspectorProxyWorker] RUNTIME INCOMING MESSAGE { id: 100000515, result: { id: '1eee3444ae586db1' } }
---

--- 2026-06-06T11:54:42.610Z debug
[InspectorProxyWorker] RUNTIME INCOMING MESSAGE { id: 100000516, result: { id: '1eee3444ae586db1' } }
---

--- 2026-06-06T11:54:42.611Z debug
[InspectorProxyWorker] SEND TO RUNTIME {"method":"Runtime.getIsolateId","id":100000516}
---

--- 2026-06-06T11:54:52.611Z debug
[InspectorProxyWorker] SEND TO RUNTIME {"method":"Runtime.getIsolateId","id":100000517}
---

--- 2026-06-06T11:54:52.614Z debug
[InspectorProxyWorker] RUNTIME INCOMING MESSAGE { id: 100000517, result: { id: '1eee3444ae586db1' } }
---

--- 2026-06-06T11:55:02.619Z debug
[InspectorProxyWorker] RUNTIME INCOMING MESSAGE { id: 100000518, result: { id: '1eee3444ae586db1' } }
---

--- 2026-06-06T11:55:02.621Z debug
[InspectorProxyWorker] SEND TO RUNTIME {"method":"Runtime.getIsolateId","id":100000518}
---

--- 2026-06-06T11:55:12.617Z debug
[InspectorProxyWorker] SEND TO RUNTIME {"method":"Runtime.getIsolateId","id":100000519}
---

--- 2026-06-06T11:55:12.618Z debug
[InspectorProxyWorker] RUNTIME INCOMING MESSAGE { id: 100000519, result: { id: '1eee3444ae586db1' } }
---

--- 2026-06-06T11:55:22.621Z debug
[InspectorProxyWorker] SEND TO RUNTIME {"method":"Runtime.getIsolateId","id":100000520}
---

--- 2026-06-06T11:55:22.622Z debug
[InspectorProxyWorker] RUNTIME INCOMING MESSAGE { id: 100000520, result: { id: '1eee3444ae586db1' } }
---

--- 2026-06-06T11:55:32.624Z debug
[InspectorProxyWorker] RUNTIME INCOMING MESSAGE { id: 100000521, result: { id: '1eee3444ae586db1' } }
---

--- 2026-06-06T11:55:32.624Z debug
[InspectorProxyWorker] SEND TO RUNTIME {"method":"Runtime.getIsolateId","id":100000521}
---

--- 2026-06-06T11:55:42.624Z debug
[InspectorProxyWorker] SEND TO RUNTIME {"method":"Runtime.getIsolateId","id":100000522}
---

--- 2026-06-06T11:55:42.624Z debug
[InspectorProxyWorker] RUNTIME INCOMING MESSAGE { id: 100000522, result: { id: '1eee3444ae586db1' } }
---

--- 2026-06-06T11:55:52.639Z debug
[InspectorProxyWorker] RUNTIME INCOMING MESSAGE { id: 100000523, result: { id: '1eee3444ae586db1' } }
---

--- 2026-06-06T11:55:52.639Z debug
[InspectorProxyWorker] SEND TO RUNTIME {"method":"Runtime.getIsolateId","id":100000523}
---

--- 2026-06-06T11:56:02.654Z debug
[InspectorProxyWorker] SEND TO RUNTIME {"method":"Runtime.getIsolateId","id":100000524}
---

--- 2026-06-06T11:56:02.655Z debug
[InspectorProxyWorker] RUNTIME INCOMING MESSAGE { id: 100000524, result: { id: '1eee3444ae586db1' } }
---

--- 2026-06-06T11:56:12.662Z debug
[InspectorProxyWorker] RUNTIME INCOMING MESSAGE { id: 100000525, result: { id: '1eee3444ae586db1' } }
---

--- 2026-06-06T11:56:12.664Z debug
[InspectorProxyWorker] SEND TO RUNTIME {"method":"Runtime.getIsolateId","id":100000525}
---

--- 2026-06-06T11:56:22.671Z debug
[InspectorProxyWorker] SEND TO RUNTIME {"method":"Runtime.getIsolateId","id":100000526}
---

--- 2026-06-06T11:56:22.672Z debug
[InspectorProxyWorker] RUNTIME INCOMING MESSAGE { id: 100000526, result: { id: '1eee3444ae586db1' } }
---

--- 2026-06-06T11:56:32.672Z debug
[InspectorProxyWorker] SEND TO RUNTIME {"method":"Runtime.getIsolateId","id":100000527}
---

--- 2026-06-06T11:56:32.672Z debug
[InspectorProxyWorker] RUNTIME INCOMING MESSAGE { id: 100000527, result: { id: '1eee3444ae586db1' } }
---

--- 2026-06-06T11:56:42.677Z debug
[InspectorProxyWorker] RUNTIME INCOMING MESSAGE { id: 100000528, result: { id: '1eee3444ae586db1' } }
---

--- 2026-06-06T11:56:42.678Z debug
[InspectorProxyWorker] SEND TO RUNTIME {"method":"Runtime.getIsolateId","id":100000528}
---

--- 2026-06-06T11:56:52.689Z debug
[InspectorProxyWorker] RUNTIME INCOMING MESSAGE { id: 100000529, result: { id: '1eee3444ae586db1' } }
---

--- 2026-06-06T11:56:52.691Z debug
[InspectorProxyWorker] SEND TO RUNTIME {"method":"Runtime.getIsolateId","id":100000529}
---

--- 2026-06-06T11:57:02.695Z debug
[InspectorProxyWorker] RUNTIME INCOMING MESSAGE { id: 100000530, result: { id: '1eee3444ae586db1' } }
---

--- 2026-06-06T11:57:02.696Z debug
[InspectorProxyWorker] SEND TO RUNTIME {"method":"Runtime.getIsolateId","id":100000530}
---

--- 2026-06-06T11:57:12.698Z debug
[InspectorProxyWorker] RUNTIME INCOMING MESSAGE { id: 100000531, result: { id: '1eee3444ae586db1' } }
---

--- 2026-06-06T11:57:12.700Z debug
[InspectorProxyWorker] SEND TO RUNTIME {"method":"Runtime.getIsolateId","id":100000531}
---

--- 2026-06-06T11:57:22.713Z debug
[InspectorProxyWorker] RUNTIME INCOMING MESSAGE { id: 100000532, result: { id: '1eee3444ae586db1' } }
---

--- 2026-06-06T11:57:22.715Z debug
[InspectorProxyWorker] SEND TO RUNTIME {"method":"Runtime.getIsolateId","id":100000532}
---

--- 2026-06-06T11:57:32.714Z debug
[InspectorProxyWorker] SEND TO RUNTIME {"method":"Runtime.getIsolateId","id":100000533}
---

--- 2026-06-06T11:57:32.716Z debug
[InspectorProxyWorker] RUNTIME INCOMING MESSAGE { id: 100000533, result: { id: '1eee3444ae586db1' } }
---

--- 2026-06-06T11:57:42.728Z debug
[InspectorProxyWorker] SEND TO RUNTIME {"method":"Runtime.getIsolateId","id":100000534}
---

--- 2026-06-06T11:57:42.730Z debug
[InspectorProxyWorker] RUNTIME INCOMING MESSAGE { id: 100000534, result: { id: '1eee3444ae586db1' } }
---

--- 2026-06-06T11:57:52.728Z debug
[InspectorProxyWorker] RUNTIME INCOMING MESSAGE { id: 100000535, result: { id: '1eee3444ae586db1' } }
---

--- 2026-06-06T11:57:52.728Z debug
[InspectorProxyWorker] SEND TO RUNTIME {"method":"Runtime.getIsolateId","id":100000535}
---

--- 2026-06-06T11:58:02.731Z debug
[InspectorProxyWorker] RUNTIME INCOMING MESSAGE { id: 100000536, result: { id: '1eee3444ae586db1' } }
---

--- 2026-06-06T11:58:02.731Z debug
[InspectorProxyWorker] SEND TO RUNTIME {"method":"Runtime.getIsolateId","id":100000536}
---

--- 2026-06-06T11:58:12.729Z debug
[InspectorProxyWorker] RUNTIME INCOMING MESSAGE { id: 100000537, result: { id: '1eee3444ae586db1' } }
---

--- 2026-06-06T11:58:12.730Z debug
[InspectorProxyWorker] SEND TO RUNTIME {"method":"Runtime.getIsolateId","id":100000537}
---

--- 2026-06-06T11:58:22.737Z debug
[InspectorProxyWorker] RUNTIME INCOMING MESSAGE { id: 100000538, result: { id: '1eee3444ae586db1' } }
---

--- 2026-06-06T11:58:22.737Z debug
[InspectorProxyWorker] SEND TO RUNTIME {"method":"Runtime.getIsolateId","id":100000538}
---

--- 2026-06-06T11:58:32.740Z debug
[InspectorProxyWorker] RUNTIME INCOMING MESSAGE { id: 100000539, result: { id: '1eee3444ae586db1' } }
---

--- 2026-06-06T11:58:32.741Z debug
[InspectorProxyWorker] SEND TO RUNTIME {"method":"Runtime.getIsolateId","id":100000539}
---

--- 2026-06-06T11:58:42.746Z debug
[InspectorProxyWorker] SEND TO RUNTIME {"method":"Runtime.getIsolateId","id":100000540}
---

--- 2026-06-06T11:58:42.746Z debug
[InspectorProxyWorker] RUNTIME INCOMING MESSAGE { id: 100000540, result: { id: '1eee3444ae586db1' } }
---

--- 2026-06-06T11:58:52.763Z debug
[InspectorProxyWorker] RUNTIME INCOMING MESSAGE { id: 100000541, result: { id: '1eee3444ae586db1' } }
---

--- 2026-06-06T11:58:52.765Z debug
[InspectorProxyWorker] SEND TO RUNTIME {"method":"Runtime.getIsolateId","id":100000541}
---

--- 2026-06-06T11:59:02.773Z debug
[InspectorProxyWorker] RUNTIME INCOMING MESSAGE { id: 100000542, result: { id: '1eee3444ae586db1' } }
---

--- 2026-06-06T11:59:02.773Z debug
[InspectorProxyWorker] SEND TO RUNTIME {"method":"Runtime.getIsolateId","id":100000542}
---

--- 2026-06-06T11:59:12.778Z debug
[InspectorProxyWorker] RUNTIME INCOMING MESSAGE { id: 100000543, result: { id: '1eee3444ae586db1' } }
---

--- 2026-06-06T11:59:12.779Z debug
[InspectorProxyWorker] SEND TO RUNTIME {"method":"Runtime.getIsolateId","id":100000543}
---

--- 2026-06-06T11:59:22.794Z debug
[InspectorProxyWorker] SEND TO RUNTIME {"method":"Runtime.getIsolateId","id":100000544}
---

--- 2026-06-06T11:59:22.795Z debug
[InspectorProxyWorker] RUNTIME INCOMING MESSAGE { id: 100000544, result: { id: '1eee3444ae586db1' } }
---

--- 2026-06-06T11:59:32.797Z debug
[InspectorProxyWorker] RUNTIME INCOMING MESSAGE { id: 100000545, result: { id: '1eee3444ae586db1' } }
---

--- 2026-06-06T11:59:32.799Z debug
[InspectorProxyWorker] SEND TO RUNTIME {"method":"Runtime.getIsolateId","id":100000545}
---

--- 2026-06-06T11:59:42.805Z debug
[InspectorProxyWorker] SEND TO RUNTIME {"method":"Runtime.getIsolateId","id":100000546}
---

--- 2026-06-06T11:59:42.806Z debug
[InspectorProxyWorker] RUNTIME INCOMING MESSAGE { id: 100000546, result: { id: '1eee3444ae586db1' } }
---

--- 2026-06-06T11:59:52.813Z debug
[InspectorProxyWorker] SEND TO RUNTIME {"method":"Runtime.getIsolateId","id":100000547}
---

--- 2026-06-06T11:59:52.815Z debug
[InspectorProxyWorker] RUNTIME INCOMING MESSAGE { id: 100000547, result: { id: '1eee3444ae586db1' } }
---

--- 2026-06-06T12:00:02.827Z debug
[InspectorProxyWorker] SEND TO RUNTIME {"method":"Runtime.getIsolateId","id":100000548}
---

--- 2026-06-06T12:00:02.830Z debug
[InspectorProxyWorker] RUNTIME INCOMING MESSAGE { id: 100000548, result: { id: '1eee3444ae586db1' } }
---

--- 2026-06-06T12:00:12.831Z debug
[InspectorProxyWorker] RUNTIME INCOMING MESSAGE { id: 100000549, result: { id: '1eee3444ae586db1' } }
---

--- 2026-06-06T12:00:12.833Z debug
[InspectorProxyWorker] SEND TO RUNTIME {"method":"Runtime.getIsolateId","id":100000549}
---

--- 2026-06-06T12:00:22.841Z debug
[InspectorProxyWorker] SEND TO RUNTIME {"method":"Runtime.getIsolateId","id":100000550}
---

--- 2026-06-06T12:00:22.841Z debug
[InspectorProxyWorker] RUNTIME INCOMING MESSAGE { id: 100000550, result: { id: '1eee3444ae586db1' } }
---

--- 2026-06-06T12:00:32.846Z debug
[InspectorProxyWorker] SEND TO RUNTIME {"method":"Runtime.getIsolateId","id":100000551}
---

--- 2026-06-06T12:00:32.848Z debug
[InspectorProxyWorker] RUNTIME INCOMING MESSAGE { id: 100000551, result: { id: '1eee3444ae586db1' } }
---

--- 2026-06-06T12:00:42.847Z debug
[InspectorProxyWorker] SEND TO RUNTIME {"method":"Runtime.getIsolateId","id":100000552}
---

--- 2026-06-06T12:00:42.847Z debug
[InspectorProxyWorker] RUNTIME INCOMING MESSAGE { id: 100000552, result: { id: '1eee3444ae586db1' } }
---

--- 2026-06-06T12:00:52.859Z debug
[InspectorProxyWorker] RUNTIME INCOMING MESSAGE { id: 100000553, result: { id: '1eee3444ae586db1' } }
---

--- 2026-06-06T12:00:52.859Z debug
[InspectorProxyWorker] SEND TO RUNTIME {"method":"Runtime.getIsolateId","id":100000553}
---

--- 2026-06-06T12:01:02.873Z debug
[InspectorProxyWorker] SEND TO RUNTIME {"method":"Runtime.getIsolateId","id":100000554}
---

--- 2026-06-06T12:01:02.874Z debug
[InspectorProxyWorker] RUNTIME INCOMING MESSAGE { id: 100000554, result: { id: '1eee3444ae586db1' } }
---

--- 2026-06-06T12:01:12.887Z debug
[InspectorProxyWorker] SEND TO RUNTIME {"method":"Runtime.getIsolateId","id":100000555}
---

--- 2026-06-06T12:01:12.887Z debug
[InspectorProxyWorker] RUNTIME INCOMING MESSAGE { id: 100000555, result: { id: '1eee3444ae586db1' } }
---

--- 2026-06-06T12:01:22.897Z debug
[InspectorProxyWorker] RUNTIME INCOMING MESSAGE { id: 100000556, result: { id: '1eee3444ae586db1' } }
---

--- 2026-06-06T12:01:22.898Z debug
[InspectorProxyWorker] SEND TO RUNTIME {"method":"Runtime.getIsolateId","id":100000556}
---

--- 2026-06-06T12:01:32.908Z debug
[InspectorProxyWorker] RUNTIME INCOMING MESSAGE { id: 100000557, result: { id: '1eee3444ae586db1' } }
---

--- 2026-06-06T12:01:32.909Z debug
[InspectorProxyWorker] SEND TO RUNTIME {"method":"Runtime.getIsolateId","id":100000557}
---

--- 2026-06-06T12:01:42.912Z debug
[InspectorProxyWorker] RUNTIME INCOMING MESSAGE { id: 100000558, result: { id: '1eee3444ae586db1' } }
---

--- 2026-06-06T12:01:42.912Z debug
[InspectorProxyWorker] SEND TO RUNTIME {"method":"Runtime.getIsolateId","id":100000558}
---

--- 2026-06-06T12:01:52.927Z debug
[InspectorProxyWorker] RUNTIME INCOMING MESSAGE { id: 100000559, result: { id: '1eee3444ae586db1' } }
---

--- 2026-06-06T12:01:52.929Z debug
[InspectorProxyWorker] SEND TO RUNTIME {"method":"Runtime.getIsolateId","id":100000559}
---

--- 2026-06-06T12:02:02.933Z debug
[InspectorProxyWorker] RUNTIME INCOMING MESSAGE { id: 100000560, result: { id: '1eee3444ae586db1' } }
---

--- 2026-06-06T12:02:02.934Z debug
[InspectorProxyWorker] SEND TO RUNTIME {"method":"Runtime.getIsolateId","id":100000560}
---

--- 2026-06-06T12:02:12.934Z debug
[InspectorProxyWorker] SEND TO RUNTIME {"method":"Runtime.getIsolateId","id":100000561}
---

--- 2026-06-06T12:02:12.936Z debug
[InspectorProxyWorker] RUNTIME INCOMING MESSAGE { id: 100000561, result: { id: '1eee3444ae586db1' } }
---

--- 2026-06-06T12:02:22.942Z debug
[InspectorProxyWorker] RUNTIME INCOMING MESSAGE { id: 100000562, result: { id: '1eee3444ae586db1' } }
---

--- 2026-06-06T12:02:22.944Z debug
[InspectorProxyWorker] SEND TO RUNTIME {"method":"Runtime.getIsolateId","id":100000562}
---

--- 2026-06-06T12:02:32.942Z debug
[InspectorProxyWorker] SEND TO RUNTIME {"method":"Runtime.getIsolateId","id":100000563}
---

--- 2026-06-06T12:02:32.943Z debug
[InspectorProxyWorker] RUNTIME INCOMING MESSAGE { id: 100000563, result: { id: '1eee3444ae586db1' } }
---

--- 2026-06-06T12:02:42.960Z debug
[InspectorProxyWorker] RUNTIME INCOMING MESSAGE { id: 100000564, result: { id: '1eee3444ae586db1' } }
---

--- 2026-06-06T12:02:42.962Z debug
[InspectorProxyWorker] SEND TO RUNTIME {"method":"Runtime.getIsolateId","id":100000564}
---

--- 2026-06-06T12:02:52.956Z debug
[InspectorProxyWorker] RUNTIME INCOMING MESSAGE { id: 100000565, result: { id: '1eee3444ae586db1' } }
---

--- 2026-06-06T12:02:52.956Z debug
[InspectorProxyWorker] SEND TO RUNTIME {"method":"Runtime.getIsolateId","id":100000565}
---

--- 2026-06-06T12:03:02.960Z debug
[InspectorProxyWorker] RUNTIME INCOMING MESSAGE { id: 100000566, result: { id: '1eee3444ae586db1' } }
---

--- 2026-06-06T12:03:02.961Z debug
[InspectorProxyWorker] SEND TO RUNTIME {"method":"Runtime.getIsolateId","id":100000566}
---

--- 2026-06-06T12:03:12.963Z debug
[InspectorProxyWorker] SEND TO RUNTIME {"method":"Runtime.getIsolateId","id":100000567}
---

--- 2026-06-06T12:03:12.965Z debug
[InspectorProxyWorker] RUNTIME INCOMING MESSAGE { id: 100000567, result: { id: '1eee3444ae586db1' } }
---

--- 2026-06-06T12:03:22.966Z debug
[InspectorProxyWorker] RUNTIME INCOMING MESSAGE { id: 100000568, result: { id: '1eee3444ae586db1' } }
---

--- 2026-06-06T12:03:22.966Z debug
[InspectorProxyWorker] SEND TO RUNTIME {"method":"Runtime.getIsolateId","id":100000568}
---

--- 2026-06-06T12:03:32.978Z debug
[InspectorProxyWorker] RUNTIME INCOMING MESSAGE { id: 100000569, result: { id: '1eee3444ae586db1' } }
---

--- 2026-06-06T12:03:32.980Z debug
[InspectorProxyWorker] SEND TO RUNTIME {"method":"Runtime.getIsolateId","id":100000569}
---

--- 2026-06-06T12:03:42.983Z debug
[InspectorProxyWorker] SEND TO RUNTIME {"method":"Runtime.getIsolateId","id":100000570}
---

--- 2026-06-06T12:03:42.986Z debug
[InspectorProxyWorker] RUNTIME INCOMING MESSAGE { id: 100000570, result: { id: '1eee3444ae586db1' } }
---

--- 2026-06-06T12:03:52.999Z debug
[InspectorProxyWorker] RUNTIME INCOMING MESSAGE { id: 100000571, result: { id: '1eee3444ae586db1' } }
---

--- 2026-06-06T12:03:53.000Z debug
[InspectorProxyWorker] SEND TO RUNTIME {"method":"Runtime.getIsolateId","id":100000571}
---

--- 2026-06-06T12:04:03.000Z debug
[InspectorProxyWorker] RUNTIME INCOMING MESSAGE { id: 100000572, result: { id: '1eee3444ae586db1' } }
---

--- 2026-06-06T12:04:03.000Z debug
[InspectorProxyWorker] SEND TO RUNTIME {"method":"Runtime.getIsolateId","id":100000572}
---

--- 2026-06-06T12:04:13.003Z debug
[InspectorProxyWorker] SEND TO RUNTIME {"method":"Runtime.getIsolateId","id":100000573}
---

--- 2026-06-06T12:04:13.003Z debug
[InspectorProxyWorker] RUNTIME INCOMING MESSAGE { id: 100000573, result: { id: '1eee3444ae586db1' } }
---

--- 2026-06-06T12:04:23.010Z debug
[InspectorProxyWorker] SEND TO RUNTIME {"method":"Runtime.getIsolateId","id":100000574}
---

--- 2026-06-06T12:04:23.011Z debug
[InspectorProxyWorker] RUNTIME INCOMING MESSAGE { id: 100000574, result: { id: '1eee3444ae586db1' } }
---

--- 2026-06-06T12:04:33.013Z debug
[InspectorProxyWorker] SEND TO RUNTIME {"method":"Runtime.getIsolateId","id":100000575}
---

--- 2026-06-06T12:04:33.014Z debug
[InspectorProxyWorker] RUNTIME INCOMING MESSAGE { id: 100000575, result: { id: '1eee3444ae586db1' } }
---

--- 2026-06-06T12:04:43.026Z debug
[InspectorProxyWorker] RUNTIME INCOMING MESSAGE { id: 100000576, result: { id: '1eee3444ae586db1' } }
---

--- 2026-06-06T12:04:43.026Z debug
[InspectorProxyWorker] SEND TO RUNTIME {"method":"Runtime.getIsolateId","id":100000576}
---

--- 2026-06-06T12:04:53.031Z debug
[InspectorProxyWorker] RUNTIME INCOMING MESSAGE { id: 100000577, result: { id: '1eee3444ae586db1' } }
---

--- 2026-06-06T12:04:53.033Z debug
[InspectorProxyWorker] SEND TO RUNTIME {"method":"Runtime.getIsolateId","id":100000577}
---

--- 2026-06-06T12:05:03.030Z debug
[InspectorProxyWorker] SEND TO RUNTIME {"method":"Runtime.getIsolateId","id":100000578}
---

--- 2026-06-06T12:05:03.031Z debug
[InspectorProxyWorker] RUNTIME INCOMING MESSAGE { id: 100000578, result: { id: '1eee3444ae586db1' } }
---

--- 2026-06-06T12:05:13.044Z debug
[InspectorProxyWorker] SEND TO RUNTIME {"method":"Runtime.getIsolateId","id":100000579}
---

--- 2026-06-06T12:05:13.045Z debug
[InspectorProxyWorker] RUNTIME INCOMING MESSAGE { id: 100000579, result: { id: '1eee3444ae586db1' } }
---

--- 2026-06-06T12:05:23.049Z debug
[InspectorProxyWorker] SEND TO RUNTIME {"method":"Runtime.getIsolateId","id":100000580}
---

--- 2026-06-06T12:05:23.051Z debug
[InspectorProxyWorker] RUNTIME INCOMING MESSAGE { id: 100000580, result: { id: '1eee3444ae586db1' } }
---

--- 2026-06-06T12:05:33.047Z debug
[InspectorProxyWorker] SEND TO RUNTIME {"method":"Runtime.getIsolateId","id":100000581}
---

--- 2026-06-06T12:05:33.048Z debug
[InspectorProxyWorker] RUNTIME INCOMING MESSAGE { id: 100000581, result: { id: '1eee3444ae586db1' } }
---

--- 2026-06-06T12:05:43.054Z debug
[InspectorProxyWorker] SEND TO RUNTIME {"method":"Runtime.getIsolateId","id":100000582}
---

--- 2026-06-06T12:05:43.056Z debug
[InspectorProxyWorker] RUNTIME INCOMING MESSAGE { id: 100000582, result: { id: '1eee3444ae586db1' } }
---

--- 2026-06-06T12:05:53.060Z debug
[InspectorProxyWorker] SEND TO RUNTIME {"method":"Runtime.getIsolateId","id":100000583}
---

--- 2026-06-06T12:05:53.061Z debug
[InspectorProxyWorker] RUNTIME INCOMING MESSAGE { id: 100000583, result: { id: '1eee3444ae586db1' } }
---

--- 2026-06-06T12:06:03.059Z debug
[InspectorProxyWorker] SEND TO RUNTIME {"method":"Runtime.getIsolateId","id":100000584}
---

--- 2026-06-06T12:06:03.060Z debug
[InspectorProxyWorker] RUNTIME INCOMING MESSAGE { id: 100000584, result: { id: '1eee3444ae586db1' } }
---

--- 2026-06-06T12:06:13.064Z debug
[InspectorProxyWorker] RUNTIME INCOMING MESSAGE { id: 100000585, result: { id: '1eee3444ae586db1' } }
---

--- 2026-06-06T12:06:13.065Z debug
[InspectorProxyWorker] SEND TO RUNTIME {"method":"Runtime.getIsolateId","id":100000585}
---

--- 2026-06-06T12:06:23.082Z debug
[InspectorProxyWorker] SEND TO RUNTIME {"method":"Runtime.getIsolateId","id":100000586}
---

--- 2026-06-06T12:06:23.084Z debug
[InspectorProxyWorker] RUNTIME INCOMING MESSAGE { id: 100000586, result: { id: '1eee3444ae586db1' } }
---

--- 2026-06-06T12:06:33.085Z debug
[InspectorProxyWorker] RUNTIME INCOMING MESSAGE { id: 100000587, result: { id: '1eee3444ae586db1' } }
---

--- 2026-06-06T12:06:33.086Z debug
[InspectorProxyWorker] SEND TO RUNTIME {"method":"Runtime.getIsolateId","id":100000587}
---

--- 2026-06-06T12:06:43.094Z debug
[InspectorProxyWorker] SEND TO RUNTIME {"method":"Runtime.getIsolateId","id":100000588}
---

--- 2026-06-06T12:06:43.095Z debug
[InspectorProxyWorker] RUNTIME INCOMING MESSAGE { id: 100000588, result: { id: '1eee3444ae586db1' } }
---

--- 2026-06-06T12:06:53.101Z debug
[InspectorProxyWorker] SEND TO RUNTIME {"method":"Runtime.getIsolateId","id":100000589}
---

--- 2026-06-06T12:06:53.101Z debug
[InspectorProxyWorker] RUNTIME INCOMING MESSAGE { id: 100000589, result: { id: '1eee3444ae586db1' } }
---

--- 2026-06-06T12:07:03.116Z debug
[InspectorProxyWorker] RUNTIME INCOMING MESSAGE { id: 100000590, result: { id: '1eee3444ae586db1' } }
---

--- 2026-06-06T12:07:03.118Z debug
[InspectorProxyWorker] SEND TO RUNTIME {"method":"Runtime.getIsolateId","id":100000590}
---

--- 2026-06-06T12:07:13.113Z debug
[InspectorProxyWorker] SEND TO RUNTIME {"method":"Runtime.getIsolateId","id":100000591}
---

--- 2026-06-06T12:07:13.114Z debug
[InspectorProxyWorker] RUNTIME INCOMING MESSAGE { id: 100000591, result: { id: '1eee3444ae586db1' } }
---

--- 2026-06-06T12:07:23.128Z debug
[InspectorProxyWorker] SEND TO RUNTIME {"method":"Runtime.getIsolateId","id":100000592}
---

--- 2026-06-06T12:07:23.129Z debug
[InspectorProxyWorker] RUNTIME INCOMING MESSAGE { id: 100000592, result: { id: '1eee3444ae586db1' } }
---

--- 2026-06-06T12:07:33.134Z debug
[InspectorProxyWorker] SEND TO RUNTIME {"method":"Runtime.getIsolateId","id":100000593}
---

--- 2026-06-06T12:07:33.136Z debug
[InspectorProxyWorker] RUNTIME INCOMING MESSAGE { id: 100000593, result: { id: '1eee3444ae586db1' } }
---

--- 2026-06-06T12:07:43.135Z debug
[InspectorProxyWorker] SEND TO RUNTIME {"method":"Runtime.getIsolateId","id":100000594}
---

--- 2026-06-06T12:07:43.137Z debug
[InspectorProxyWorker] RUNTIME INCOMING MESSAGE { id: 100000594, result: { id: '1eee3444ae586db1' } }
---

--- 2026-06-06T12:07:53.136Z debug
[InspectorProxyWorker] RUNTIME INCOMING MESSAGE { id: 100000595, result: { id: '1eee3444ae586db1' } }
---

--- 2026-06-06T12:07:53.136Z debug
[InspectorProxyWorker] SEND TO RUNTIME {"method":"Runtime.getIsolateId","id":100000595}
---

--- 2026-06-06T12:08:03.143Z debug
[InspectorProxyWorker] SEND TO RUNTIME {"method":"Runtime.getIsolateId","id":100000596}
---

--- 2026-06-06T12:08:03.143Z debug
[InspectorProxyWorker] RUNTIME INCOMING MESSAGE { id: 100000596, result: { id: '1eee3444ae586db1' } }
---

--- 2026-06-06T12:08:13.146Z debug
[InspectorProxyWorker] SEND TO RUNTIME {"method":"Runtime.getIsolateId","id":100000597}
---

--- 2026-06-06T12:08:13.146Z debug
[InspectorProxyWorker] RUNTIME INCOMING MESSAGE { id: 100000597, result: { id: '1eee3444ae586db1' } }
---

--- 2026-06-06T12:08:23.147Z debug
[InspectorProxyWorker] RUNTIME INCOMING MESSAGE { id: 100000598, result: { id: '1eee3444ae586db1' } }
---

--- 2026-06-06T12:08:23.148Z debug
[InspectorProxyWorker] SEND TO RUNTIME {"method":"Runtime.getIsolateId","id":100000598}
---

--- 2026-06-06T12:08:33.156Z debug
[InspectorProxyWorker] RUNTIME INCOMING MESSAGE { id: 100000599, result: { id: '1eee3444ae586db1' } }
---

--- 2026-06-06T12:08:33.157Z debug
[InspectorProxyWorker] SEND TO RUNTIME {"method":"Runtime.getIsolateId","id":100000599}
---

--- 2026-06-06T12:08:43.162Z debug
[InspectorProxyWorker] RUNTIME INCOMING MESSAGE { id: 100000600, result: { id: '1eee3444ae586db1' } }
---

--- 2026-06-06T12:08:43.163Z debug
[InspectorProxyWorker] SEND TO RUNTIME {"method":"Runtime.getIsolateId","id":100000600}
---

--- 2026-06-06T12:08:53.163Z debug
[InspectorProxyWorker] SEND TO RUNTIME {"method":"Runtime.getIsolateId","id":100000601}
---

--- 2026-06-06T12:08:53.164Z debug
[InspectorProxyWorker] RUNTIME INCOMING MESSAGE { id: 100000601, result: { id: '1eee3444ae586db1' } }
---

--- 2026-06-06T12:09:03.169Z debug
[InspectorProxyWorker] RUNTIME INCOMING MESSAGE { id: 100000602, result: { id: '1eee3444ae586db1' } }
---

--- 2026-06-06T12:09:03.171Z debug
[InspectorProxyWorker] SEND TO RUNTIME {"method":"Runtime.getIsolateId","id":100000602}
---

--- 2026-06-06T12:09:13.182Z debug
[InspectorProxyWorker] SEND TO RUNTIME {"method":"Runtime.getIsolateId","id":100000603}
---

--- 2026-06-06T12:09:13.185Z debug
[InspectorProxyWorker] RUNTIME INCOMING MESSAGE { id: 100000603, result: { id: '1eee3444ae586db1' } }
---

--- 2026-06-06T12:09:23.179Z debug
[InspectorProxyWorker] RUNTIME INCOMING MESSAGE { id: 100000604, result: { id: '1eee3444ae586db1' } }
---

--- 2026-06-06T12:09:23.180Z debug
[InspectorProxyWorker] SEND TO RUNTIME {"method":"Runtime.getIsolateId","id":100000604}
---

--- 2026-06-06T12:09:33.184Z debug
[InspectorProxyWorker] RUNTIME INCOMING MESSAGE { id: 100000605, result: { id: '1eee3444ae586db1' } }
---

--- 2026-06-06T12:09:33.185Z debug
[InspectorProxyWorker] SEND TO RUNTIME {"method":"Runtime.getIsolateId","id":100000605}
---

--- 2026-06-06T12:09:43.186Z debug
[InspectorProxyWorker] RUNTIME INCOMING MESSAGE { id: 100000606, result: { id: '1eee3444ae586db1' } }
---

--- 2026-06-06T12:09:43.188Z debug
[InspectorProxyWorker] SEND TO RUNTIME {"method":"Runtime.getIsolateId","id":100000606}
---

--- 2026-06-06T12:09:53.193Z debug
[InspectorProxyWorker] SEND TO RUNTIME {"method":"Runtime.getIsolateId","id":100000607}
---

--- 2026-06-06T12:09:53.196Z debug
[InspectorProxyWorker] RUNTIME INCOMING MESSAGE { id: 100000607, result: { id: '1eee3444ae586db1' } }
---

--- 2026-06-06T12:10:03.202Z debug
[InspectorProxyWorker] SEND TO RUNTIME {"method":"Runtime.getIsolateId","id":100000608}
---

--- 2026-06-06T12:10:03.205Z debug
[InspectorProxyWorker] RUNTIME INCOMING MESSAGE { id: 100000608, result: { id: '1eee3444ae586db1' } }
---

--- 2026-06-06T12:10:13.204Z debug
[InspectorProxyWorker] SEND TO RUNTIME {"method":"Runtime.getIsolateId","id":100000609}
---

--- 2026-06-06T12:10:13.207Z debug
[InspectorProxyWorker] RUNTIME INCOMING MESSAGE { id: 100000609, result: { id: '1eee3444ae586db1' } }
---

--- 2026-06-06T12:10:23.204Z debug
[InspectorProxyWorker] RUNTIME INCOMING MESSAGE { id: 100000610, result: { id: '1eee3444ae586db1' } }
---

--- 2026-06-06T12:10:23.204Z debug
[InspectorProxyWorker] SEND TO RUNTIME {"method":"Runtime.getIsolateId","id":100000610}
---

--- 2026-06-06T12:10:33.203Z debug
[InspectorProxyWorker] RUNTIME INCOMING MESSAGE { id: 100000611, result: { id: '1eee3444ae586db1' } }
---

--- 2026-06-06T12:10:33.203Z debug
[InspectorProxyWorker] SEND TO RUNTIME {"method":"Runtime.getIsolateId","id":100000611}
---

--- 2026-06-06T12:10:43.217Z debug
[InspectorProxyWorker] RUNTIME INCOMING MESSAGE { id: 100000612, result: { id: '1eee3444ae586db1' } }
---

--- 2026-06-06T12:10:43.218Z debug
[InspectorProxyWorker] SEND TO RUNTIME {"method":"Runtime.getIsolateId","id":100000612}
---

--- 2026-06-06T12:10:53.216Z debug
[InspectorProxyWorker] RUNTIME INCOMING MESSAGE { id: 100000613, result: { id: '1eee3444ae586db1' } }
---

--- 2026-06-06T12:10:53.216Z debug
[InspectorProxyWorker] SEND TO RUNTIME {"method":"Runtime.getIsolateId","id":100000613}
---

--- 2026-06-06T12:11:03.230Z debug
[InspectorProxyWorker] SEND TO RUNTIME {"method":"Runtime.getIsolateId","id":100000614}
---

--- 2026-06-06T12:11:03.231Z debug
[InspectorProxyWorker] RUNTIME INCOMING MESSAGE { id: 100000614, result: { id: '1eee3444ae586db1' } }
---

--- 2026-06-06T12:11:13.237Z debug
[InspectorProxyWorker] RUNTIME INCOMING MESSAGE { id: 100000615, result: { id: '1eee3444ae586db1' } }
---

--- 2026-06-06T12:11:13.239Z debug
[InspectorProxyWorker] SEND TO RUNTIME {"method":"Runtime.getIsolateId","id":100000615}
---

--- 2026-06-06T12:11:23.243Z debug
[InspectorProxyWorker] RUNTIME INCOMING MESSAGE { id: 100000616, result: { id: '1eee3444ae586db1' } }
---

--- 2026-06-06T12:11:23.244Z debug
[InspectorProxyWorker] SEND TO RUNTIME {"method":"Runtime.getIsolateId","id":100000616}
---

--- 2026-06-06T12:11:33.248Z debug
[InspectorProxyWorker] RUNTIME INCOMING MESSAGE { id: 100000617, result: { id: '1eee3444ae586db1' } }
---

--- 2026-06-06T12:11:33.248Z debug
[InspectorProxyWorker] SEND TO RUNTIME {"method":"Runtime.getIsolateId","id":100000617}
---

--- 2026-06-06T12:11:43.254Z debug
[InspectorProxyWorker] RUNTIME INCOMING MESSAGE { id: 100000618, result: { id: '1eee3444ae586db1' } }
---

--- 2026-06-06T12:11:43.256Z debug
[InspectorProxyWorker] SEND TO RUNTIME {"method":"Runtime.getIsolateId","id":100000618}
---

--- 2026-06-06T12:11:53.263Z debug
[InspectorProxyWorker] RUNTIME INCOMING MESSAGE { id: 100000619, result: { id: '1eee3444ae586db1' } }
---

--- 2026-06-06T12:11:53.263Z debug
[InspectorProxyWorker] SEND TO RUNTIME {"method":"Runtime.getIsolateId","id":100000619}
---

--- 2026-06-06T12:12:03.270Z debug
[InspectorProxyWorker] SEND TO RUNTIME {"method":"Runtime.getIsolateId","id":100000620}
---

--- 2026-06-06T12:12:03.271Z debug
[InspectorProxyWorker] RUNTIME INCOMING MESSAGE { id: 100000620, result: { id: '1eee3444ae586db1' } }
---

--- 2026-06-06T12:12:13.276Z debug
[InspectorProxyWorker] RUNTIME INCOMING MESSAGE { id: 100000621, result: { id: '1eee3444ae586db1' } }
---

--- 2026-06-06T12:12:13.278Z debug
[InspectorProxyWorker] SEND TO RUNTIME {"method":"Runtime.getIsolateId","id":100000621}
---

--- 2026-06-06T12:12:23.285Z debug
[InspectorProxyWorker] RUNTIME INCOMING MESSAGE { id: 100000622, result: { id: '1eee3444ae586db1' } }
---

--- 2026-06-06T12:12:23.287Z debug
[InspectorProxyWorker] SEND TO RUNTIME {"method":"Runtime.getIsolateId","id":100000622}
---

--- 2026-06-06T12:12:33.297Z debug
[InspectorProxyWorker] RUNTIME INCOMING MESSAGE { id: 100000623, result: { id: '1eee3444ae586db1' } }
---

--- 2026-06-06T12:12:33.297Z debug
[InspectorProxyWorker] SEND TO RUNTIME {"method":"Runtime.getIsolateId","id":100000623}
---

--- 2026-06-06T12:12:43.302Z debug
[InspectorProxyWorker] SEND TO RUNTIME {"method":"Runtime.getIsolateId","id":100000624}
---

--- 2026-06-06T12:12:43.303Z debug
[InspectorProxyWorker] RUNTIME INCOMING MESSAGE { id: 100000624, result: { id: '1eee3444ae586db1' } }
---

--- 2026-06-06T12:12:53.316Z debug
[InspectorProxyWorker] RUNTIME INCOMING MESSAGE { id: 100000625, result: { id: '1eee3444ae586db1' } }
---

--- 2026-06-06T12:12:53.317Z debug
[InspectorProxyWorker] SEND TO RUNTIME {"method":"Runtime.getIsolateId","id":100000625}
---

--- 2026-06-06T12:13:03.316Z debug
[InspectorProxyWorker] SEND TO RUNTIME {"method":"Runtime.getIsolateId","id":100000626}
---

--- 2026-06-06T12:13:03.317Z debug
[InspectorProxyWorker] RUNTIME INCOMING MESSAGE { id: 100000626, result: { id: '1eee3444ae586db1' } }
---

--- 2026-06-06T12:13:13.332Z debug
[InspectorProxyWorker] SEND TO RUNTIME {"method":"Runtime.getIsolateId","id":100000627}
---

--- 2026-06-06T12:13:13.332Z debug
[InspectorProxyWorker] RUNTIME INCOMING MESSAGE { id: 100000627, result: { id: '1eee3444ae586db1' } }
---

--- 2026-06-06T12:13:23.333Z debug
[InspectorProxyWorker] SEND TO RUNTIME {"method":"Runtime.getIsolateId","id":100000628}
---

--- 2026-06-06T12:13:23.334Z debug
[InspectorProxyWorker] RUNTIME INCOMING MESSAGE { id: 100000628, result: { id: '1eee3444ae586db1' } }
---

--- 2026-06-06T12:13:33.337Z debug
[InspectorProxyWorker] RUNTIME INCOMING MESSAGE { id: 100000629, result: { id: '1eee3444ae586db1' } }
---

--- 2026-06-06T12:13:33.338Z debug
[InspectorProxyWorker] SEND TO RUNTIME {"method":"Runtime.getIsolateId","id":100000629}
---

--- 2026-06-06T12:13:43.349Z debug
[InspectorProxyWorker] SEND TO RUNTIME {"method":"Runtime.getIsolateId","id":100000630}
---

--- 2026-06-06T12:13:43.349Z debug
[InspectorProxyWorker] RUNTIME INCOMING MESSAGE { id: 100000630, result: { id: '1eee3444ae586db1' } }
---

--- 2026-06-06T12:13:53.349Z debug
[InspectorProxyWorker] RUNTIME INCOMING MESSAGE { id: 100000631, result: { id: '1eee3444ae586db1' } }
---

--- 2026-06-06T12:13:53.350Z debug
[InspectorProxyWorker] SEND TO RUNTIME {"method":"Runtime.getIsolateId","id":100000631}
---

--- 2026-06-06T12:14:03.356Z debug
[InspectorProxyWorker] RUNTIME INCOMING MESSAGE { id: 100000632, result: { id: '1eee3444ae586db1' } }
---

--- 2026-06-06T12:14:03.356Z debug
[InspectorProxyWorker] SEND TO RUNTIME {"method":"Runtime.getIsolateId","id":100000632}
---

--- 2026-06-06T12:14:13.372Z debug
[InspectorProxyWorker] RUNTIME INCOMING MESSAGE { id: 100000633, result: { id: '1eee3444ae586db1' } }
---

--- 2026-06-06T12:14:13.374Z debug
[InspectorProxyWorker] SEND TO RUNTIME {"method":"Runtime.getIsolateId","id":100000633}
---

--- 2026-06-06T12:14:23.372Z debug
[InspectorProxyWorker] RUNTIME INCOMING MESSAGE { id: 100000634, result: { id: '1eee3444ae586db1' } }
---

--- 2026-06-06T12:14:23.373Z debug
[InspectorProxyWorker] SEND TO RUNTIME {"method":"Runtime.getIsolateId","id":100000634}
---

--- 2026-06-06T12:14:33.388Z debug
[InspectorProxyWorker] SEND TO RUNTIME {"method":"Runtime.getIsolateId","id":100000635}
---

--- 2026-06-06T12:14:33.389Z debug
[InspectorProxyWorker] RUNTIME INCOMING MESSAGE { id: 100000635, result: { id: '1eee3444ae586db1' } }
---

--- 2026-06-06T12:14:43.400Z debug
[InspectorProxyWorker] SEND TO RUNTIME {"method":"Runtime.getIsolateId","id":100000636}
---

--- 2026-06-06T12:14:43.402Z debug
[InspectorProxyWorker] RUNTIME INCOMING MESSAGE { id: 100000636, result: { id: '1eee3444ae586db1' } }
---

--- 2026-06-06T12:14:53.408Z debug
[InspectorProxyWorker] RUNTIME INCOMING MESSAGE { id: 100000637, result: { id: '1eee3444ae586db1' } }
---

--- 2026-06-06T12:14:53.410Z debug
[InspectorProxyWorker] SEND TO RUNTIME {"method":"Runtime.getIsolateId","id":100000637}
---

--- 2026-06-06T12:15:03.416Z debug
[InspectorProxyWorker] SEND TO RUNTIME {"method":"Runtime.getIsolateId","id":100000638}
---

--- 2026-06-06T12:15:03.416Z debug
[InspectorProxyWorker] RUNTIME INCOMING MESSAGE { id: 100000638, result: { id: '1eee3444ae586db1' } }
---

--- 2026-06-06T12:15:13.422Z debug
[InspectorProxyWorker] RUNTIME INCOMING MESSAGE { id: 100000639, result: { id: '1eee3444ae586db1' } }
---

--- 2026-06-06T12:15:13.424Z debug
[InspectorProxyWorker] SEND TO RUNTIME {"method":"Runtime.getIsolateId","id":100000639}
---

--- 2026-06-06T12:15:23.434Z debug
[InspectorProxyWorker] SEND TO RUNTIME {"method":"Runtime.getIsolateId","id":100000640}
---

--- 2026-06-06T12:15:23.436Z debug
[InspectorProxyWorker] RUNTIME INCOMING MESSAGE { id: 100000640, result: { id: '1eee3444ae586db1' } }
---

--- 2026-06-06T12:15:33.434Z debug
[InspectorProxyWorker] SEND TO RUNTIME {"method":"Runtime.getIsolateId","id":100000641}
---

--- 2026-06-06T12:15:33.434Z debug
[InspectorProxyWorker] RUNTIME INCOMING MESSAGE { id: 100000641, result: { id: '1eee3444ae586db1' } }
---

--- 2026-06-06T12:15:43.441Z debug
[InspectorProxyWorker] RUNTIME INCOMING MESSAGE { id: 100000642, result: { id: '1eee3444ae586db1' } }
---

--- 2026-06-06T12:15:43.443Z debug
[InspectorProxyWorker] SEND TO RUNTIME {"method":"Runtime.getIsolateId","id":100000642}
---

--- 2026-06-06T12:15:53.446Z debug
[InspectorProxyWorker] SEND TO RUNTIME {"method":"Runtime.getIsolateId","id":100000643}
---

--- 2026-06-06T12:15:53.446Z debug
[InspectorProxyWorker] RUNTIME INCOMING MESSAGE { id: 100000643, result: { id: '1eee3444ae586db1' } }
---

--- 2026-06-06T12:16:03.449Z debug
[InspectorProxyWorker] SEND TO RUNTIME {"method":"Runtime.getIsolateId","id":100000644}
---

--- 2026-06-06T12:16:03.450Z debug
[InspectorProxyWorker] RUNTIME INCOMING MESSAGE { id: 100000644, result: { id: '1eee3444ae586db1' } }
---

--- 2026-06-06T12:16:13.455Z debug
[InspectorProxyWorker] RUNTIME INCOMING MESSAGE { id: 100000645, result: { id: '1eee3444ae586db1' } }
---

--- 2026-06-06T12:16:13.457Z debug
[InspectorProxyWorker] SEND TO RUNTIME {"method":"Runtime.getIsolateId","id":100000645}
---

--- 2026-06-06T12:16:23.456Z debug
[InspectorProxyWorker] SEND TO RUNTIME {"method":"Runtime.getIsolateId","id":100000646}
---

--- 2026-06-06T12:16:23.459Z debug
[InspectorProxyWorker] RUNTIME INCOMING MESSAGE { id: 100000646, result: { id: '1eee3444ae586db1' } }
---

--- 2026-06-06T12:16:33.464Z debug
[InspectorProxyWorker] RUNTIME INCOMING MESSAGE { id: 100000647, result: { id: '1eee3444ae586db1' } }
---

--- 2026-06-06T12:16:33.465Z debug
[InspectorProxyWorker] SEND TO RUNTIME {"method":"Runtime.getIsolateId","id":100000647}
---

--- 2026-06-06T12:16:43.472Z debug
[InspectorProxyWorker] RUNTIME INCOMING MESSAGE { id: 100000648, result: { id: '1eee3444ae586db1' } }
---

--- 2026-06-06T12:16:43.473Z debug
[InspectorProxyWorker] SEND TO RUNTIME {"method":"Runtime.getIsolateId","id":100000648}
---

--- 2026-06-06T12:16:53.470Z debug
[InspectorProxyWorker] SEND TO RUNTIME {"method":"Runtime.getIsolateId","id":100000649}
---

--- 2026-06-06T12:16:53.471Z debug
[InspectorProxyWorker] RUNTIME INCOMING MESSAGE { id: 100000649, result: { id: '1eee3444ae586db1' } }
---

--- 2026-06-06T12:17:03.483Z debug
[InspectorProxyWorker] RUNTIME INCOMING MESSAGE { id: 100000650, result: { id: '1eee3444ae586db1' } }
---

--- 2026-06-06T12:17:03.484Z debug
[InspectorProxyWorker] SEND TO RUNTIME {"method":"Runtime.getIsolateId","id":100000650}
---

--- 2026-06-06T12:17:13.488Z debug
[InspectorProxyWorker] RUNTIME INCOMING MESSAGE { id: 100000651, result: { id: '1eee3444ae586db1' } }
---

--- 2026-06-06T12:17:13.488Z debug
[InspectorProxyWorker] SEND TO RUNTIME {"method":"Runtime.getIsolateId","id":100000651}
---

--- 2026-06-06T12:17:23.485Z debug
[InspectorProxyWorker] RUNTIME INCOMING MESSAGE { id: 100000652, result: { id: '1eee3444ae586db1' } }
---

--- 2026-06-06T12:17:23.486Z debug
[InspectorProxyWorker] SEND TO RUNTIME {"method":"Runtime.getIsolateId","id":100000652}
---

--- 2026-06-06T12:17:33.500Z debug
[InspectorProxyWorker] SEND TO RUNTIME {"method":"Runtime.getIsolateId","id":100000653}
---

--- 2026-06-06T12:17:33.502Z debug
[InspectorProxyWorker] RUNTIME INCOMING MESSAGE { id: 100000653, result: { id: '1eee3444ae586db1' } }
---

--- 2026-06-06T12:17:43.503Z debug
[InspectorProxyWorker] RUNTIME INCOMING MESSAGE { id: 100000654, result: { id: '1eee3444ae586db1' } }
---

--- 2026-06-06T12:17:43.503Z debug
[InspectorProxyWorker] SEND TO RUNTIME {"method":"Runtime.getIsolateId","id":100000654}
---

--- 2026-06-06T12:17:53.517Z debug
[InspectorProxyWorker] SEND TO RUNTIME {"method":"Runtime.getIsolateId","id":100000655}
---

--- 2026-06-06T12:17:53.518Z debug
[InspectorProxyWorker] RUNTIME INCOMING MESSAGE { id: 100000655, result: { id: '1eee3444ae586db1' } }
---

--- 2026-06-06T12:18:03.523Z debug
[InspectorProxyWorker] SEND TO RUNTIME {"method":"Runtime.getIsolateId","id":100000656}
---

--- 2026-06-06T12:18:03.526Z debug
[InspectorProxyWorker] RUNTIME INCOMING MESSAGE { id: 100000656, result: { id: '1eee3444ae586db1' } }
---

--- 2026-06-06T12:18:13.538Z debug
[InspectorProxyWorker] RUNTIME INCOMING MESSAGE { id: 100000657, result: { id: '1eee3444ae586db1' } }
---

--- 2026-06-06T12:18:13.539Z debug
[InspectorProxyWorker] SEND TO RUNTIME {"method":"Runtime.getIsolateId","id":100000657}
---

--- 2026-06-06T12:18:23.552Z debug
[InspectorProxyWorker] SEND TO RUNTIME {"method":"Runtime.getIsolateId","id":100000658}
---

--- 2026-06-06T12:18:23.554Z debug
[InspectorProxyWorker] RUNTIME INCOMING MESSAGE { id: 100000658, result: { id: '1eee3444ae586db1' } }
---

--- 2026-06-06T12:18:33.551Z debug
[InspectorProxyWorker] SEND TO RUNTIME {"method":"Runtime.getIsolateId","id":100000659}
---

--- 2026-06-06T12:18:33.551Z debug
[InspectorProxyWorker] RUNTIME INCOMING MESSAGE { id: 100000659, result: { id: '1eee3444ae586db1' } }
---

--- 2026-06-06T12:18:43.557Z debug
[InspectorProxyWorker] SEND TO RUNTIME {"method":"Runtime.getIsolateId","id":100000660}
---

--- 2026-06-06T12:18:43.558Z debug
[InspectorProxyWorker] RUNTIME INCOMING MESSAGE { id: 100000660, result: { id: '1eee3444ae586db1' } }
---

--- 2026-06-06T12:18:53.555Z debug
[InspectorProxyWorker] RUNTIME INCOMING MESSAGE { id: 100000661, result: { id: '1eee3444ae586db1' } }
---

--- 2026-06-06T12:18:53.556Z debug
[InspectorProxyWorker] SEND TO RUNTIME {"method":"Runtime.getIsolateId","id":100000661}
---

--- 2026-06-06T12:19:03.572Z debug
[InspectorProxyWorker] RUNTIME INCOMING MESSAGE { id: 100000662, result: { id: '1eee3444ae586db1' } }
---

--- 2026-06-06T12:19:03.573Z debug
[InspectorProxyWorker] SEND TO RUNTIME {"method":"Runtime.getIsolateId","id":100000662}
---

--- 2026-06-06T12:19:13.575Z debug
[InspectorProxyWorker] RUNTIME INCOMING MESSAGE { id: 100000663, result: { id: '1eee3444ae586db1' } }
---

--- 2026-06-06T12:19:13.577Z debug
[InspectorProxyWorker] SEND TO RUNTIME {"method":"Runtime.getIsolateId","id":100000663}
---

--- 2026-06-06T12:19:23.586Z debug
[InspectorProxyWorker] SEND TO RUNTIME {"method":"Runtime.getIsolateId","id":100000664}
---

--- 2026-06-06T12:19:23.588Z debug
[InspectorProxyWorker] RUNTIME INCOMING MESSAGE { id: 100000664, result: { id: '1eee3444ae586db1' } }
---

--- 2026-06-06T12:19:33.587Z debug
[InspectorProxyWorker] SEND TO RUNTIME {"method":"Runtime.getIsolateId","id":100000665}
---

--- 2026-06-06T12:19:33.587Z debug
[InspectorProxyWorker] RUNTIME INCOMING MESSAGE { id: 100000665, result: { id: '1eee3444ae586db1' } }
---

--- 2026-06-06T12:19:43.601Z debug
[InspectorProxyWorker] SEND TO RUNTIME {"method":"Runtime.getIsolateId","id":100000666}
---

--- 2026-06-06T12:19:43.601Z debug
[InspectorProxyWorker] RUNTIME INCOMING MESSAGE { id: 100000666, result: { id: '1eee3444ae586db1' } }
---

--- 2026-06-06T12:19:53.602Z debug
[InspectorProxyWorker] RUNTIME INCOMING MESSAGE { id: 100000667, result: { id: '1eee3444ae586db1' } }
---

--- 2026-06-06T12:19:53.602Z debug
[InspectorProxyWorker] SEND TO RUNTIME {"method":"Runtime.getIsolateId","id":100000667}
---

--- 2026-06-06T12:20:03.606Z debug
[InspectorProxyWorker] SEND TO RUNTIME {"method":"Runtime.getIsolateId","id":100000668}
---

--- 2026-06-06T12:20:03.608Z debug
[InspectorProxyWorker] RUNTIME INCOMING MESSAGE { id: 100000668, result: { id: '1eee3444ae586db1' } }
---

--- 2026-06-06T12:20:13.609Z debug
[InspectorProxyWorker] RUNTIME INCOMING MESSAGE { id: 100000669, result: { id: '1eee3444ae586db1' } }
---

--- 2026-06-06T12:20:13.610Z debug
[InspectorProxyWorker] SEND TO RUNTIME {"method":"Runtime.getIsolateId","id":100000669}
---

--- 2026-06-06T12:20:23.612Z debug
[InspectorProxyWorker] RUNTIME INCOMING MESSAGE { id: 100000670, result: { id: '1eee3444ae586db1' } }
---

--- 2026-06-06T12:20:23.614Z debug
[InspectorProxyWorker] SEND TO RUNTIME {"method":"Runtime.getIsolateId","id":100000670}
---

--- 2026-06-06T12:20:33.622Z debug
[InspectorProxyWorker] SEND TO RUNTIME {"method":"Runtime.getIsolateId","id":100000671}
---

--- 2026-06-06T12:20:33.623Z debug
[InspectorProxyWorker] RUNTIME INCOMING MESSAGE { id: 100000671, result: { id: '1eee3444ae586db1' } }
---

--- 2026-06-06T12:20:43.625Z debug
[InspectorProxyWorker] SEND TO RUNTIME {"method":"Runtime.getIsolateId","id":100000672}
---

--- 2026-06-06T12:20:43.628Z debug
[InspectorProxyWorker] RUNTIME INCOMING MESSAGE { id: 100000672, result: { id: '1eee3444ae586db1' } }
---

--- 2026-06-06T12:20:53.635Z debug
[InspectorProxyWorker] SEND TO RUNTIME {"method":"Runtime.getIsolateId","id":100000673}
---

--- 2026-06-06T12:20:53.635Z debug
[InspectorProxyWorker] RUNTIME INCOMING MESSAGE { id: 100000673, result: { id: '1eee3444ae586db1' } }
---

--- 2026-06-06T12:21:03.643Z debug
[InspectorProxyWorker] RUNTIME INCOMING MESSAGE { id: 100000674, result: { id: '1eee3444ae586db1' } }
---

--- 2026-06-06T12:21:03.644Z debug
[InspectorProxyWorker] SEND TO RUNTIME {"method":"Runtime.getIsolateId","id":100000674}
---

--- 2026-06-06T12:21:13.647Z debug
[InspectorProxyWorker] SEND TO RUNTIME {"method":"Runtime.getIsolateId","id":100000675}
---

--- 2026-06-06T12:21:13.649Z debug
[InspectorProxyWorker] RUNTIME INCOMING MESSAGE { id: 100000675, result: { id: '1eee3444ae586db1' } }
---

--- 2026-06-06T12:21:23.652Z debug
[InspectorProxyWorker] SEND TO RUNTIME {"method":"Runtime.getIsolateId","id":100000676}
---

--- 2026-06-06T12:21:23.655Z debug
[InspectorProxyWorker] RUNTIME INCOMING MESSAGE { id: 100000676, result: { id: '1eee3444ae586db1' } }
---

--- 2026-06-06T12:21:33.654Z debug
[InspectorProxyWorker] SEND TO RUNTIME {"method":"Runtime.getIsolateId","id":100000677}
---

--- 2026-06-06T12:21:33.655Z debug
[InspectorProxyWorker] RUNTIME INCOMING MESSAGE { id: 100000677, result: { id: '1eee3444ae586db1' } }
---

--- 2026-06-06T12:21:43.659Z debug
[InspectorProxyWorker] RUNTIME INCOMING MESSAGE { id: 100000678, result: { id: '1eee3444ae586db1' } }
---

--- 2026-06-06T12:21:43.661Z debug
[InspectorProxyWorker] SEND TO RUNTIME {"method":"Runtime.getIsolateId","id":100000678}
---

--- 2026-06-06T12:21:53.675Z debug
[InspectorProxyWorker] RUNTIME INCOMING MESSAGE { id: 100000679, result: { id: '1eee3444ae586db1' } }
---

--- 2026-06-06T12:21:53.677Z debug
[InspectorProxyWorker] SEND TO RUNTIME {"method":"Runtime.getIsolateId","id":100000679}
---

--- 2026-06-06T12:22:03.687Z debug
[InspectorProxyWorker] SEND TO RUNTIME {"method":"Runtime.getIsolateId","id":100000680}
---

--- 2026-06-06T12:22:03.687Z debug
[InspectorProxyWorker] RUNTIME INCOMING MESSAGE { id: 100000680, result: { id: '1eee3444ae586db1' } }
---

--- 2026-06-06T12:22:13.703Z debug
[InspectorProxyWorker] RUNTIME INCOMING MESSAGE { id: 100000681, result: { id: '1eee3444ae586db1' } }
---

--- 2026-06-06T12:22:13.703Z debug
[InspectorProxyWorker] SEND TO RUNTIME {"method":"Runtime.getIsolateId","id":100000681}
---

--- 2026-06-06T12:22:23.716Z debug
[InspectorProxyWorker] RUNTIME INCOMING MESSAGE { id: 100000682, result: { id: '1eee3444ae586db1' } }
---

--- 2026-06-06T12:22:23.717Z debug
[InspectorProxyWorker] SEND TO RUNTIME {"method":"Runtime.getIsolateId","id":100000682}
---

--- 2026-06-06T12:22:33.720Z debug
[InspectorProxyWorker] SEND TO RUNTIME {"method":"Runtime.getIsolateId","id":100000683}
---

--- 2026-06-06T12:22:33.720Z debug
[InspectorProxyWorker] RUNTIME INCOMING MESSAGE { id: 100000683, result: { id: '1eee3444ae586db1' } }
---

--- 2026-06-06T12:22:43.722Z debug
[InspectorProxyWorker] RUNTIME INCOMING MESSAGE { id: 100000684, result: { id: '1eee3444ae586db1' } }
---

--- 2026-06-06T12:22:43.723Z debug
[InspectorProxyWorker] SEND TO RUNTIME {"method":"Runtime.getIsolateId","id":100000684}
---

--- 2026-06-06T12:22:53.736Z debug
[InspectorProxyWorker] SEND TO RUNTIME {"method":"Runtime.getIsolateId","id":100000685}
---

--- 2026-06-06T12:22:53.738Z debug
[InspectorProxyWorker] RUNTIME INCOMING MESSAGE { id: 100000685, result: { id: '1eee3444ae586db1' } }
---

--- 2026-06-06T12:23:03.737Z debug
[InspectorProxyWorker] SEND TO RUNTIME {"method":"Runtime.getIsolateId","id":100000686}
---

--- 2026-06-06T12:23:03.738Z debug
[InspectorProxyWorker] RUNTIME INCOMING MESSAGE { id: 100000686, result: { id: '1eee3444ae586db1' } }
---

--- 2026-06-06T12:23:13.754Z debug
[InspectorProxyWorker] RUNTIME INCOMING MESSAGE { id: 100000687, result: { id: '1eee3444ae586db1' } }
---

--- 2026-06-06T12:23:13.756Z debug
[InspectorProxyWorker] SEND TO RUNTIME {"method":"Runtime.getIsolateId","id":100000687}
---

--- 2026-06-06T12:23:23.759Z debug
[InspectorProxyWorker] RUNTIME INCOMING MESSAGE { id: 100000688, result: { id: '1eee3444ae586db1' } }
---

--- 2026-06-06T12:23:23.761Z debug
[InspectorProxyWorker] SEND TO RUNTIME {"method":"Runtime.getIsolateId","id":100000688}
---

--- 2026-06-06T12:23:33.755Z debug
[InspectorProxyWorker] SEND TO RUNTIME {"method":"Runtime.getIsolateId","id":100000689}
---

--- 2026-06-06T12:23:33.756Z debug
[InspectorProxyWorker] RUNTIME INCOMING MESSAGE { id: 100000689, result: { id: '1eee3444ae586db1' } }
---

--- 2026-06-06T12:23:43.756Z debug
[InspectorProxyWorker] RUNTIME INCOMING MESSAGE { id: 100000690, result: { id: '1eee3444ae586db1' } }
---

--- 2026-06-06T12:23:43.756Z debug
[InspectorProxyWorker] SEND TO RUNTIME {"method":"Runtime.getIsolateId","id":100000690}
---

--- 2026-06-06T12:23:53.768Z debug
[InspectorProxyWorker] RUNTIME INCOMING MESSAGE { id: 100000691, result: { id: '1eee3444ae586db1' } }
---

--- 2026-06-06T12:23:53.768Z debug
[InspectorProxyWorker] SEND TO RUNTIME {"method":"Runtime.getIsolateId","id":100000691}
---

--- 2026-06-06T12:24:03.773Z debug
[InspectorProxyWorker] RUNTIME INCOMING MESSAGE { id: 100000692, result: { id: '1eee3444ae586db1' } }
---

--- 2026-06-06T12:24:03.774Z debug
[InspectorProxyWorker] SEND TO RUNTIME {"method":"Runtime.getIsolateId","id":100000692}
---

--- 2026-06-06T12:24:13.772Z debug
[InspectorProxyWorker] SEND TO RUNTIME {"method":"Runtime.getIsolateId","id":100000693}
---

--- 2026-06-06T12:24:13.773Z debug
[InspectorProxyWorker] RUNTIME INCOMING MESSAGE { id: 100000693, result: { id: '1eee3444ae586db1' } }
---

--- 2026-06-06T12:24:23.785Z debug
[InspectorProxyWorker] SEND TO RUNTIME {"method":"Runtime.getIsolateId","id":100000694}
---

--- 2026-06-06T12:24:23.787Z debug
[InspectorProxyWorker] RUNTIME INCOMING MESSAGE { id: 100000694, result: { id: '1eee3444ae586db1' } }
---

--- 2026-06-06T12:24:33.794Z debug
[InspectorProxyWorker] SEND TO RUNTIME {"method":"Runtime.getIsolateId","id":100000695}
---

--- 2026-06-06T12:24:33.796Z debug
[InspectorProxyWorker] RUNTIME INCOMING MESSAGE { id: 100000695, result: { id: '1eee3444ae586db1' } }
---

--- 2026-06-06T12:24:43.808Z debug
[InspectorProxyWorker] RUNTIME INCOMING MESSAGE { id: 100000696, result: { id: '1eee3444ae586db1' } }
---

--- 2026-06-06T12:24:43.810Z debug
[InspectorProxyWorker] SEND TO RUNTIME {"method":"Runtime.getIsolateId","id":100000696}
---

--- 2026-06-06T12:24:53.806Z debug
[InspectorProxyWorker] RUNTIME INCOMING MESSAGE { id: 100000697, result: { id: '1eee3444ae586db1' } }
---

--- 2026-06-06T12:24:53.807Z debug
[InspectorProxyWorker] SEND TO RUNTIME {"method":"Runtime.getIsolateId","id":100000697}
---

--- 2026-06-06T12:25:03.811Z debug
[InspectorProxyWorker] SEND TO RUNTIME {"method":"Runtime.getIsolateId","id":100000698}
---

--- 2026-06-06T12:25:03.813Z debug
[InspectorProxyWorker] RUNTIME INCOMING MESSAGE { id: 100000698, result: { id: '1eee3444ae586db1' } }
---

--- 2026-06-06T12:25:13.822Z debug
[InspectorProxyWorker] RUNTIME INCOMING MESSAGE { id: 100000699, result: { id: '1eee3444ae586db1' } }
---

--- 2026-06-06T12:25:13.823Z debug
[InspectorProxyWorker] SEND TO RUNTIME {"method":"Runtime.getIsolateId","id":100000699}
---

--- 2026-06-06T12:25:23.828Z debug
[InspectorProxyWorker] SEND TO RUNTIME {"method":"Runtime.getIsolateId","id":100000700}
---

--- 2026-06-06T12:25:23.830Z debug
[InspectorProxyWorker] RUNTIME INCOMING MESSAGE { id: 100000700, result: { id: '1eee3444ae586db1' } }
---

--- 2026-06-06T12:25:33.829Z debug
[InspectorProxyWorker] SEND TO RUNTIME {"method":"Runtime.getIsolateId","id":100000701}
---

--- 2026-06-06T12:25:33.831Z debug
[InspectorProxyWorker] RUNTIME INCOMING MESSAGE { id: 100000701, result: { id: '1eee3444ae586db1' } }
---

--- 2026-06-06T12:25:43.842Z debug
[InspectorProxyWorker] SEND TO RUNTIME {"method":"Runtime.getIsolateId","id":100000702}
---

--- 2026-06-06T12:25:43.843Z debug
[InspectorProxyWorker] RUNTIME INCOMING MESSAGE { id: 100000702, result: { id: '1eee3444ae586db1' } }
---

--- 2026-06-06T12:25:53.840Z debug
[InspectorProxyWorker] SEND TO RUNTIME {"method":"Runtime.getIsolateId","id":100000703}
---

--- 2026-06-06T12:25:53.842Z debug
[InspectorProxyWorker] RUNTIME INCOMING MESSAGE { id: 100000703, result: { id: '1eee3444ae586db1' } }
---

--- 2026-06-06T12:26:03.840Z debug
[InspectorProxyWorker] RUNTIME INCOMING MESSAGE { id: 100000704, result: { id: '1eee3444ae586db1' } }
---

--- 2026-06-06T12:26:03.841Z debug
[InspectorProxyWorker] SEND TO RUNTIME {"method":"Runtime.getIsolateId","id":100000704}
---

--- 2026-06-06T12:26:13.850Z debug
[InspectorProxyWorker] RUNTIME INCOMING MESSAGE { id: 100000705, result: { id: '1eee3444ae586db1' } }
---

--- 2026-06-06T12:26:13.850Z debug
[InspectorProxyWorker] SEND TO RUNTIME {"method":"Runtime.getIsolateId","id":100000705}
---

--- 2026-06-06T12:26:23.856Z debug
[InspectorProxyWorker] RUNTIME INCOMING MESSAGE { id: 100000706, result: { id: '1eee3444ae586db1' } }
---

--- 2026-06-06T12:26:23.858Z debug
[InspectorProxyWorker] SEND TO RUNTIME {"method":"Runtime.getIsolateId","id":100000706}
---

--- 2026-06-06T12:26:33.856Z debug
[InspectorProxyWorker] SEND TO RUNTIME {"method":"Runtime.getIsolateId","id":100000707}
---

--- 2026-06-06T12:26:33.858Z debug
[InspectorProxyWorker] RUNTIME INCOMING MESSAGE { id: 100000707, result: { id: '1eee3444ae586db1' } }
---

--- 2026-06-06T12:26:43.862Z debug
[InspectorProxyWorker] RUNTIME INCOMING MESSAGE { id: 100000708, result: { id: '1eee3444ae586db1' } }
---

--- 2026-06-06T12:26:43.863Z debug
[InspectorProxyWorker] SEND TO RUNTIME {"method":"Runtime.getIsolateId","id":100000708}
---

--- 2026-06-06T12:26:53.864Z debug
[InspectorProxyWorker] RUNTIME INCOMING MESSAGE { id: 100000709, result: { id: '1eee3444ae586db1' } }
---

--- 2026-06-06T12:26:53.866Z debug
[InspectorProxyWorker] SEND TO RUNTIME {"method":"Runtime.getIsolateId","id":100000709}
---

--- 2026-06-06T12:27:03.875Z debug
[InspectorProxyWorker] SEND TO RUNTIME {"method":"Runtime.getIsolateId","id":100000710}
---

--- 2026-06-06T12:27:03.877Z debug
[InspectorProxyWorker] RUNTIME INCOMING MESSAGE { id: 100000710, result: { id: '1eee3444ae586db1' } }
---

--- 2026-06-06T12:27:13.878Z debug
[InspectorProxyWorker] SEND TO RUNTIME {"method":"Runtime.getIsolateId","id":100000711}
---

--- 2026-06-06T12:27:13.880Z debug
[InspectorProxyWorker] RUNTIME INCOMING MESSAGE { id: 100000711, result: { id: '1eee3444ae586db1' } }
---

--- 2026-06-06T12:27:23.888Z debug
[InspectorProxyWorker] RUNTIME INCOMING MESSAGE { id: 100000712, result: { id: '1eee3444ae586db1' } }
---

--- 2026-06-06T12:27:23.889Z debug
[InspectorProxyWorker] SEND TO RUNTIME {"method":"Runtime.getIsolateId","id":100000712}
---

--- 2026-06-06T12:27:33.894Z debug
[InspectorProxyWorker] SEND TO RUNTIME {"method":"Runtime.getIsolateId","id":100000713}
---

--- 2026-06-06T12:27:33.896Z debug
[InspectorProxyWorker] RUNTIME INCOMING MESSAGE { id: 100000713, result: { id: '1eee3444ae586db1' } }
---

--- 2026-06-06T12:27:43.906Z debug
[InspectorProxyWorker] SEND TO RUNTIME {"method":"Runtime.getIsolateId","id":100000714}
---

--- 2026-06-06T12:27:43.907Z debug
[InspectorProxyWorker] RUNTIME INCOMING MESSAGE { id: 100000714, result: { id: '1eee3444ae586db1' } }
---

--- 2026-06-06T12:27:53.911Z debug
[InspectorProxyWorker] RUNTIME INCOMING MESSAGE { id: 100000715, result: { id: '1eee3444ae586db1' } }
---

--- 2026-06-06T12:27:53.911Z debug
[InspectorProxyWorker] SEND TO RUNTIME {"method":"Runtime.getIsolateId","id":100000715}
---

--- 2026-06-06T12:28:03.924Z debug
[InspectorProxyWorker] RUNTIME INCOMING MESSAGE { id: 100000716, result: { id: '1eee3444ae586db1' } }
---

--- 2026-06-06T12:28:03.925Z debug
[InspectorProxyWorker] SEND TO RUNTIME {"method":"Runtime.getIsolateId","id":100000716}
---

--- 2026-06-06T12:28:13.928Z debug
[InspectorProxyWorker] SEND TO RUNTIME {"method":"Runtime.getIsolateId","id":100000717}
---

--- 2026-06-06T12:28:13.928Z debug
[InspectorProxyWorker] RUNTIME INCOMING MESSAGE { id: 100000717, result: { id: '1eee3444ae586db1' } }
---

--- 2026-06-06T12:28:23.939Z debug
[InspectorProxyWorker] SEND TO RUNTIME {"method":"Runtime.getIsolateId","id":100000718}
---

--- 2026-06-06T12:28:23.940Z debug
[InspectorProxyWorker] RUNTIME INCOMING MESSAGE { id: 100000718, result: { id: '1eee3444ae586db1' } }
---

--- 2026-06-06T12:28:33.942Z debug
[InspectorProxyWorker] RUNTIME INCOMING MESSAGE { id: 100000719, result: { id: '1eee3444ae586db1' } }
---

--- 2026-06-06T12:28:33.943Z debug
[InspectorProxyWorker] SEND TO RUNTIME {"method":"Runtime.getIsolateId","id":100000719}
---

--- 2026-06-06T12:28:43.943Z debug
[InspectorProxyWorker] SEND TO RUNTIME {"method":"Runtime.getIsolateId","id":100000720}
---

--- 2026-06-06T12:28:43.944Z debug
[InspectorProxyWorker] RUNTIME INCOMING MESSAGE { id: 100000720, result: { id: '1eee3444ae586db1' } }
---

--- 2026-06-06T12:28:53.961Z debug
[InspectorProxyWorker] RUNTIME INCOMING MESSAGE { id: 100000721, result: { id: '1eee3444ae586db1' } }
---

--- 2026-06-06T12:28:53.963Z debug
[InspectorProxyWorker] SEND TO RUNTIME {"method":"Runtime.getIsolateId","id":100000721}
---

--- 2026-06-06T12:29:03.964Z debug
[InspectorProxyWorker] RUNTIME INCOMING MESSAGE { id: 100000722, result: { id: '1eee3444ae586db1' } }
---

--- 2026-06-06T12:29:03.965Z debug
[InspectorProxyWorker] SEND TO RUNTIME {"method":"Runtime.getIsolateId","id":100000722}
---

--- 2026-06-06T12:29:13.973Z debug
[InspectorProxyWorker] RUNTIME INCOMING MESSAGE { id: 100000723, result: { id: '1eee3444ae586db1' } }
---

--- 2026-06-06T12:29:13.973Z debug
[InspectorProxyWorker] SEND TO RUNTIME {"method":"Runtime.getIsolateId","id":100000723}
---

--- 2026-06-06T12:29:23.980Z debug
[InspectorProxyWorker] RUNTIME INCOMING MESSAGE { id: 100000724, result: { id: '1eee3444ae586db1' } }
---

--- 2026-06-06T12:29:23.981Z debug
[InspectorProxyWorker] SEND TO RUNTIME {"method":"Runtime.getIsolateId","id":100000724}
---

--- 2026-06-06T12:29:33.991Z debug
[InspectorProxyWorker] RUNTIME INCOMING MESSAGE { id: 100000725, result: { id: '1eee3444ae586db1' } }
---

--- 2026-06-06T12:29:33.993Z debug
[InspectorProxyWorker] SEND TO RUNTIME {"method":"Runtime.getIsolateId","id":100000725}
---

--- 2026-06-06T12:29:43.998Z debug
[InspectorProxyWorker] RUNTIME INCOMING MESSAGE { id: 100000726, result: { id: '1eee3444ae586db1' } }
---

--- 2026-06-06T12:29:43.999Z debug
[InspectorProxyWorker] SEND TO RUNTIME {"method":"Runtime.getIsolateId","id":100000726}
---

--- 2026-06-06T12:29:54.009Z debug
[InspectorProxyWorker] RUNTIME INCOMING MESSAGE { id: 100000727, result: { id: '1eee3444ae586db1' } }
---

--- 2026-06-06T12:29:54.009Z debug
[InspectorProxyWorker] SEND TO RUNTIME {"method":"Runtime.getIsolateId","id":100000727}
---

--- 2026-06-06T12:30:04.008Z debug
[InspectorProxyWorker] RUNTIME INCOMING MESSAGE { id: 100000728, result: { id: '1eee3444ae586db1' } }
---

--- 2026-06-06T12:30:04.009Z debug
[InspectorProxyWorker] SEND TO RUNTIME {"method":"Runtime.getIsolateId","id":100000728}
---

--- 2026-06-06T12:30:14.013Z debug
[InspectorProxyWorker] RUNTIME INCOMING MESSAGE { id: 100000729, result: { id: '1eee3444ae586db1' } }
---

--- 2026-06-06T12:30:14.013Z debug
[InspectorProxyWorker] SEND TO RUNTIME {"method":"Runtime.getIsolateId","id":100000729}
---

--- 2026-06-06T12:30:24.026Z debug
[InspectorProxyWorker] SEND TO RUNTIME {"method":"Runtime.getIsolateId","id":100000730}
---

--- 2026-06-06T12:30:24.027Z debug
[InspectorProxyWorker] RUNTIME INCOMING MESSAGE { id: 100000730, result: { id: '1eee3444ae586db1' } }
---

--- 2026-06-06T12:30:34.036Z debug
[InspectorProxyWorker] RUNTIME INCOMING MESSAGE { id: 100000731, result: { id: '1eee3444ae586db1' } }
---

--- 2026-06-06T12:30:34.036Z debug
[InspectorProxyWorker] SEND TO RUNTIME {"method":"Runtime.getIsolateId","id":100000731}
---

--- 2026-06-06T12:30:44.046Z debug
[InspectorProxyWorker] SEND TO RUNTIME {"method":"Runtime.getIsolateId","id":100000732}
---

--- 2026-06-06T12:30:44.048Z debug
[InspectorProxyWorker] RUNTIME INCOMING MESSAGE { id: 100000732, result: { id: '1eee3444ae586db1' } }
---

--- 2026-06-06T12:30:54.049Z debug
[InspectorProxyWorker] RUNTIME INCOMING MESSAGE { id: 100000733, result: { id: '1eee3444ae586db1' } }
---

--- 2026-06-06T12:30:54.050Z debug
[InspectorProxyWorker] SEND TO RUNTIME {"method":"Runtime.getIsolateId","id":100000733}
---

--- 2026-06-06T12:31:04.063Z debug
[InspectorProxyWorker] RUNTIME INCOMING MESSAGE { id: 100000734, result: { id: '1eee3444ae586db1' } }
---

--- 2026-06-06T12:31:04.065Z debug
[InspectorProxyWorker] SEND TO RUNTIME {"method":"Runtime.getIsolateId","id":100000734}
---

--- 2026-06-06T12:31:14.063Z debug
[InspectorProxyWorker] RUNTIME INCOMING MESSAGE { id: 100000735, result: { id: '1eee3444ae586db1' } }
---

--- 2026-06-06T12:31:14.063Z debug
[InspectorProxyWorker] SEND TO RUNTIME {"method":"Runtime.getIsolateId","id":100000735}
---

--- 2026-06-06T12:31:24.069Z debug
[InspectorProxyWorker] RUNTIME INCOMING MESSAGE { id: 100000736, result: { id: '1eee3444ae586db1' } }
---

--- 2026-06-06T12:31:24.070Z debug
[InspectorProxyWorker] SEND TO RUNTIME {"method":"Runtime.getIsolateId","id":100000736}
---

--- 2026-06-06T12:31:34.075Z debug
[InspectorProxyWorker] SEND TO RUNTIME {"method":"Runtime.getIsolateId","id":100000737}
---

--- 2026-06-06T12:31:34.076Z debug
[InspectorProxyWorker] RUNTIME INCOMING MESSAGE { id: 100000737, result: { id: '1eee3444ae586db1' } }
---

--- 2026-06-06T12:31:44.078Z debug
[InspectorProxyWorker] SEND TO RUNTIME {"method":"Runtime.getIsolateId","id":100000738}
---

--- 2026-06-06T12:31:44.079Z debug
[InspectorProxyWorker] RUNTIME INCOMING MESSAGE { id: 100000738, result: { id: '1eee3444ae586db1' } }
---

--- 2026-06-06T12:31:54.084Z debug
[InspectorProxyWorker] SEND TO RUNTIME {"method":"Runtime.getIsolateId","id":100000739}
---

--- 2026-06-06T12:31:54.086Z debug
[InspectorProxyWorker] RUNTIME INCOMING MESSAGE { id: 100000739, result: { id: '1eee3444ae586db1' } }
---

--- 2026-06-06T12:32:04.097Z debug
[InspectorProxyWorker] RUNTIME INCOMING MESSAGE { id: 100000740, result: { id: '1eee3444ae586db1' } }
---

--- 2026-06-06T12:32:04.098Z debug
[InspectorProxyWorker] SEND TO RUNTIME {"method":"Runtime.getIsolateId","id":100000740}
---

--- 2026-06-06T12:32:14.093Z debug
[InspectorProxyWorker] SEND TO RUNTIME {"method":"Runtime.getIsolateId","id":100000741}
---

--- 2026-06-06T12:32:14.093Z debug
[InspectorProxyWorker] RUNTIME INCOMING MESSAGE { id: 100000741, result: { id: '1eee3444ae586db1' } }
---

--- 2026-06-06T12:32:24.109Z debug
[InspectorProxyWorker] RUNTIME INCOMING MESSAGE { id: 100000742, result: { id: '1eee3444ae586db1' } }
---

--- 2026-06-06T12:32:24.111Z debug
[InspectorProxyWorker] SEND TO RUNTIME {"method":"Runtime.getIsolateId","id":100000742}
---

--- 2026-06-06T12:32:34.115Z debug
[InspectorProxyWorker] RUNTIME INCOMING MESSAGE { id: 100000743, result: { id: '1eee3444ae586db1' } }
---

--- 2026-06-06T12:32:34.117Z debug
[InspectorProxyWorker] SEND TO RUNTIME {"method":"Runtime.getIsolateId","id":100000743}
---

--- 2026-06-06T12:32:44.122Z debug
[InspectorProxyWorker] SEND TO RUNTIME {"method":"Runtime.getIsolateId","id":100000744}
---

--- 2026-06-06T12:32:44.122Z debug
[InspectorProxyWorker] RUNTIME INCOMING MESSAGE { id: 100000744, result: { id: '1eee3444ae586db1' } }
---

--- 2026-06-06T12:32:54.130Z debug
[InspectorProxyWorker] RUNTIME INCOMING MESSAGE { id: 100000745, result: { id: '1eee3444ae586db1' } }
---

--- 2026-06-06T12:32:54.131Z debug
[InspectorProxyWorker] SEND TO RUNTIME {"method":"Runtime.getIsolateId","id":100000745}
---

--- 2026-06-06T12:33:04.142Z debug
[InspectorProxyWorker] RUNTIME INCOMING MESSAGE { id: 100000746, result: { id: '1eee3444ae586db1' } }
---

--- 2026-06-06T12:33:04.143Z debug
[InspectorProxyWorker] SEND TO RUNTIME {"method":"Runtime.getIsolateId","id":100000746}
---

--- 2026-06-06T12:33:14.148Z debug
[InspectorProxyWorker] RUNTIME INCOMING MESSAGE { id: 100000747, result: { id: '1eee3444ae586db1' } }
---

--- 2026-06-06T12:33:14.148Z debug
[InspectorProxyWorker] SEND TO RUNTIME {"method":"Runtime.getIsolateId","id":100000747}
---

--- 2026-06-06T12:33:24.146Z debug
[InspectorProxyWorker] SEND TO RUNTIME {"method":"Runtime.getIsolateId","id":100000748}
---

--- 2026-06-06T12:33:24.147Z debug
[InspectorProxyWorker] RUNTIME INCOMING MESSAGE { id: 100000748, result: { id: '1eee3444ae586db1' } }
---

--- 2026-06-06T12:33:34.162Z debug
[InspectorProxyWorker] RUNTIME INCOMING MESSAGE { id: 100000749, result: { id: '1eee3444ae586db1' } }
---

--- 2026-06-06T12:33:34.163Z debug
[InspectorProxyWorker] SEND TO RUNTIME {"method":"Runtime.getIsolateId","id":100000749}
---

--- 2026-06-06T12:33:44.160Z debug
[InspectorProxyWorker] RUNTIME INCOMING MESSAGE { id: 100000750, result: { id: '1eee3444ae586db1' } }
---

--- 2026-06-06T12:33:44.161Z debug
[InspectorProxyWorker] SEND TO RUNTIME {"method":"Runtime.getIsolateId","id":100000750}
---

--- 2026-06-06T12:33:54.175Z debug
[InspectorProxyWorker] RUNTIME INCOMING MESSAGE { id: 100000751, result: { id: '1eee3444ae586db1' } }
---

--- 2026-06-06T12:33:54.176Z debug
[InspectorProxyWorker] SEND TO RUNTIME {"method":"Runtime.getIsolateId","id":100000751}
---

--- 2026-06-06T12:34:04.177Z debug
[InspectorProxyWorker] SEND TO RUNTIME {"method":"Runtime.getIsolateId","id":100000752}
---

--- 2026-06-06T12:34:04.178Z debug
[InspectorProxyWorker] RUNTIME INCOMING MESSAGE { id: 100000752, result: { id: '1eee3444ae586db1' } }
---

--- 2026-06-06T12:34:14.198Z debug
[InspectorProxyWorker] RUNTIME INCOMING MESSAGE { id: 100000753, result: { id: '1eee3444ae586db1' } }
---

--- 2026-06-06T12:34:14.199Z debug
[InspectorProxyWorker] SEND TO RUNTIME {"method":"Runtime.getIsolateId","id":100000753}
---

--- 2026-06-06T12:34:24.196Z debug
[InspectorProxyWorker] RUNTIME INCOMING MESSAGE { id: 100000754, result: { id: '1eee3444ae586db1' } }
---

--- 2026-06-06T12:34:24.196Z debug
[InspectorProxyWorker] SEND TO RUNTIME {"method":"Runtime.getIsolateId","id":100000754}
---

--- 2026-06-06T12:34:34.200Z debug
[InspectorProxyWorker] RUNTIME INCOMING MESSAGE { id: 100000755, result: { id: '1eee3444ae586db1' } }
---

--- 2026-06-06T12:34:34.202Z debug
[InspectorProxyWorker] SEND TO RUNTIME {"method":"Runtime.getIsolateId","id":100000755}
---

--- 2026-06-06T12:34:44.197Z debug
[InspectorProxyWorker] SEND TO RUNTIME {"method":"Runtime.getIsolateId","id":100000756}
---

--- 2026-06-06T12:34:44.198Z debug
[InspectorProxyWorker] RUNTIME INCOMING MESSAGE { id: 100000756, result: { id: '1eee3444ae586db1' } }
---

--- 2026-06-06T12:34:54.205Z debug
[InspectorProxyWorker] SEND TO RUNTIME {"method":"Runtime.getIsolateId","id":100000757}
---

--- 2026-06-06T12:34:54.206Z debug
[InspectorProxyWorker] RUNTIME INCOMING MESSAGE { id: 100000757, result: { id: '1eee3444ae586db1' } }
---

--- 2026-06-06T12:35:04.210Z debug
[InspectorProxyWorker] RUNTIME INCOMING MESSAGE { id: 100000758, result: { id: '1eee3444ae586db1' } }
---

--- 2026-06-06T12:35:04.211Z debug
[InspectorProxyWorker] SEND TO RUNTIME {"method":"Runtime.getIsolateId","id":100000758}
---

--- 2026-06-06T12:35:14.214Z debug
[InspectorProxyWorker] SEND TO RUNTIME {"method":"Runtime.getIsolateId","id":100000759}
---

--- 2026-06-06T12:35:14.215Z debug
[InspectorProxyWorker] RUNTIME INCOMING MESSAGE { id: 100000759, result: { id: '1eee3444ae586db1' } }
---

--- 2026-06-06T12:35:24.226Z debug
[InspectorProxyWorker] RUNTIME INCOMING MESSAGE { id: 100000760, result: { id: '1eee3444ae586db1' } }
---

--- 2026-06-06T12:35:24.227Z debug
[InspectorProxyWorker] SEND TO RUNTIME {"method":"Runtime.getIsolateId","id":100000760}
---

--- 2026-06-06T12:35:34.229Z debug
[InspectorProxyWorker] RUNTIME INCOMING MESSAGE { id: 100000761, result: { id: '1eee3444ae586db1' } }
---

--- 2026-06-06T12:35:34.230Z debug
[InspectorProxyWorker] SEND TO RUNTIME {"method":"Runtime.getIsolateId","id":100000761}
---

--- 2026-06-06T12:35:44.241Z debug
[InspectorProxyWorker] RUNTIME INCOMING MESSAGE { id: 100000762, result: { id: '1eee3444ae586db1' } }
---

--- 2026-06-06T12:35:44.241Z debug
[InspectorProxyWorker] SEND TO RUNTIME {"method":"Runtime.getIsolateId","id":100000762}
---

--- 2026-06-06T12:35:54.243Z debug
[InspectorProxyWorker] SEND TO RUNTIME {"method":"Runtime.getIsolateId","id":100000763}
---

--- 2026-06-06T12:35:54.244Z debug
[InspectorProxyWorker] RUNTIME INCOMING MESSAGE { id: 100000763, result: { id: '1eee3444ae586db1' } }
---

--- 2026-06-06T12:36:04.251Z debug
[InspectorProxyWorker] RUNTIME INCOMING MESSAGE { id: 100000764, result: { id: '1eee3444ae586db1' } }
---

--- 2026-06-06T12:36:04.252Z debug
[InspectorProxyWorker] SEND TO RUNTIME {"method":"Runtime.getIsolateId","id":100000764}
---

--- 2026-06-06T12:36:14.259Z debug
[InspectorProxyWorker] RUNTIME INCOMING MESSAGE { id: 100000765, result: { id: '1eee3444ae586db1' } }
---

--- 2026-06-06T12:36:14.259Z debug
[InspectorProxyWorker] SEND TO RUNTIME {"method":"Runtime.getIsolateId","id":100000765}
---

--- 2026-06-06T12:36:24.260Z debug
[InspectorProxyWorker] SEND TO RUNTIME {"method":"Runtime.getIsolateId","id":100000766}
---

--- 2026-06-06T12:36:24.261Z debug
[InspectorProxyWorker] RUNTIME INCOMING MESSAGE { id: 100000766, result: { id: '1eee3444ae586db1' } }
---

--- 2026-06-06T12:36:34.270Z debug
[InspectorProxyWorker] SEND TO RUNTIME {"method":"Runtime.getIsolateId","id":100000767}
---

--- 2026-06-06T12:36:34.272Z debug
[InspectorProxyWorker] RUNTIME INCOMING MESSAGE { id: 100000767, result: { id: '1eee3444ae586db1' } }
---

--- 2026-06-06T12:36:44.272Z debug
[InspectorProxyWorker] RUNTIME INCOMING MESSAGE { id: 100000768, result: { id: '1eee3444ae586db1' } }
---

--- 2026-06-06T12:36:44.272Z debug
[InspectorProxyWorker] SEND TO RUNTIME {"method":"Runtime.getIsolateId","id":100000768}
---

--- 2026-06-06T12:36:54.283Z debug
[InspectorProxyWorker] RUNTIME INCOMING MESSAGE { id: 100000769, result: { id: '1eee3444ae586db1' } }
---

--- 2026-06-06T12:36:54.285Z debug
[InspectorProxyWorker] SEND TO RUNTIME {"method":"Runtime.getIsolateId","id":100000769}
---

--- 2026-06-06T12:37:04.292Z debug
[InspectorProxyWorker] RUNTIME INCOMING MESSAGE { id: 100000770, result: { id: '1eee3444ae586db1' } }
---

--- 2026-06-06T12:37:04.293Z debug
[InspectorProxyWorker] SEND TO RUNTIME {"method":"Runtime.getIsolateId","id":100000770}
---

--- 2026-06-06T12:37:14.296Z debug
[InspectorProxyWorker] RUNTIME INCOMING MESSAGE { id: 100000771, result: { id: '1eee3444ae586db1' } }
---

--- 2026-06-06T12:37:14.296Z debug
[InspectorProxyWorker] SEND TO RUNTIME {"method":"Runtime.getIsolateId","id":100000771}
---

--- 2026-06-06T12:37:24.310Z debug
[InspectorProxyWorker] RUNTIME INCOMING MESSAGE { id: 100000772, result: { id: '1eee3444ae586db1' } }
---

--- 2026-06-06T12:37:24.311Z debug
[InspectorProxyWorker] SEND TO RUNTIME {"method":"Runtime.getIsolateId","id":100000772}
---

--- 2026-06-06T12:37:34.312Z debug
[InspectorProxyWorker] SEND TO RUNTIME {"method":"Runtime.getIsolateId","id":100000773}
---

--- 2026-06-06T12:37:34.313Z debug
[InspectorProxyWorker] RUNTIME INCOMING MESSAGE { id: 100000773, result: { id: '1eee3444ae586db1' } }
---

--- 2026-06-06T12:37:44.328Z debug
[InspectorProxyWorker] RUNTIME INCOMING MESSAGE { id: 100000774, result: { id: '1eee3444ae586db1' } }
---

--- 2026-06-06T12:37:44.330Z debug
[InspectorProxyWorker] SEND TO RUNTIME {"method":"Runtime.getIsolateId","id":100000774}
---

--- 2026-06-06T12:37:54.329Z debug
[InspectorProxyWorker] RUNTIME INCOMING MESSAGE { id: 100000775, result: { id: '1eee3444ae586db1' } }
---

--- 2026-06-06T12:37:54.329Z debug
[InspectorProxyWorker] SEND TO RUNTIME {"method":"Runtime.getIsolateId","id":100000775}
---

--- 2026-06-06T12:38:04.331Z debug
[InspectorProxyWorker] SEND TO RUNTIME {"method":"Runtime.getIsolateId","id":100000776}
---

--- 2026-06-06T12:38:04.331Z debug
[InspectorProxyWorker] RUNTIME INCOMING MESSAGE { id: 100000776, result: { id: '1eee3444ae586db1' } }
---

--- 2026-06-06T12:38:14.347Z debug
[InspectorProxyWorker] SEND TO RUNTIME {"method":"Runtime.getIsolateId","id":100000777}
---

--- 2026-06-06T12:38:14.349Z debug
[InspectorProxyWorker] RUNTIME INCOMING MESSAGE { id: 100000777, result: { id: '1eee3444ae586db1' } }
---

--- 2026-06-06T12:38:24.352Z debug
[InspectorProxyWorker] RUNTIME INCOMING MESSAGE { id: 100000778, result: { id: '1eee3444ae586db1' } }
---

--- 2026-06-06T12:38:24.354Z debug
[InspectorProxyWorker] SEND TO RUNTIME {"method":"Runtime.getIsolateId","id":100000778}
---

--- 2026-06-06T12:38:34.363Z debug
[InspectorProxyWorker] SEND TO RUNTIME {"method":"Runtime.getIsolateId","id":100000779}
---

--- 2026-06-06T12:38:34.363Z debug
[InspectorProxyWorker] RUNTIME INCOMING MESSAGE { id: 100000779, result: { id: '1eee3444ae586db1' } }
---

--- 2026-06-06T12:38:44.371Z debug
[InspectorProxyWorker] RUNTIME INCOMING MESSAGE { id: 100000780, result: { id: '1eee3444ae586db1' } }
---

--- 2026-06-06T12:38:44.373Z debug
[InspectorProxyWorker] SEND TO RUNTIME {"method":"Runtime.getIsolateId","id":100000780}
---

--- 2026-06-06T12:38:54.379Z debug
[InspectorProxyWorker] SEND TO RUNTIME {"method":"Runtime.getIsolateId","id":100000781}
---

--- 2026-06-06T12:38:54.380Z debug
[InspectorProxyWorker] RUNTIME INCOMING MESSAGE { id: 100000781, result: { id: '1eee3444ae586db1' } }
---

--- 2026-06-06T12:39:04.396Z debug
[InspectorProxyWorker] RUNTIME INCOMING MESSAGE { id: 100000782, result: { id: '1eee3444ae586db1' } }
---

--- 2026-06-06T12:39:04.396Z debug
[InspectorProxyWorker] SEND TO RUNTIME {"method":"Runtime.getIsolateId","id":100000782}
---

--- 2026-06-06T12:39:14.397Z debug
[InspectorProxyWorker] RUNTIME INCOMING MESSAGE { id: 100000783, result: { id: '1eee3444ae586db1' } }
---

--- 2026-06-06T12:39:14.398Z debug
[InspectorProxyWorker] SEND TO RUNTIME {"method":"Runtime.getIsolateId","id":100000783}
---

--- 2026-06-06T12:39:24.402Z debug
[InspectorProxyWorker] SEND TO RUNTIME {"method":"Runtime.getIsolateId","id":100000784}
---

--- 2026-06-06T12:39:24.404Z debug
[InspectorProxyWorker] RUNTIME INCOMING MESSAGE { id: 100000784, result: { id: '1eee3444ae586db1' } }
---

--- 2026-06-06T12:39:34.411Z debug
[InspectorProxyWorker] RUNTIME INCOMING MESSAGE { id: 100000785, result: { id: '1eee3444ae586db1' } }
---

--- 2026-06-06T12:39:34.412Z debug
[InspectorProxyWorker] SEND TO RUNTIME {"method":"Runtime.getIsolateId","id":100000785}
---

--- 2026-06-06T12:39:44.412Z debug
[InspectorProxyWorker] SEND TO RUNTIME {"method":"Runtime.getIsolateId","id":100000786}
---

--- 2026-06-06T12:39:44.412Z debug
[InspectorProxyWorker] RUNTIME INCOMING MESSAGE { id: 100000786, result: { id: '1eee3444ae586db1' } }
---

--- 2026-06-06T12:39:54.419Z debug
[InspectorProxyWorker] RUNTIME INCOMING MESSAGE { id: 100000787, result: { id: '1eee3444ae586db1' } }
---

--- 2026-06-06T12:39:54.421Z debug
[InspectorProxyWorker] SEND TO RUNTIME {"method":"Runtime.getIsolateId","id":100000787}
---

--- 2026-06-06T12:40:04.426Z debug
[InspectorProxyWorker] SEND TO RUNTIME {"method":"Runtime.getIsolateId","id":100000788}
---

--- 2026-06-06T12:40:04.427Z debug
[InspectorProxyWorker] RUNTIME INCOMING MESSAGE { id: 100000788, result: { id: '1eee3444ae586db1' } }
---

--- 2026-06-06T12:40:14.427Z debug
[InspectorProxyWorker] RUNTIME INCOMING MESSAGE { id: 100000789, result: { id: '1eee3444ae586db1' } }
---

--- 2026-06-06T12:40:14.427Z debug
[InspectorProxyWorker] SEND TO RUNTIME {"method":"Runtime.getIsolateId","id":100000789}
---

--- 2026-06-06T12:40:24.428Z debug
[InspectorProxyWorker] SEND TO RUNTIME {"method":"Runtime.getIsolateId","id":100000790}
---

--- 2026-06-06T12:40:24.428Z debug
[InspectorProxyWorker] RUNTIME INCOMING MESSAGE { id: 100000790, result: { id: '1eee3444ae586db1' } }
---

--- 2026-06-06T12:40:34.434Z debug
[InspectorProxyWorker] SEND TO RUNTIME {"method":"Runtime.getIsolateId","id":100000791}
---

--- 2026-06-06T12:40:34.436Z debug
[InspectorProxyWorker] RUNTIME INCOMING MESSAGE { id: 100000791, result: { id: '1eee3444ae586db1' } }
---

--- 2026-06-06T12:40:44.445Z debug
[InspectorProxyWorker] RUNTIME INCOMING MESSAGE { id: 100000792, result: { id: '1eee3444ae586db1' } }
---

--- 2026-06-06T12:40:44.445Z debug
[InspectorProxyWorker] SEND TO RUNTIME {"method":"Runtime.getIsolateId","id":100000792}
---

--- 2026-06-06T12:40:54.449Z debug
[InspectorProxyWorker] SEND TO RUNTIME {"method":"Runtime.getIsolateId","id":100000793}
---

--- 2026-06-06T12:40:54.449Z debug
[InspectorProxyWorker] RUNTIME INCOMING MESSAGE { id: 100000793, result: { id: '1eee3444ae586db1' } }
---

--- 2026-06-06T12:41:04.452Z debug
[InspectorProxyWorker] SEND TO RUNTIME {"method":"Runtime.getIsolateId","id":100000794}
---

--- 2026-06-06T12:41:04.454Z debug
[InspectorProxyWorker] RUNTIME INCOMING MESSAGE { id: 100000794, result: { id: '1eee3444ae586db1' } }
---

--- 2026-06-06T12:41:14.460Z debug
[InspectorProxyWorker] SEND TO RUNTIME {"method":"Runtime.getIsolateId","id":100000795}
---

--- 2026-06-06T12:41:14.461Z debug
[InspectorProxyWorker] RUNTIME INCOMING MESSAGE { id: 100000795, result: { id: '1eee3444ae586db1' } }
---

--- 2026-06-06T12:41:24.463Z debug
[InspectorProxyWorker] RUNTIME INCOMING MESSAGE { id: 100000796, result: { id: '1eee3444ae586db1' } }
---

--- 2026-06-06T12:41:24.464Z debug
[InspectorProxyWorker] SEND TO RUNTIME {"method":"Runtime.getIsolateId","id":100000796}
---

--- 2026-06-06T12:41:34.468Z debug
[InspectorProxyWorker] SEND TO RUNTIME {"method":"Runtime.getIsolateId","id":100000797}
---

--- 2026-06-06T12:41:34.470Z debug
[InspectorProxyWorker] RUNTIME INCOMING MESSAGE { id: 100000797, result: { id: '1eee3444ae586db1' } }
---

--- 2026-06-06T12:41:44.478Z debug
[InspectorProxyWorker] SEND TO RUNTIME {"method":"Runtime.getIsolateId","id":100000798}
---

--- 2026-06-06T12:41:44.479Z debug
[InspectorProxyWorker] RUNTIME INCOMING MESSAGE { id: 100000798, result: { id: '1eee3444ae586db1' } }
---

--- 2026-06-06T12:41:54.487Z debug
[InspectorProxyWorker] RUNTIME INCOMING MESSAGE { id: 100000799, result: { id: '1eee3444ae586db1' } }
---

--- 2026-06-06T12:41:54.488Z debug
[InspectorProxyWorker] SEND TO RUNTIME {"method":"Runtime.getIsolateId","id":100000799}
---

--- 2026-06-06T12:42:04.497Z debug
[InspectorProxyWorker] SEND TO RUNTIME {"method":"Runtime.getIsolateId","id":100000800}
---

--- 2026-06-06T12:42:04.498Z debug
[InspectorProxyWorker] RUNTIME INCOMING MESSAGE { id: 100000800, result: { id: '1eee3444ae586db1' } }
---

--- 2026-06-06T12:42:14.503Z debug
[InspectorProxyWorker] SEND TO RUNTIME {"method":"Runtime.getIsolateId","id":100000801}
---

--- 2026-06-06T12:42:14.505Z debug
[InspectorProxyWorker] RUNTIME INCOMING MESSAGE { id: 100000801, result: { id: '1eee3444ae586db1' } }
---

--- 2026-06-06T12:42:24.514Z debug
[InspectorProxyWorker] RUNTIME INCOMING MESSAGE { id: 100000802, result: { id: '1eee3444ae586db1' } }
---

--- 2026-06-06T12:42:24.515Z debug
[InspectorProxyWorker] SEND TO RUNTIME {"method":"Runtime.getIsolateId","id":100000802}
---

--- 2026-06-06T12:42:34.515Z debug
[InspectorProxyWorker] RUNTIME INCOMING MESSAGE { id: 100000803, result: { id: '1eee3444ae586db1' } }
---

--- 2026-06-06T12:42:34.516Z debug
[InspectorProxyWorker] SEND TO RUNTIME {"method":"Runtime.getIsolateId","id":100000803}
---

--- 2026-06-06T12:42:44.535Z debug
[InspectorProxyWorker] RUNTIME INCOMING MESSAGE { id: 100000804, result: { id: '1eee3444ae586db1' } }
---

--- 2026-06-06T12:42:44.536Z debug
[InspectorProxyWorker] SEND TO RUNTIME {"method":"Runtime.getIsolateId","id":100000804}
---

--- 2026-06-06T12:42:54.538Z debug
[InspectorProxyWorker] SEND TO RUNTIME {"method":"Runtime.getIsolateId","id":100000805}
---

--- 2026-06-06T12:42:54.540Z debug
[InspectorProxyWorker] RUNTIME INCOMING MESSAGE { id: 100000805, result: { id: '1eee3444ae586db1' } }
---

--- 2026-06-06T12:43:04.548Z debug
[InspectorProxyWorker] SEND TO RUNTIME {"method":"Runtime.getIsolateId","id":100000806}
---

--- 2026-06-06T12:43:04.549Z debug
[InspectorProxyWorker] RUNTIME INCOMING MESSAGE { id: 100000806, result: { id: '1eee3444ae586db1' } }
---

--- 2026-06-06T12:43:14.551Z debug
[InspectorProxyWorker] SEND TO RUNTIME {"method":"Runtime.getIsolateId","id":100000807}
---

--- 2026-06-06T12:43:14.552Z debug
[InspectorProxyWorker] RUNTIME INCOMING MESSAGE { id: 100000807, result: { id: '1eee3444ae586db1' } }
---

--- 2026-06-06T12:43:24.549Z debug
[InspectorProxyWorker] SEND TO RUNTIME {"method":"Runtime.getIsolateId","id":100000808}
---

--- 2026-06-06T12:43:24.549Z debug
[InspectorProxyWorker] RUNTIME INCOMING MESSAGE { id: 100000808, result: { id: '1eee3444ae586db1' } }
---

--- 2026-06-06T12:43:34.553Z debug
[InspectorProxyWorker] RUNTIME INCOMING MESSAGE { id: 100000809, result: { id: '1eee3444ae586db1' } }
---

--- 2026-06-06T12:43:34.555Z debug
[InspectorProxyWorker] SEND TO RUNTIME {"method":"Runtime.getIsolateId","id":100000809}
---

--- 2026-06-06T12:43:44.568Z debug
[InspectorProxyWorker] SEND TO RUNTIME {"method":"Runtime.getIsolateId","id":100000810}
---

--- 2026-06-06T12:43:44.569Z debug
[InspectorProxyWorker] RUNTIME INCOMING MESSAGE { id: 100000810, result: { id: '1eee3444ae586db1' } }
---

--- 2026-06-06T12:43:54.567Z debug
[InspectorProxyWorker] RUNTIME INCOMING MESSAGE { id: 100000811, result: { id: '1eee3444ae586db1' } }
---

--- 2026-06-06T12:43:54.568Z debug
[InspectorProxyWorker] SEND TO RUNTIME {"method":"Runtime.getIsolateId","id":100000811}
---

--- 2026-06-06T12:44:04.571Z debug
[InspectorProxyWorker] SEND TO RUNTIME {"method":"Runtime.getIsolateId","id":100000812}
---

--- 2026-06-06T12:44:04.572Z debug
[InspectorProxyWorker] RUNTIME INCOMING MESSAGE { id: 100000812, result: { id: '1eee3444ae586db1' } }
---

--- 2026-06-06T12:44:14.585Z debug
[InspectorProxyWorker] RUNTIME INCOMING MESSAGE { id: 100000813, result: { id: '1eee3444ae586db1' } }
---

--- 2026-06-06T12:44:14.586Z debug
[InspectorProxyWorker] SEND TO RUNTIME {"method":"Runtime.getIsolateId","id":100000813}
---

--- 2026-06-06T12:44:24.589Z debug
[InspectorProxyWorker] RUNTIME INCOMING MESSAGE { id: 100000814, result: { id: '1eee3444ae586db1' } }
---

--- 2026-06-06T12:44:24.590Z debug
[InspectorProxyWorker] SEND TO RUNTIME {"method":"Runtime.getIsolateId","id":100000814}
---

--- 2026-06-06T12:44:34.600Z debug
[InspectorProxyWorker] RUNTIME INCOMING MESSAGE { id: 100000815, result: { id: '1eee3444ae586db1' } }
---

--- 2026-06-06T12:44:34.601Z debug
[InspectorProxyWorker] SEND TO RUNTIME {"method":"Runtime.getIsolateId","id":100000815}
---

--- 2026-06-06T12:44:44.599Z debug
[InspectorProxyWorker] SEND TO RUNTIME {"method":"Runtime.getIsolateId","id":100000816}
---

--- 2026-06-06T12:44:44.599Z debug
[InspectorProxyWorker] RUNTIME INCOMING MESSAGE { id: 100000816, result: { id: '1eee3444ae586db1' } }
---

--- 2026-06-06T12:44:54.600Z debug
[InspectorProxyWorker] RUNTIME INCOMING MESSAGE { id: 100000817, result: { id: '1eee3444ae586db1' } }
---

--- 2026-06-06T12:44:54.600Z debug
[InspectorProxyWorker] SEND TO RUNTIME {"method":"Runtime.getIsolateId","id":100000817}
---

--- 2026-06-06T12:45:04.603Z debug
[InspectorProxyWorker] SEND TO RUNTIME {"method":"Runtime.getIsolateId","id":100000818}
---

--- 2026-06-06T12:45:04.604Z debug
[InspectorProxyWorker] RUNTIME INCOMING MESSAGE { id: 100000818, result: { id: '1eee3444ae586db1' } }
---

--- 2026-06-06T12:45:14.615Z debug
[InspectorProxyWorker] SEND TO RUNTIME {"method":"Runtime.getIsolateId","id":100000819}
---

--- 2026-06-06T12:45:14.616Z debug
[InspectorProxyWorker] RUNTIME INCOMING MESSAGE { id: 100000819, result: { id: '1eee3444ae586db1' } }
---

--- 2026-06-06T12:45:24.617Z debug
[InspectorProxyWorker] SEND TO RUNTIME {"method":"Runtime.getIsolateId","id":100000820}
---

--- 2026-06-06T12:45:24.618Z debug
[InspectorProxyWorker] RUNTIME INCOMING MESSAGE { id: 100000820, result: { id: '1eee3444ae586db1' } }
---

--- 2026-06-06T12:45:34.617Z debug
[InspectorProxyWorker] SEND TO RUNTIME {"method":"Runtime.getIsolateId","id":100000821}
---

--- 2026-06-06T12:45:34.618Z debug
[InspectorProxyWorker] RUNTIME INCOMING MESSAGE { id: 100000821, result: { id: '1eee3444ae586db1' } }
---

--- 2026-06-06T12:45:44.634Z debug
[InspectorProxyWorker] SEND TO RUNTIME {"method":"Runtime.getIsolateId","id":100000822}
---

--- 2026-06-06T12:45:44.635Z debug
[InspectorProxyWorker] RUNTIME INCOMING MESSAGE { id: 100000822, result: { id: '1eee3444ae586db1' } }
---

--- 2026-06-06T12:45:54.649Z debug
[InspectorProxyWorker] SEND TO RUNTIME {"method":"Runtime.getIsolateId","id":100000823}
---

--- 2026-06-06T12:45:54.650Z debug
[InspectorProxyWorker] RUNTIME INCOMING MESSAGE { id: 100000823, result: { id: '1eee3444ae586db1' } }
---

--- 2026-06-06T12:46:04.649Z debug
[InspectorProxyWorker] SEND TO RUNTIME {"method":"Runtime.getIsolateId","id":100000824}
---

--- 2026-06-06T12:46:04.650Z debug
[InspectorProxyWorker] RUNTIME INCOMING MESSAGE { id: 100000824, result: { id: '1eee3444ae586db1' } }
---

--- 2026-06-06T12:46:14.650Z debug
[InspectorProxyWorker] RUNTIME INCOMING MESSAGE { id: 100000825, result: { id: '1eee3444ae586db1' } }
---

--- 2026-06-06T12:46:14.650Z debug
[InspectorProxyWorker] SEND TO RUNTIME {"method":"Runtime.getIsolateId","id":100000825}
---

--- 2026-06-06T12:46:24.665Z debug
[InspectorProxyWorker] SEND TO RUNTIME {"method":"Runtime.getIsolateId","id":100000826}
---

--- 2026-06-06T12:46:24.665Z debug
[InspectorProxyWorker] RUNTIME INCOMING MESSAGE { id: 100000826, result: { id: '1eee3444ae586db1' } }
---

--- 2026-06-06T12:46:34.666Z debug
[InspectorProxyWorker] SEND TO RUNTIME {"method":"Runtime.getIsolateId","id":100000827}
---

--- 2026-06-06T12:46:34.667Z debug
[InspectorProxyWorker] RUNTIME INCOMING MESSAGE { id: 100000827, result: { id: '1eee3444ae586db1' } }
---

--- 2026-06-06T12:46:44.668Z debug
[InspectorProxyWorker] RUNTIME INCOMING MESSAGE { id: 100000828, result: { id: '1eee3444ae586db1' } }
---

--- 2026-06-06T12:46:44.668Z debug
[InspectorProxyWorker] SEND TO RUNTIME {"method":"Runtime.getIsolateId","id":100000828}
---

--- 2026-06-06T12:46:54.683Z debug
[InspectorProxyWorker] RUNTIME INCOMING MESSAGE { id: 100000829, result: { id: '1eee3444ae586db1' } }
---

--- 2026-06-06T12:46:54.683Z debug
[InspectorProxyWorker] SEND TO RUNTIME {"method":"Runtime.getIsolateId","id":100000829}
---

--- 2026-06-06T12:47:04.684Z debug
[InspectorProxyWorker] SEND TO RUNTIME {"method":"Runtime.getIsolateId","id":100000830}
---

--- 2026-06-06T12:47:04.684Z debug
[InspectorProxyWorker] RUNTIME INCOMING MESSAGE { id: 100000830, result: { id: '1eee3444ae586db1' } }
---

--- 2026-06-06T12:47:14.691Z debug
[InspectorProxyWorker] RUNTIME INCOMING MESSAGE { id: 100000831, result: { id: '1eee3444ae586db1' } }
---

--- 2026-06-06T12:47:14.691Z debug
[InspectorProxyWorker] SEND TO RUNTIME {"method":"Runtime.getIsolateId","id":100000831}
---

--- 2026-06-06T12:47:24.699Z debug
[InspectorProxyWorker] SEND TO RUNTIME {"method":"Runtime.getIsolateId","id":100000832}
---

--- 2026-06-06T12:47:24.699Z debug
[InspectorProxyWorker] RUNTIME INCOMING MESSAGE { id: 100000832, result: { id: '1eee3444ae586db1' } }
---

--- 2026-06-06T12:47:34.701Z debug
[InspectorProxyWorker] SEND TO RUNTIME {"method":"Runtime.getIsolateId","id":100000833}
---

--- 2026-06-06T12:47:34.702Z debug
[InspectorProxyWorker] RUNTIME INCOMING MESSAGE { id: 100000833, result: { id: '1eee3444ae586db1' } }
---

--- 2026-06-06T12:47:44.715Z debug
[InspectorProxyWorker] RUNTIME INCOMING MESSAGE { id: 100000834, result: { id: '1eee3444ae586db1' } }
---

--- 2026-06-06T12:47:44.716Z debug
[InspectorProxyWorker] SEND TO RUNTIME {"method":"Runtime.getIsolateId","id":100000834}
---

--- 2026-06-06T12:47:54.724Z debug
[InspectorProxyWorker] RUNTIME INCOMING MESSAGE { id: 100000835, result: { id: '1eee3444ae586db1' } }
---

--- 2026-06-06T12:47:54.725Z debug
[InspectorProxyWorker] SEND TO RUNTIME {"method":"Runtime.getIsolateId","id":100000835}
---

--- 2026-06-06T12:48:04.724Z debug
[InspectorProxyWorker] SEND TO RUNTIME {"method":"Runtime.getIsolateId","id":100000836}
---

--- 2026-06-06T12:48:04.725Z debug
[InspectorProxyWorker] RUNTIME INCOMING MESSAGE { id: 100000836, result: { id: '1eee3444ae586db1' } }
---

--- 2026-06-06T12:48:14.724Z debug
[InspectorProxyWorker] SEND TO RUNTIME {"method":"Runtime.getIsolateId","id":100000837}
---

--- 2026-06-06T12:48:14.725Z debug
[InspectorProxyWorker] RUNTIME INCOMING MESSAGE { id: 100000837, result: { id: '1eee3444ae586db1' } }
---

--- 2026-06-06T12:48:24.739Z debug
[InspectorProxyWorker] SEND TO RUNTIME {"method":"Runtime.getIsolateId","id":100000838}
---

--- 2026-06-06T12:48:24.741Z debug
[InspectorProxyWorker] RUNTIME INCOMING MESSAGE { id: 100000838, result: { id: '1eee3444ae586db1' } }
---

--- 2026-06-06T12:48:34.752Z debug
[InspectorProxyWorker] RUNTIME INCOMING MESSAGE { id: 100000839, result: { id: '1eee3444ae586db1' } }
---

--- 2026-06-06T12:48:34.753Z debug
[InspectorProxyWorker] SEND TO RUNTIME {"method":"Runtime.getIsolateId","id":100000839}
---

--- 2026-06-06T12:48:44.757Z debug
[InspectorProxyWorker] RUNTIME INCOMING MESSAGE { id: 100000840, result: { id: '1eee3444ae586db1' } }
---

--- 2026-06-06T12:48:44.758Z debug
[InspectorProxyWorker] SEND TO RUNTIME {"method":"Runtime.getIsolateId","id":100000840}
---

--- 2026-06-06T12:48:54.757Z debug
[InspectorProxyWorker] SEND TO RUNTIME {"method":"Runtime.getIsolateId","id":100000841}
---

--- 2026-06-06T12:48:54.757Z debug
[InspectorProxyWorker] RUNTIME INCOMING MESSAGE { id: 100000841, result: { id: '1eee3444ae586db1' } }
---

--- 2026-06-06T12:49:04.769Z debug
[InspectorProxyWorker] SEND TO RUNTIME {"method":"Runtime.getIsolateId","id":100000842}
---

--- 2026-06-06T12:49:04.770Z debug
[InspectorProxyWorker] RUNTIME INCOMING MESSAGE { id: 100000842, result: { id: '1eee3444ae586db1' } }
---

--- 2026-06-06T12:49:14.785Z debug
[InspectorProxyWorker] RUNTIME INCOMING MESSAGE { id: 100000843, result: { id: '1eee3444ae586db1' } }
---

--- 2026-06-06T12:49:14.785Z debug
[InspectorProxyWorker] SEND TO RUNTIME {"method":"Runtime.getIsolateId","id":100000843}
---

--- 2026-06-06T12:49:24.785Z debug
[InspectorProxyWorker] SEND TO RUNTIME {"method":"Runtime.getIsolateId","id":100000844}
---

--- 2026-06-06T12:49:24.786Z debug
[InspectorProxyWorker] RUNTIME INCOMING MESSAGE { id: 100000844, result: { id: '1eee3444ae586db1' } }
---

--- 2026-06-06T12:49:34.786Z debug
[InspectorProxyWorker] RUNTIME INCOMING MESSAGE { id: 100000845, result: { id: '1eee3444ae586db1' } }
---

--- 2026-06-06T12:49:34.787Z debug
[InspectorProxyWorker] SEND TO RUNTIME {"method":"Runtime.getIsolateId","id":100000845}
---

--- 2026-06-06T12:49:44.793Z debug
[InspectorProxyWorker] SEND TO RUNTIME {"method":"Runtime.getIsolateId","id":100000846}
---

--- 2026-06-06T12:49:44.793Z debug
[InspectorProxyWorker] RUNTIME INCOMING MESSAGE { id: 100000846, result: { id: '1eee3444ae586db1' } }
---

--- 2026-06-06T12:49:54.805Z debug
[InspectorProxyWorker] SEND TO RUNTIME {"method":"Runtime.getIsolateId","id":100000847}
---

--- 2026-06-06T12:49:54.806Z debug
[InspectorProxyWorker] RUNTIME INCOMING MESSAGE { id: 100000847, result: { id: '1eee3444ae586db1' } }
---

--- 2026-06-06T12:50:04.803Z debug
[InspectorProxyWorker] RUNTIME INCOMING MESSAGE { id: 100000848, result: { id: '1eee3444ae586db1' } }
---

--- 2026-06-06T12:50:04.803Z debug
[InspectorProxyWorker] SEND TO RUNTIME {"method":"Runtime.getIsolateId","id":100000848}
---

--- 2026-06-06T12:50:14.804Z debug
[InspectorProxyWorker] SEND TO RUNTIME {"method":"Runtime.getIsolateId","id":100000849}
---

--- 2026-06-06T12:50:14.805Z debug
[InspectorProxyWorker] RUNTIME INCOMING MESSAGE { id: 100000849, result: { id: '1eee3444ae586db1' } }
---

--- 2026-06-06T12:50:24.819Z debug
[InspectorProxyWorker] RUNTIME INCOMING MESSAGE { id: 100000850, result: { id: '1eee3444ae586db1' } }
---

--- 2026-06-06T12:50:24.820Z debug
[InspectorProxyWorker] SEND TO RUNTIME {"method":"Runtime.getIsolateId","id":100000850}
---

--- 2026-06-06T12:50:34.824Z debug
[InspectorProxyWorker] RUNTIME INCOMING MESSAGE { id: 100000851, result: { id: '1eee3444ae586db1' } }
---

--- 2026-06-06T12:50:34.826Z debug
[InspectorProxyWorker] SEND TO RUNTIME {"method":"Runtime.getIsolateId","id":100000851}
---

--- 2026-06-06T12:50:44.828Z debug
[InspectorProxyWorker] RUNTIME INCOMING MESSAGE { id: 100000852, result: { id: '1eee3444ae586db1' } }
---

--- 2026-06-06T12:50:44.828Z debug
[InspectorProxyWorker] SEND TO RUNTIME {"method":"Runtime.getIsolateId","id":100000852}
---

--- 2026-06-06T12:50:54.839Z debug
[InspectorProxyWorker] SEND TO RUNTIME {"method":"Runtime.getIsolateId","id":100000853}
---

--- 2026-06-06T12:50:54.841Z debug
[InspectorProxyWorker] RUNTIME INCOMING MESSAGE { id: 100000853, result: { id: '1eee3444ae586db1' } }
---

--- 2026-06-06T12:51:04.839Z debug
[InspectorProxyWorker] RUNTIME INCOMING MESSAGE { id: 100000854, result: { id: '1eee3444ae586db1' } }
---

--- 2026-06-06T12:51:04.840Z debug
[InspectorProxyWorker] SEND TO RUNTIME {"method":"Runtime.getIsolateId","id":100000854}
---

--- 2026-06-06T12:51:14.843Z debug
[InspectorProxyWorker] RUNTIME INCOMING MESSAGE { id: 100000855, result: { id: '1eee3444ae586db1' } }
---

--- 2026-06-06T12:51:14.844Z debug
[InspectorProxyWorker] SEND TO RUNTIME {"method":"Runtime.getIsolateId","id":100000855}
---

--- 2026-06-06T12:51:24.855Z debug
[InspectorProxyWorker] RUNTIME INCOMING MESSAGE { id: 100000856, result: { id: '1eee3444ae586db1' } }
---

--- 2026-06-06T12:51:24.856Z debug
[InspectorProxyWorker] SEND TO RUNTIME {"method":"Runtime.getIsolateId","id":100000856}
---

--- 2026-06-06T12:51:34.854Z debug
[InspectorProxyWorker] RUNTIME INCOMING MESSAGE { id: 100000857, result: { id: '1eee3444ae586db1' } }
---

--- 2026-06-06T12:51:34.854Z debug
[InspectorProxyWorker] SEND TO RUNTIME {"method":"Runtime.getIsolateId","id":100000857}
---

--- 2026-06-06T12:51:44.865Z debug
[InspectorProxyWorker] RUNTIME INCOMING MESSAGE { id: 100000858, result: { id: '1eee3444ae586db1' } }
---

--- 2026-06-06T12:51:44.866Z debug
[InspectorProxyWorker] SEND TO RUNTIME {"method":"Runtime.getIsolateId","id":100000858}
---

--- 2026-06-06T12:51:54.868Z debug
[InspectorProxyWorker] SEND TO RUNTIME {"method":"Runtime.getIsolateId","id":100000859}
---

--- 2026-06-06T12:51:54.869Z debug
[InspectorProxyWorker] RUNTIME INCOMING MESSAGE { id: 100000859, result: { id: '1eee3444ae586db1' } }
---

--- 2026-06-06T12:52:04.869Z debug
[InspectorProxyWorker] SEND TO RUNTIME {"method":"Runtime.getIsolateId","id":100000860}
---

--- 2026-06-06T12:52:04.870Z debug
[InspectorProxyWorker] RUNTIME INCOMING MESSAGE { id: 100000860, result: { id: '1eee3444ae586db1' } }
---

--- 2026-06-06T12:52:14.870Z debug
[InspectorProxyWorker] SEND TO RUNTIME {"method":"Runtime.getIsolateId","id":100000861}
---

--- 2026-06-06T12:52:14.871Z debug
[InspectorProxyWorker] RUNTIME INCOMING MESSAGE { id: 100000861, result: { id: '1eee3444ae586db1' } }
---

--- 2026-06-06T12:52:24.871Z debug
[InspectorProxyWorker] SEND TO RUNTIME {"method":"Runtime.getIsolateId","id":100000862}
---

--- 2026-06-06T12:52:24.872Z debug
[InspectorProxyWorker] RUNTIME INCOMING MESSAGE { id: 100000862, result: { id: '1eee3444ae586db1' } }
---

--- 2026-06-06T12:52:34.886Z debug
[InspectorProxyWorker] SEND TO RUNTIME {"method":"Runtime.getIsolateId","id":100000863}
---

--- 2026-06-06T12:52:34.887Z debug
[InspectorProxyWorker] RUNTIME INCOMING MESSAGE { id: 100000863, result: { id: '1eee3444ae586db1' } }
---

--- 2026-06-06T12:52:44.886Z debug
[InspectorProxyWorker] SEND TO RUNTIME {"method":"Runtime.getIsolateId","id":100000864}
---

--- 2026-06-06T12:52:44.886Z debug
[InspectorProxyWorker] RUNTIME INCOMING MESSAGE { id: 100000864, result: { id: '1eee3444ae586db1' } }
---

--- 2026-06-06T12:52:54.888Z debug
[InspectorProxyWorker] RUNTIME INCOMING MESSAGE { id: 100000865, result: { id: '1eee3444ae586db1' } }
---

--- 2026-06-06T12:52:54.888Z debug
[InspectorProxyWorker] SEND TO RUNTIME {"method":"Runtime.getIsolateId","id":100000865}
---

--- 2026-06-06T12:53:04.903Z debug
[InspectorProxyWorker] SEND TO RUNTIME {"method":"Runtime.getIsolateId","id":100000866}
---

--- 2026-06-06T12:53:04.904Z debug
[InspectorProxyWorker] RUNTIME INCOMING MESSAGE { id: 100000866, result: { id: '1eee3444ae586db1' } }
---

--- 2026-06-06T12:53:14.909Z debug
[InspectorProxyWorker] RUNTIME INCOMING MESSAGE { id: 100000867, result: { id: '1eee3444ae586db1' } }
---

--- 2026-06-06T12:53:14.911Z debug
[InspectorProxyWorker] SEND TO RUNTIME {"method":"Runtime.getIsolateId","id":100000867}
---

--- 2026-06-06T12:53:24.920Z debug
[InspectorProxyWorker] RUNTIME INCOMING MESSAGE { id: 100000868, result: { id: '1eee3444ae586db1' } }
---

--- 2026-06-06T12:53:24.920Z debug
[InspectorProxyWorker] SEND TO RUNTIME {"method":"Runtime.getIsolateId","id":100000868}
---

--- 2026-06-06T12:53:34.926Z debug
[InspectorProxyWorker] SEND TO RUNTIME {"method":"Runtime.getIsolateId","id":100000869}
---

--- 2026-06-06T12:53:34.928Z debug
[InspectorProxyWorker] RUNTIME INCOMING MESSAGE { id: 100000869, result: { id: '1eee3444ae586db1' } }
---

--- 2026-06-06T12:53:44.935Z debug
[InspectorProxyWorker] RUNTIME INCOMING MESSAGE { id: 100000870, result: { id: '1eee3444ae586db1' } }
---

--- 2026-06-06T12:53:44.936Z debug
[InspectorProxyWorker] SEND TO RUNTIME {"method":"Runtime.getIsolateId","id":100000870}
---

--- 2026-06-06T12:53:54.937Z debug
[InspectorProxyWorker] RUNTIME INCOMING MESSAGE { id: 100000871, result: { id: '1eee3444ae586db1' } }
---

--- 2026-06-06T12:53:54.937Z debug
[InspectorProxyWorker] SEND TO RUNTIME {"method":"Runtime.getIsolateId","id":100000871}
---

--- 2026-06-06T12:54:04.942Z debug
[InspectorProxyWorker] SEND TO RUNTIME {"method":"Runtime.getIsolateId","id":100000872}
---

--- 2026-06-06T12:54:04.942Z debug
[InspectorProxyWorker] RUNTIME INCOMING MESSAGE { id: 100000872, result: { id: '1eee3444ae586db1' } }
---

--- 2026-06-06T12:54:14.945Z debug
[InspectorProxyWorker] RUNTIME INCOMING MESSAGE { id: 100000873, result: { id: '1eee3444ae586db1' } }
---

--- 2026-06-06T12:54:14.947Z debug
[InspectorProxyWorker] SEND TO RUNTIME {"method":"Runtime.getIsolateId","id":100000873}
---

--- 2026-06-06T12:54:24.957Z debug
[InspectorProxyWorker] RUNTIME INCOMING MESSAGE { id: 100000874, result: { id: '1eee3444ae586db1' } }
---

--- 2026-06-06T12:54:24.958Z debug
[InspectorProxyWorker] SEND TO RUNTIME {"method":"Runtime.getIsolateId","id":100000874}
---

--- 2026-06-06T12:54:34.955Z debug
[InspectorProxyWorker] SEND TO RUNTIME {"method":"Runtime.getIsolateId","id":100000875}
---

--- 2026-06-06T12:54:34.956Z debug
[InspectorProxyWorker] RUNTIME INCOMING MESSAGE { id: 100000875, result: { id: '1eee3444ae586db1' } }
---

--- 2026-06-06T12:54:44.955Z debug
[InspectorProxyWorker] RUNTIME INCOMING MESSAGE { id: 100000876, result: { id: '1eee3444ae586db1' } }
---

--- 2026-06-06T12:54:44.955Z debug
[InspectorProxyWorker] SEND TO RUNTIME {"method":"Runtime.getIsolateId","id":100000876}
---

--- 2026-06-06T12:54:54.970Z debug
[InspectorProxyWorker] SEND TO RUNTIME {"method":"Runtime.getIsolateId","id":100000877}
---

--- 2026-06-06T12:54:54.971Z debug
[InspectorProxyWorker] RUNTIME INCOMING MESSAGE { id: 100000877, result: { id: '1eee3444ae586db1' } }
---

--- 2026-06-06T12:55:04.972Z debug
[InspectorProxyWorker] SEND TO RUNTIME {"method":"Runtime.getIsolateId","id":100000878}
---

--- 2026-06-06T12:55:04.973Z debug
[InspectorProxyWorker] RUNTIME INCOMING MESSAGE { id: 100000878, result: { id: '1eee3444ae586db1' } }
---

--- 2026-06-06T12:55:14.974Z debug
[InspectorProxyWorker] RUNTIME INCOMING MESSAGE { id: 100000879, result: { id: '1eee3444ae586db1' } }
---

--- 2026-06-06T12:55:14.975Z debug
[InspectorProxyWorker] SEND TO RUNTIME {"method":"Runtime.getIsolateId","id":100000879}
---

--- 2026-06-06T12:55:24.988Z debug
[InspectorProxyWorker] SEND TO RUNTIME {"method":"Runtime.getIsolateId","id":100000880}
---

--- 2026-06-06T12:55:24.989Z debug
[InspectorProxyWorker] RUNTIME INCOMING MESSAGE { id: 100000880, result: { id: '1eee3444ae586db1' } }
---

--- 2026-06-06T12:55:34.990Z debug
[InspectorProxyWorker] RUNTIME INCOMING MESSAGE { id: 100000881, result: { id: '1eee3444ae586db1' } }
---

--- 2026-06-06T12:55:34.990Z debug
[InspectorProxyWorker] SEND TO RUNTIME {"method":"Runtime.getIsolateId","id":100000881}
---

--- 2026-06-06T12:55:45.007Z debug
[InspectorProxyWorker] SEND TO RUNTIME {"method":"Runtime.getIsolateId","id":100000882}
---

--- 2026-06-06T12:55:45.009Z debug
[InspectorProxyWorker] RUNTIME INCOMING MESSAGE { id: 100000882, result: { id: '1eee3444ae586db1' } }
---

--- 2026-06-06T12:55:55.005Z debug
[InspectorProxyWorker] SEND TO RUNTIME {"method":"Runtime.getIsolateId","id":100000883}
---

--- 2026-06-06T12:55:55.006Z debug
[InspectorProxyWorker] RUNTIME INCOMING MESSAGE { id: 100000883, result: { id: '1eee3444ae586db1' } }
---

--- 2026-06-06T12:56:05.012Z debug
[InspectorProxyWorker] SEND TO RUNTIME {"method":"Runtime.getIsolateId","id":100000884}
---

--- 2026-06-06T12:56:05.012Z debug
[InspectorProxyWorker] RUNTIME INCOMING MESSAGE { id: 100000884, result: { id: '1eee3444ae586db1' } }
---

--- 2026-06-06T12:56:15.023Z debug
[InspectorProxyWorker] RUNTIME INCOMING MESSAGE { id: 100000885, result: { id: '1eee3444ae586db1' } }
---

--- 2026-06-06T12:56:15.023Z debug
[InspectorProxyWorker] SEND TO RUNTIME {"method":"Runtime.getIsolateId","id":100000885}
---

--- 2026-06-06T12:56:25.037Z debug
[InspectorProxyWorker] RUNTIME INCOMING MESSAGE { id: 100000886, result: { id: '1eee3444ae586db1' } }
---

--- 2026-06-06T12:56:25.038Z debug
[InspectorProxyWorker] SEND TO RUNTIME {"method":"Runtime.getIsolateId","id":100000886}
---

--- 2026-06-06T12:56:35.045Z debug
[InspectorProxyWorker] RUNTIME INCOMING MESSAGE { id: 100000887, result: { id: '1eee3444ae586db1' } }
---

--- 2026-06-06T12:56:35.047Z debug
[InspectorProxyWorker] SEND TO RUNTIME {"method":"Runtime.getIsolateId","id":100000887}
---

--- 2026-06-06T12:56:45.043Z debug
[InspectorProxyWorker] RUNTIME INCOMING MESSAGE { id: 100000888, result: { id: '1eee3444ae586db1' } }
---

--- 2026-06-06T12:56:45.044Z debug
[InspectorProxyWorker] SEND TO RUNTIME {"method":"Runtime.getIsolateId","id":100000888}
---

--- 2026-06-06T12:56:55.056Z debug
[InspectorProxyWorker] SEND TO RUNTIME {"method":"Runtime.getIsolateId","id":100000889}
---

--- 2026-06-06T12:56:55.057Z debug
[InspectorProxyWorker] RUNTIME INCOMING MESSAGE { id: 100000889, result: { id: '1eee3444ae586db1' } }
---

--- 2026-06-06T12:57:05.057Z debug
[InspectorProxyWorker] RUNTIME INCOMING MESSAGE { id: 100000890, result: { id: '1eee3444ae586db1' } }
---

--- 2026-06-06T12:57:05.058Z debug
[InspectorProxyWorker] SEND TO RUNTIME {"method":"Runtime.getIsolateId","id":100000890}
---

--- 2026-06-06T12:57:15.073Z debug
[InspectorProxyWorker] SEND TO RUNTIME {"method":"Runtime.getIsolateId","id":100000891}
---

--- 2026-06-06T12:57:15.073Z debug
[InspectorProxyWorker] RUNTIME INCOMING MESSAGE { id: 100000891, result: { id: '1eee3444ae586db1' } }
---

--- 2026-06-06T12:57:25.073Z debug
[InspectorProxyWorker] RUNTIME INCOMING MESSAGE { id: 100000892, result: { id: '1eee3444ae586db1' } }
---

--- 2026-06-06T12:57:25.074Z debug
[InspectorProxyWorker] SEND TO RUNTIME {"method":"Runtime.getIsolateId","id":100000892}
---

--- 2026-06-06T12:57:35.075Z debug
[InspectorProxyWorker] SEND TO RUNTIME {"method":"Runtime.getIsolateId","id":100000893}
---

--- 2026-06-06T12:57:35.077Z debug
[InspectorProxyWorker] RUNTIME INCOMING MESSAGE { id: 100000893, result: { id: '1eee3444ae586db1' } }
---

--- 2026-06-06T12:57:45.088Z debug
[InspectorProxyWorker] SEND TO RUNTIME {"method":"Runtime.getIsolateId","id":100000894}
---

--- 2026-06-06T12:57:45.089Z debug
[InspectorProxyWorker] RUNTIME INCOMING MESSAGE { id: 100000894, result: { id: '1eee3444ae586db1' } }
---

--- 2026-06-06T12:57:55.089Z debug
[InspectorProxyWorker] SEND TO RUNTIME {"method":"Runtime.getIsolateId","id":100000895}
---

--- 2026-06-06T12:57:55.090Z debug
[InspectorProxyWorker] RUNTIME INCOMING MESSAGE { id: 100000895, result: { id: '1eee3444ae586db1' } }
---

--- 2026-06-06T12:58:05.090Z debug
[InspectorProxyWorker] SEND TO RUNTIME {"method":"Runtime.getIsolateId","id":100000896}
---

--- 2026-06-06T12:58:05.091Z debug
[InspectorProxyWorker] RUNTIME INCOMING MESSAGE { id: 100000896, result: { id: '1eee3444ae586db1' } }
---

--- 2026-06-06T12:58:15.091Z debug
[InspectorProxyWorker] SEND TO RUNTIME {"method":"Runtime.getIsolateId","id":100000897}
---

--- 2026-06-06T12:58:15.092Z debug
[InspectorProxyWorker] RUNTIME INCOMING MESSAGE { id: 100000897, result: { id: '1eee3444ae586db1' } }
---

--- 2026-06-06T12:58:25.102Z debug
[InspectorProxyWorker] SEND TO RUNTIME {"method":"Runtime.getIsolateId","id":100000898}
---

--- 2026-06-06T12:58:25.103Z debug
[InspectorProxyWorker] RUNTIME INCOMING MESSAGE { id: 100000898, result: { id: '1eee3444ae586db1' } }
---

--- 2026-06-06T12:58:35.106Z debug
[InspectorProxyWorker] SEND TO RUNTIME {"method":"Runtime.getIsolateId","id":100000899}
---

--- 2026-06-06T12:58:35.107Z debug
[InspectorProxyWorker] RUNTIME INCOMING MESSAGE { id: 100000899, result: { id: '1eee3444ae586db1' } }
---

--- 2026-06-06T12:58:45.109Z debug
[InspectorProxyWorker] SEND TO RUNTIME {"method":"Runtime.getIsolateId","id":100000900}
---

--- 2026-06-06T12:58:45.110Z debug
[InspectorProxyWorker] RUNTIME INCOMING MESSAGE { id: 100000900, result: { id: '1eee3444ae586db1' } }
---

--- 2026-06-06T12:58:55.123Z debug
[InspectorProxyWorker] SEND TO RUNTIME {"method":"Runtime.getIsolateId","id":100000901}
---

--- 2026-06-06T12:58:55.124Z debug
[InspectorProxyWorker] RUNTIME INCOMING MESSAGE { id: 100000901, result: { id: '1eee3444ae586db1' } }
---

--- 2026-06-06T12:59:05.125Z debug
[InspectorProxyWorker] SEND TO RUNTIME {"method":"Runtime.getIsolateId","id":100000902}
---

--- 2026-06-06T12:59:05.125Z debug
[InspectorProxyWorker] RUNTIME INCOMING MESSAGE { id: 100000902, result: { id: '1eee3444ae586db1' } }
---

--- 2026-06-06T12:59:15.125Z debug
[InspectorProxyWorker] SEND TO RUNTIME {"method":"Runtime.getIsolateId","id":100000903}
---

--- 2026-06-06T12:59:15.126Z debug
[InspectorProxyWorker] RUNTIME INCOMING MESSAGE { id: 100000903, result: { id: '1eee3444ae586db1' } }
---

--- 2026-06-06T12:59:25.139Z debug
[InspectorProxyWorker] RUNTIME INCOMING MESSAGE { id: 100000904, result: { id: '1eee3444ae586db1' } }
---

--- 2026-06-06T12:59:25.139Z debug
[InspectorProxyWorker] SEND TO RUNTIME {"method":"Runtime.getIsolateId","id":100000904}
---

--- 2026-06-06T12:59:35.142Z debug
[InspectorProxyWorker] SEND TO RUNTIME {"method":"Runtime.getIsolateId","id":100000905}
---

--- 2026-06-06T12:59:35.142Z debug
[InspectorProxyWorker] RUNTIME INCOMING MESSAGE { id: 100000905, result: { id: '1eee3444ae586db1' } }
---

--- 2026-06-06T12:59:45.146Z debug
[InspectorProxyWorker] SEND TO RUNTIME {"method":"Runtime.getIsolateId","id":100000906}
---

--- 2026-06-06T12:59:45.146Z debug
[InspectorProxyWorker] RUNTIME INCOMING MESSAGE { id: 100000906, result: { id: '1eee3444ae586db1' } }
---

--- 2026-06-06T12:59:55.158Z debug
[InspectorProxyWorker] SEND TO RUNTIME {"method":"Runtime.getIsolateId","id":100000907}
---

--- 2026-06-06T12:59:55.158Z debug
[InspectorProxyWorker] RUNTIME INCOMING MESSAGE { id: 100000907, result: { id: '1eee3444ae586db1' } }
---

--- 2026-06-06T13:00:05.158Z debug
[InspectorProxyWorker] RUNTIME INCOMING MESSAGE { id: 100000908, result: { id: '1eee3444ae586db1' } }
---

--- 2026-06-06T13:00:05.158Z debug
[InspectorProxyWorker] SEND TO RUNTIME {"method":"Runtime.getIsolateId","id":100000908}
---

--- 2026-06-06T13:00:15.173Z debug
[InspectorProxyWorker] SEND TO RUNTIME {"method":"Runtime.getIsolateId","id":100000909}
---

--- 2026-06-06T13:00:15.174Z debug
[InspectorProxyWorker] RUNTIME INCOMING MESSAGE { id: 100000909, result: { id: '1eee3444ae586db1' } }
---

--- 2026-06-06T13:00:25.180Z debug
[InspectorProxyWorker] SEND TO RUNTIME {"method":"Runtime.getIsolateId","id":100000910}
---

--- 2026-06-06T13:00:25.182Z debug
[InspectorProxyWorker] RUNTIME INCOMING MESSAGE { id: 100000910, result: { id: '1eee3444ae586db1' } }
---

--- 2026-06-06T13:00:35.190Z debug
[InspectorProxyWorker] RUNTIME INCOMING MESSAGE { id: 100000911, result: { id: '1eee3444ae586db1' } }
---

--- 2026-06-06T13:00:35.192Z debug
[InspectorProxyWorker] SEND TO RUNTIME {"method":"Runtime.getIsolateId","id":100000911}
---

--- 2026-06-06T13:00:45.190Z debug
[InspectorProxyWorker] SEND TO RUNTIME {"method":"Runtime.getIsolateId","id":100000912}
---

--- 2026-06-06T13:00:45.191Z debug
[InspectorProxyWorker] RUNTIME INCOMING MESSAGE { id: 100000912, result: { id: '1eee3444ae586db1' } }
---

--- 2026-06-06T13:00:55.194Z debug
[InspectorProxyWorker] RUNTIME INCOMING MESSAGE { id: 100000913, result: { id: '1eee3444ae586db1' } }
---

--- 2026-06-06T13:00:55.196Z debug
[InspectorProxyWorker] SEND TO RUNTIME {"method":"Runtime.getIsolateId","id":100000913}
---

--- 2026-06-06T13:01:05.192Z debug
[InspectorProxyWorker] SEND TO RUNTIME {"method":"Runtime.getIsolateId","id":100000914}
---

--- 2026-06-06T13:01:05.193Z debug
[InspectorProxyWorker] RUNTIME INCOMING MESSAGE { id: 100000914, result: { id: '1eee3444ae586db1' } }
---

--- 2026-06-06T13:01:15.192Z debug
[InspectorProxyWorker] SEND TO RUNTIME {"method":"Runtime.getIsolateId","id":100000915}
---

--- 2026-06-06T13:01:15.193Z debug
[InspectorProxyWorker] RUNTIME INCOMING MESSAGE { id: 100000915, result: { id: '1eee3444ae586db1' } }
---

--- 2026-06-06T13:01:25.196Z debug
[InspectorProxyWorker] RUNTIME INCOMING MESSAGE { id: 100000916, result: { id: '1eee3444ae586db1' } }
---

--- 2026-06-06T13:01:25.197Z debug
[InspectorProxyWorker] SEND TO RUNTIME {"method":"Runtime.getIsolateId","id":100000916}
---

--- 2026-06-06T13:01:35.204Z debug
[InspectorProxyWorker] SEND TO RUNTIME {"method":"Runtime.getIsolateId","id":100000917}
---

--- 2026-06-06T13:01:35.204Z debug
[InspectorProxyWorker] RUNTIME INCOMING MESSAGE { id: 100000917, result: { id: '1eee3444ae586db1' } }
---

--- 2026-06-06T13:01:45.211Z debug
[InspectorProxyWorker] RUNTIME INCOMING MESSAGE { id: 100000918, result: { id: '1eee3444ae586db1' } }
---

--- 2026-06-06T13:01:45.213Z debug
[InspectorProxyWorker] SEND TO RUNTIME {"method":"Runtime.getIsolateId","id":100000918}
---

--- 2026-06-06T13:01:55.212Z debug
[InspectorProxyWorker] SEND TO RUNTIME {"method":"Runtime.getIsolateId","id":100000919}
---

--- 2026-06-06T13:01:55.214Z debug
[InspectorProxyWorker] RUNTIME INCOMING MESSAGE { id: 100000919, result: { id: '1eee3444ae586db1' } }
---

--- 2026-06-06T13:02:05.209Z debug
[InspectorProxyWorker] SEND TO RUNTIME {"method":"Runtime.getIsolateId","id":100000920}
---

--- 2026-06-06T13:02:05.211Z debug
[InspectorProxyWorker] RUNTIME INCOMING MESSAGE { id: 100000920, result: { id: '1eee3444ae586db1' } }
---

--- 2026-06-06T13:02:15.224Z debug
[InspectorProxyWorker] RUNTIME INCOMING MESSAGE { id: 100000921, result: { id: '1eee3444ae586db1' } }
---

--- 2026-06-06T13:02:15.225Z debug
[InspectorProxyWorker] SEND TO RUNTIME {"method":"Runtime.getIsolateId","id":100000921}
---

--- 2026-06-06T13:02:25.226Z debug
[InspectorProxyWorker] RUNTIME INCOMING MESSAGE { id: 100000922, result: { id: '1eee3444ae586db1' } }
---

--- 2026-06-06T13:02:25.228Z debug
[InspectorProxyWorker] SEND TO RUNTIME {"method":"Runtime.getIsolateId","id":100000922}
---

--- 2026-06-06T13:02:35.228Z debug
[InspectorProxyWorker] RUNTIME INCOMING MESSAGE { id: 100000923, result: { id: '1eee3444ae586db1' } }
---

--- 2026-06-06T13:02:35.228Z debug
[InspectorProxyWorker] SEND TO RUNTIME {"method":"Runtime.getIsolateId","id":100000923}
---

--- 2026-06-06T13:02:45.237Z debug
[InspectorProxyWorker] RUNTIME INCOMING MESSAGE { id: 100000924, result: { id: '1eee3444ae586db1' } }
---

--- 2026-06-06T13:02:45.237Z debug
[InspectorProxyWorker] SEND TO RUNTIME {"method":"Runtime.getIsolateId","id":100000924}
---

--- 2026-06-06T13:02:55.242Z debug
[InspectorProxyWorker] RUNTIME INCOMING MESSAGE { id: 100000925, result: { id: '1eee3444ae586db1' } }
---

--- 2026-06-06T13:02:55.244Z debug
[InspectorProxyWorker] SEND TO RUNTIME {"method":"Runtime.getIsolateId","id":100000925}
---

--- 2026-06-06T13:03:05.254Z debug
[InspectorProxyWorker] RUNTIME INCOMING MESSAGE { id: 100000926, result: { id: '1eee3444ae586db1' } }
---

--- 2026-06-06T13:03:05.255Z debug
[InspectorProxyWorker] SEND TO RUNTIME {"method":"Runtime.getIsolateId","id":100000926}
---

--- 2026-06-06T13:03:15.260Z debug
[InspectorProxyWorker] RUNTIME INCOMING MESSAGE { id: 100000927, result: { id: '1eee3444ae586db1' } }
---

--- 2026-06-06T13:03:15.260Z debug
[InspectorProxyWorker] SEND TO RUNTIME {"method":"Runtime.getIsolateId","id":100000927}
---

--- 2026-06-06T13:03:25.267Z debug
[InspectorProxyWorker] RUNTIME INCOMING MESSAGE { id: 100000928, result: { id: '1eee3444ae586db1' } }
---

--- 2026-06-06T13:03:25.269Z debug
[InspectorProxyWorker] SEND TO RUNTIME {"method":"Runtime.getIsolateId","id":100000928}
---

--- 2026-06-06T13:03:35.276Z debug
[InspectorProxyWorker] SEND TO RUNTIME {"method":"Runtime.getIsolateId","id":100000929}
---

--- 2026-06-06T13:03:35.277Z debug
[InspectorProxyWorker] RUNTIME INCOMING MESSAGE { id: 100000929, result: { id: '1eee3444ae586db1' } }
---

--- 2026-06-06T13:03:45.278Z debug
[InspectorProxyWorker] RUNTIME INCOMING MESSAGE { id: 100000930, result: { id: '1eee3444ae586db1' } }
---

--- 2026-06-06T13:03:45.278Z debug
[InspectorProxyWorker] SEND TO RUNTIME {"method":"Runtime.getIsolateId","id":100000930}
---

--- 2026-06-06T13:03:55.280Z debug
[InspectorProxyWorker] RUNTIME INCOMING MESSAGE { id: 100000931, result: { id: '1eee3444ae586db1' } }
---

--- 2026-06-06T13:03:55.281Z debug
[InspectorProxyWorker] SEND TO RUNTIME {"method":"Runtime.getIsolateId","id":100000931}
---

--- 2026-06-06T13:04:05.282Z debug
[InspectorProxyWorker] SEND TO RUNTIME {"method":"Runtime.getIsolateId","id":100000932}
---

--- 2026-06-06T13:04:05.284Z debug
[InspectorProxyWorker] RUNTIME INCOMING MESSAGE { id: 100000932, result: { id: '1eee3444ae586db1' } }
---

--- 2026-06-06T13:04:15.291Z debug
[InspectorProxyWorker] SEND TO RUNTIME {"method":"Runtime.getIsolateId","id":100000933}
---

--- 2026-06-06T13:04:15.292Z debug
[InspectorProxyWorker] RUNTIME INCOMING MESSAGE { id: 100000933, result: { id: '1eee3444ae586db1' } }
---

--- 2026-06-06T13:04:25.294Z debug
[InspectorProxyWorker] SEND TO RUNTIME {"method":"Runtime.getIsolateId","id":100000934}
---

--- 2026-06-06T13:04:25.296Z debug
[InspectorProxyWorker] RUNTIME INCOMING MESSAGE { id: 100000934, result: { id: '1eee3444ae586db1' } }
---

--- 2026-06-06T13:04:35.292Z debug
[InspectorProxyWorker] RUNTIME INCOMING MESSAGE { id: 100000935, result: { id: '1eee3444ae586db1' } }
---

--- 2026-06-06T13:04:35.292Z debug
[InspectorProxyWorker] SEND TO RUNTIME {"method":"Runtime.getIsolateId","id":100000935}
---

--- 2026-06-06T13:04:45.300Z debug
[InspectorProxyWorker] RUNTIME INCOMING MESSAGE { id: 100000936, result: { id: '1eee3444ae586db1' } }
---

--- 2026-06-06T13:04:45.301Z debug
[InspectorProxyWorker] SEND TO RUNTIME {"method":"Runtime.getIsolateId","id":100000936}
---

--- 2026-06-06T13:04:55.309Z debug
[InspectorProxyWorker] RUNTIME INCOMING MESSAGE { id: 100000937, result: { id: '1eee3444ae586db1' } }
---

--- 2026-06-06T13:04:55.309Z debug
[InspectorProxyWorker] SEND TO RUNTIME {"method":"Runtime.getIsolateId","id":100000937}
---

--- 2026-06-06T13:05:05.315Z debug
[InspectorProxyWorker] SEND TO RUNTIME {"method":"Runtime.getIsolateId","id":100000938}
---

--- 2026-06-06T13:05:05.317Z debug
[InspectorProxyWorker] RUNTIME INCOMING MESSAGE { id: 100000938, result: { id: '1eee3444ae586db1' } }
---

--- 2026-06-06T13:05:15.317Z debug
[InspectorProxyWorker] RUNTIME INCOMING MESSAGE { id: 100000939, result: { id: '1eee3444ae586db1' } }
---

--- 2026-06-06T13:05:15.319Z debug
[InspectorProxyWorker] SEND TO RUNTIME {"method":"Runtime.getIsolateId","id":100000939}
---

--- 2026-06-06T13:05:25.332Z debug
[InspectorProxyWorker] SEND TO RUNTIME {"method":"Runtime.getIsolateId","id":100000940}
---

--- 2026-06-06T13:05:25.334Z debug
[InspectorProxyWorker] RUNTIME INCOMING MESSAGE { id: 100000940, result: { id: '1eee3444ae586db1' } }
---

--- 2026-06-06T13:05:35.336Z debug
[InspectorProxyWorker] SEND TO RUNTIME {"method":"Runtime.getIsolateId","id":100000941}
---

--- 2026-06-06T13:05:35.338Z debug
[InspectorProxyWorker] RUNTIME INCOMING MESSAGE { id: 100000941, result: { id: '1eee3444ae586db1' } }
---

--- 2026-06-06T13:05:45.339Z debug
[InspectorProxyWorker] SEND TO RUNTIME {"method":"Runtime.getIsolateId","id":100000942}
---

--- 2026-06-06T13:05:45.341Z debug
[InspectorProxyWorker] RUNTIME INCOMING MESSAGE { id: 100000942, result: { id: '1eee3444ae586db1' } }
---

--- 2026-06-06T13:05:55.344Z debug
[InspectorProxyWorker] SEND TO RUNTIME {"method":"Runtime.getIsolateId","id":100000943}
---

--- 2026-06-06T13:05:55.345Z debug
[InspectorProxyWorker] RUNTIME INCOMING MESSAGE { id: 100000943, result: { id: '1eee3444ae586db1' } }
---

--- 2026-06-06T13:06:05.345Z debug
[InspectorProxyWorker] SEND TO RUNTIME {"method":"Runtime.getIsolateId","id":100000944}
---

--- 2026-06-06T13:06:05.345Z debug
[InspectorProxyWorker] RUNTIME INCOMING MESSAGE { id: 100000944, result: { id: '1eee3444ae586db1' } }
---

--- 2026-06-06T13:06:15.348Z debug
[InspectorProxyWorker] RUNTIME INCOMING MESSAGE { id: 100000945, result: { id: '1eee3444ae586db1' } }
---

--- 2026-06-06T13:06:15.349Z debug
[InspectorProxyWorker] SEND TO RUNTIME {"method":"Runtime.getIsolateId","id":100000945}
---

--- 2026-06-06T13:06:25.366Z debug
[InspectorProxyWorker] RUNTIME INCOMING MESSAGE { id: 100000946, result: { id: '1eee3444ae586db1' } }
---

--- 2026-06-06T13:06:25.367Z debug
[InspectorProxyWorker] SEND TO RUNTIME {"method":"Runtime.getIsolateId","id":100000946}
---

--- 2026-06-06T13:06:35.362Z debug
[InspectorProxyWorker] SEND TO RUNTIME {"method":"Runtime.getIsolateId","id":100000947}
---

--- 2026-06-06T13:06:35.363Z debug
[InspectorProxyWorker] RUNTIME INCOMING MESSAGE { id: 100000947, result: { id: '1eee3444ae586db1' } }
---

--- 2026-06-06T13:06:45.367Z debug
[InspectorProxyWorker] RUNTIME INCOMING MESSAGE { id: 100000948, result: { id: '1eee3444ae586db1' } }
---

--- 2026-06-06T13:06:45.367Z debug
[InspectorProxyWorker] SEND TO RUNTIME {"method":"Runtime.getIsolateId","id":100000948}
---

--- 2026-06-06T13:06:55.367Z debug
[InspectorProxyWorker] SEND TO RUNTIME {"method":"Runtime.getIsolateId","id":100000949}
---

--- 2026-06-06T13:06:55.368Z debug
[InspectorProxyWorker] RUNTIME INCOMING MESSAGE { id: 100000949, result: { id: '1eee3444ae586db1' } }
---

--- 2026-06-06T13:07:05.380Z debug
[InspectorProxyWorker] SEND TO RUNTIME {"method":"Runtime.getIsolateId","id":100000950}
---

--- 2026-06-06T13:07:05.382Z debug
[InspectorProxyWorker] RUNTIME INCOMING MESSAGE { id: 100000950, result: { id: '1eee3444ae586db1' } }
---

--- 2026-06-06T13:07:15.379Z debug
[InspectorProxyWorker] SEND TO RUNTIME {"method":"Runtime.getIsolateId","id":100000951}
---

--- 2026-06-06T13:07:15.380Z debug
[InspectorProxyWorker] RUNTIME INCOMING MESSAGE { id: 100000951, result: { id: '1eee3444ae586db1' } }
---

--- 2026-06-06T13:07:25.399Z debug
[InspectorProxyWorker] SEND TO RUNTIME {"method":"Runtime.getIsolateId","id":100000952}
---

--- 2026-06-06T13:07:25.401Z debug
[InspectorProxyWorker] RUNTIME INCOMING MESSAGE { id: 100000952, result: { id: '1eee3444ae586db1' } }
---

--- 2026-06-06T13:07:35.409Z debug
[InspectorProxyWorker] RUNTIME INCOMING MESSAGE { id: 100000953, result: { id: '1eee3444ae586db1' } }
---

--- 2026-06-06T13:07:35.409Z debug
[InspectorProxyWorker] SEND TO RUNTIME {"method":"Runtime.getIsolateId","id":100000953}
---

--- 2026-06-06T13:07:45.412Z debug
[InspectorProxyWorker] SEND TO RUNTIME {"method":"Runtime.getIsolateId","id":100000954}
---

--- 2026-06-06T13:07:45.412Z debug
[InspectorProxyWorker] RUNTIME INCOMING MESSAGE { id: 100000954, result: { id: '1eee3444ae586db1' } }
---

--- 2026-06-06T13:07:55.413Z debug
[InspectorProxyWorker] SEND TO RUNTIME {"method":"Runtime.getIsolateId","id":100000955}
---

--- 2026-06-06T13:07:55.414Z debug
[InspectorProxyWorker] RUNTIME INCOMING MESSAGE { id: 100000955, result: { id: '1eee3444ae586db1' } }
---

--- 2026-06-06T13:08:05.423Z debug
[InspectorProxyWorker] RUNTIME INCOMING MESSAGE { id: 100000956, result: { id: '1eee3444ae586db1' } }
---

--- 2026-06-06T13:08:05.423Z debug
[InspectorProxyWorker] SEND TO RUNTIME {"method":"Runtime.getIsolateId","id":100000956}
---

--- 2026-06-06T13:08:15.434Z debug
[InspectorProxyWorker] RUNTIME INCOMING MESSAGE { id: 100000957, result: { id: '1eee3444ae586db1' } }
---

--- 2026-06-06T13:08:15.435Z debug
[InspectorProxyWorker] SEND TO RUNTIME {"method":"Runtime.getIsolateId","id":100000957}
---

--- 2026-06-06T13:08:25.429Z debug
[InspectorProxyWorker] SEND TO RUNTIME {"method":"Runtime.getIsolateId","id":100000958}
---

--- 2026-06-06T13:08:25.430Z debug
[InspectorProxyWorker] RUNTIME INCOMING MESSAGE { id: 100000958, result: { id: '1eee3444ae586db1' } }
---

--- 2026-06-06T13:08:35.443Z debug
[InspectorProxyWorker] RUNTIME INCOMING MESSAGE { id: 100000959, result: { id: '1eee3444ae586db1' } }
---

--- 2026-06-06T13:08:35.443Z debug
[InspectorProxyWorker] SEND TO RUNTIME {"method":"Runtime.getIsolateId","id":100000959}
---

--- 2026-06-06T13:08:45.444Z debug
[InspectorProxyWorker] SEND TO RUNTIME {"method":"Runtime.getIsolateId","id":100000960}
---

--- 2026-06-06T13:08:45.445Z debug
[InspectorProxyWorker] RUNTIME INCOMING MESSAGE { id: 100000960, result: { id: '1eee3444ae586db1' } }
---

--- 2026-06-06T13:08:55.446Z debug
[InspectorProxyWorker] RUNTIME INCOMING MESSAGE { id: 100000961, result: { id: '1eee3444ae586db1' } }
---

--- 2026-06-06T13:08:55.446Z debug
[InspectorProxyWorker] SEND TO RUNTIME {"method":"Runtime.getIsolateId","id":100000961}
---

--- 2026-06-06T13:09:05.460Z debug
[InspectorProxyWorker] SEND TO RUNTIME {"method":"Runtime.getIsolateId","id":100000962}
---

--- 2026-06-06T13:09:05.461Z debug
[InspectorProxyWorker] RUNTIME INCOMING MESSAGE { id: 100000962, result: { id: '1eee3444ae586db1' } }
---

--- 2026-06-06T13:09:15.462Z debug
[InspectorProxyWorker] SEND TO RUNTIME {"method":"Runtime.getIsolateId","id":100000963}
---

--- 2026-06-06T13:09:15.463Z debug
[InspectorProxyWorker] RUNTIME INCOMING MESSAGE { id: 100000963, result: { id: '1eee3444ae586db1' } }
---

--- 2026-06-06T13:09:25.465Z debug
[InspectorProxyWorker] RUNTIME INCOMING MESSAGE { id: 100000964, result: { id: '1eee3444ae586db1' } }
---

--- 2026-06-06T13:09:25.465Z debug
[InspectorProxyWorker] SEND TO RUNTIME {"method":"Runtime.getIsolateId","id":100000964}
---

--- 2026-06-06T13:09:35.479Z debug
[InspectorProxyWorker] RUNTIME INCOMING MESSAGE { id: 100000965, result: { id: '1eee3444ae586db1' } }
---

--- 2026-06-06T13:09:35.480Z debug
[InspectorProxyWorker] SEND TO RUNTIME {"method":"Runtime.getIsolateId","id":100000965}
---

--- 2026-06-06T13:09:45.481Z debug
[InspectorProxyWorker] RUNTIME INCOMING MESSAGE { id: 100000966, result: { id: '1eee3444ae586db1' } }
---

--- 2026-06-06T13:09:45.482Z debug
[InspectorProxyWorker] SEND TO RUNTIME {"method":"Runtime.getIsolateId","id":100000966}
---

--- 2026-06-06T13:09:55.481Z debug
[InspectorProxyWorker] SEND TO RUNTIME {"method":"Runtime.getIsolateId","id":100000967}
---

--- 2026-06-06T13:09:55.481Z debug
[InspectorProxyWorker] RUNTIME INCOMING MESSAGE { id: 100000967, result: { id: '1eee3444ae586db1' } }
---

--- 2026-06-06T13:10:05.496Z debug
[InspectorProxyWorker] RUNTIME INCOMING MESSAGE { id: 100000968, result: { id: '1eee3444ae586db1' } }
---

--- 2026-06-06T13:10:05.496Z debug
[InspectorProxyWorker] SEND TO RUNTIME {"method":"Runtime.getIsolateId","id":100000968}
---

--- 2026-06-06T13:10:15.500Z debug
[InspectorProxyWorker] SEND TO RUNTIME {"method":"Runtime.getIsolateId","id":100000969}
---

--- 2026-06-06T13:10:15.501Z debug
[InspectorProxyWorker] RUNTIME INCOMING MESSAGE { id: 100000969, result: { id: '1eee3444ae586db1' } }
---

--- 2026-06-06T13:10:25.514Z debug
[InspectorProxyWorker] RUNTIME INCOMING MESSAGE { id: 100000970, result: { id: '1eee3444ae586db1' } }
---

--- 2026-06-06T13:10:25.515Z debug
[InspectorProxyWorker] SEND TO RUNTIME {"method":"Runtime.getIsolateId","id":100000970}
---

--- 2026-06-06T13:10:35.514Z debug
[InspectorProxyWorker] RUNTIME INCOMING MESSAGE { id: 100000971, result: { id: '1eee3444ae586db1' } }
---

--- 2026-06-06T13:10:35.514Z debug
[InspectorProxyWorker] SEND TO RUNTIME {"method":"Runtime.getIsolateId","id":100000971}
---

--- 2026-06-06T13:10:45.523Z debug
[InspectorProxyWorker] RUNTIME INCOMING MESSAGE { id: 100000972, result: { id: '1eee3444ae586db1' } }
---

--- 2026-06-06T13:10:45.523Z debug
[InspectorProxyWorker] SEND TO RUNTIME {"method":"Runtime.getIsolateId","id":100000972}
---

--- 2026-06-06T13:10:55.529Z debug
[InspectorProxyWorker] SEND TO RUNTIME {"method":"Runtime.getIsolateId","id":100000973}
---

--- 2026-06-06T13:10:55.530Z debug
[InspectorProxyWorker] RUNTIME INCOMING MESSAGE { id: 100000973, result: { id: '1eee3444ae586db1' } }
---

--- 2026-06-06T13:11:05.545Z debug
[InspectorProxyWorker] RUNTIME INCOMING MESSAGE { id: 100000974, result: { id: '1eee3444ae586db1' } }
---

--- 2026-06-06T13:11:05.545Z debug
[InspectorProxyWorker] SEND TO RUNTIME {"method":"Runtime.getIsolateId","id":100000974}
---

--- 2026-06-06T13:11:15.547Z debug
[InspectorProxyWorker] SEND TO RUNTIME {"method":"Runtime.getIsolateId","id":100000975}
---

--- 2026-06-06T13:11:15.548Z debug
[InspectorProxyWorker] RUNTIME INCOMING MESSAGE { id: 100000975, result: { id: '1eee3444ae586db1' } }
---

--- 2026-06-06T13:11:25.550Z debug
[InspectorProxyWorker] SEND TO RUNTIME {"method":"Runtime.getIsolateId","id":100000976}
---

--- 2026-06-06T13:11:25.551Z debug
[InspectorProxyWorker] RUNTIME INCOMING MESSAGE { id: 100000976, result: { id: '1eee3444ae586db1' } }
---

--- 2026-06-06T13:11:35.550Z debug
[InspectorProxyWorker] SEND TO RUNTIME {"method":"Runtime.getIsolateId","id":100000977}
---

--- 2026-06-06T13:11:35.551Z debug
[InspectorProxyWorker] RUNTIME INCOMING MESSAGE { id: 100000977, result: { id: '1eee3444ae586db1' } }
---

--- 2026-06-06T13:11:45.562Z debug
[InspectorProxyWorker] RUNTIME INCOMING MESSAGE { id: 100000978, result: { id: '1eee3444ae586db1' } }
---

--- 2026-06-06T13:11:45.563Z debug
[InspectorProxyWorker] SEND TO RUNTIME {"method":"Runtime.getIsolateId","id":100000978}
---

--- 2026-06-06T13:11:55.565Z debug
[InspectorProxyWorker] SEND TO RUNTIME {"method":"Runtime.getIsolateId","id":100000979}
---

--- 2026-06-06T13:11:55.566Z debug
[InspectorProxyWorker] RUNTIME INCOMING MESSAGE { id: 100000979, result: { id: '1eee3444ae586db1' } }
---

--- 2026-06-06T13:12:05.565Z debug
[InspectorProxyWorker] RUNTIME INCOMING MESSAGE { id: 100000980, result: { id: '1eee3444ae586db1' } }
---

--- 2026-06-06T13:12:05.565Z debug
[InspectorProxyWorker] SEND TO RUNTIME {"method":"Runtime.getIsolateId","id":100000980}
---

--- 2026-06-06T13:12:15.570Z debug
[InspectorProxyWorker] RUNTIME INCOMING MESSAGE { id: 100000981, result: { id: '1eee3444ae586db1' } }
---

--- 2026-06-06T13:12:15.572Z debug
[InspectorProxyWorker] SEND TO RUNTIME {"method":"Runtime.getIsolateId","id":100000981}
---

--- 2026-06-06T13:12:25.586Z debug
[InspectorProxyWorker] RUNTIME INCOMING MESSAGE { id: 100000982, result: { id: '1eee3444ae586db1' } }
---

--- 2026-06-06T13:12:25.587Z debug
[InspectorProxyWorker] SEND TO RUNTIME {"method":"Runtime.getIsolateId","id":100000982}
---

--- 2026-06-06T13:12:35.596Z debug
[InspectorProxyWorker] SEND TO RUNTIME {"method":"Runtime.getIsolateId","id":100000983}
---

--- 2026-06-06T13:12:35.597Z debug
[InspectorProxyWorker] RUNTIME INCOMING MESSAGE { id: 100000983, result: { id: '1eee3444ae586db1' } }
---

--- 2026-06-06T13:12:45.602Z debug
[InspectorProxyWorker] RUNTIME INCOMING MESSAGE { id: 100000984, result: { id: '1eee3444ae586db1' } }
---

--- 2026-06-06T13:12:45.602Z debug
[InspectorProxyWorker] SEND TO RUNTIME {"method":"Runtime.getIsolateId","id":100000984}
---

--- 2026-06-06T13:12:55.613Z debug
[InspectorProxyWorker] SEND TO RUNTIME {"method":"Runtime.getIsolateId","id":100000985}
---

--- 2026-06-06T13:12:55.613Z debug
[InspectorProxyWorker] RUNTIME INCOMING MESSAGE { id: 100000985, result: { id: '1eee3444ae586db1' } }
---

--- 2026-06-06T13:13:05.615Z debug
[InspectorProxyWorker] RUNTIME INCOMING MESSAGE { id: 100000986, result: { id: '1eee3444ae586db1' } }
---

--- 2026-06-06T13:13:05.615Z debug
[InspectorProxyWorker] SEND TO RUNTIME {"method":"Runtime.getIsolateId","id":100000986}
---

--- 2026-06-06T13:13:15.630Z debug
[InspectorProxyWorker] RUNTIME INCOMING MESSAGE { id: 100000987, result: { id: '1eee3444ae586db1' } }
---

--- 2026-06-06T13:13:15.631Z debug
[InspectorProxyWorker] SEND TO RUNTIME {"method":"Runtime.getIsolateId","id":100000987}
---

--- 2026-06-06T13:13:25.631Z debug
[InspectorProxyWorker] RUNTIME INCOMING MESSAGE { id: 100000988, result: { id: '1eee3444ae586db1' } }
---

--- 2026-06-06T13:13:25.632Z debug
[InspectorProxyWorker] SEND TO RUNTIME {"method":"Runtime.getIsolateId","id":100000988}
---

--- 2026-06-06T13:13:35.635Z debug
[InspectorProxyWorker] RUNTIME INCOMING MESSAGE { id: 100000989, result: { id: '1eee3444ae586db1' } }
---

--- 2026-06-06T13:13:35.636Z debug
[InspectorProxyWorker] SEND TO RUNTIME {"method":"Runtime.getIsolateId","id":100000989}
---

--- 2026-06-06T13:13:45.648Z debug
[InspectorProxyWorker] RUNTIME INCOMING MESSAGE { id: 100000990, result: { id: '1eee3444ae586db1' } }
---

--- 2026-06-06T13:13:45.648Z debug
[InspectorProxyWorker] SEND TO RUNTIME {"method":"Runtime.getIsolateId","id":100000990}
---

--- 2026-06-06T13:13:55.649Z debug
[InspectorProxyWorker] SEND TO RUNTIME {"method":"Runtime.getIsolateId","id":100000991}
---

--- 2026-06-06T13:13:55.650Z debug
[InspectorProxyWorker] RUNTIME INCOMING MESSAGE { id: 100000991, result: { id: '1eee3444ae586db1' } }
---

--- 2026-06-06T13:14:05.664Z debug
[InspectorProxyWorker] RUNTIME INCOMING MESSAGE { id: 100000992, result: { id: '1eee3444ae586db1' } }
---

--- 2026-06-06T13:14:05.665Z debug
[InspectorProxyWorker] SEND TO RUNTIME {"method":"Runtime.getIsolateId","id":100000992}
---

--- 2026-06-06T13:14:15.667Z debug
[InspectorProxyWorker] RUNTIME INCOMING MESSAGE { id: 100000993, result: { id: '1eee3444ae586db1' } }
---

--- 2026-06-06T13:14:15.667Z debug
[InspectorProxyWorker] SEND TO RUNTIME {"method":"Runtime.getIsolateId","id":100000993}
---

--- 2026-06-06T13:14:25.682Z debug
[InspectorProxyWorker] RUNTIME INCOMING MESSAGE { id: 100000994, result: { id: '1eee3444ae586db1' } }
---

--- 2026-06-06T13:14:25.682Z debug
[InspectorProxyWorker] SEND TO RUNTIME {"method":"Runtime.getIsolateId","id":100000994}
---

--- 2026-06-06T13:14:35.699Z debug
[InspectorProxyWorker] SEND TO RUNTIME {"method":"Runtime.getIsolateId","id":100000995}
---

--- 2026-06-06T13:14:35.699Z debug
[InspectorProxyWorker] RUNTIME INCOMING MESSAGE { id: 100000995, result: { id: '1eee3444ae586db1' } }
---

--- 2026-06-06T13:14:45.703Z debug
[InspectorProxyWorker] SEND TO RUNTIME {"method":"Runtime.getIsolateId","id":100000996}
---

--- 2026-06-06T13:14:45.705Z debug
[InspectorProxyWorker] RUNTIME INCOMING MESSAGE { id: 100000996, result: { id: '1eee3444ae586db1' } }
---

--- 2026-06-06T13:14:55.709Z debug
[InspectorProxyWorker] SEND TO RUNTIME {"method":"Runtime.getIsolateId","id":100000997}
---

--- 2026-06-06T13:14:55.711Z debug
[InspectorProxyWorker] RUNTIME INCOMING MESSAGE { id: 100000997, result: { id: '1eee3444ae586db1' } }
---

--- 2026-06-06T13:15:05.715Z debug
[InspectorProxyWorker] SEND TO RUNTIME {"method":"Runtime.getIsolateId","id":100000998}
---

--- 2026-06-06T13:15:05.715Z debug
[InspectorProxyWorker] RUNTIME INCOMING MESSAGE { id: 100000998, result: { id: '1eee3444ae586db1' } }
---

--- 2026-06-06T13:15:15.717Z debug
[InspectorProxyWorker] RUNTIME INCOMING MESSAGE { id: 100000999, result: { id: '1eee3444ae586db1' } }
---

--- 2026-06-06T13:15:15.718Z debug
[InspectorProxyWorker] SEND TO RUNTIME {"method":"Runtime.getIsolateId","id":100000999}
---

--- 2026-06-06T13:15:25.732Z debug
[InspectorProxyWorker] SEND TO RUNTIME {"method":"Runtime.getIsolateId","id":100001000}
---

--- 2026-06-06T13:15:25.733Z debug
[InspectorProxyWorker] RUNTIME INCOMING MESSAGE { id: 100001000, result: { id: '1eee3444ae586db1' } }
---

--- 2026-06-06T13:15:35.734Z debug
[InspectorProxyWorker] RUNTIME INCOMING MESSAGE { id: 100001001, result: { id: '1eee3444ae586db1' } }
---

--- 2026-06-06T13:15:35.734Z debug
[InspectorProxyWorker] SEND TO RUNTIME {"method":"Runtime.getIsolateId","id":100001001}
---

--- 2026-06-06T13:15:45.749Z debug
[InspectorProxyWorker] SEND TO RUNTIME {"method":"Runtime.getIsolateId","id":100001002}
---

--- 2026-06-06T13:15:45.750Z debug
[InspectorProxyWorker] RUNTIME INCOMING MESSAGE { id: 100001002, result: { id: '1eee3444ae586db1' } }
---

--- 2026-06-06T13:15:55.751Z debug
[InspectorProxyWorker] SEND TO RUNTIME {"method":"Runtime.getIsolateId","id":100001003}
---

--- 2026-06-06T13:15:55.751Z debug
[InspectorProxyWorker] RUNTIME INCOMING MESSAGE { id: 100001003, result: { id: '1eee3444ae586db1' } }
---

--- 2026-06-06T13:16:05.766Z debug
[InspectorProxyWorker] SEND TO RUNTIME {"method":"Runtime.getIsolateId","id":100001004}
---

--- 2026-06-06T13:16:05.766Z debug
[InspectorProxyWorker] RUNTIME INCOMING MESSAGE { id: 100001004, result: { id: '1eee3444ae586db1' } }
---

--- 2026-06-06T13:16:15.767Z debug
[InspectorProxyWorker] SEND TO RUNTIME {"method":"Runtime.getIsolateId","id":100001005}
---

--- 2026-06-06T13:16:15.768Z debug
[InspectorProxyWorker] RUNTIME INCOMING MESSAGE { id: 100001005, result: { id: '1eee3444ae586db1' } }
---

--- 2026-06-06T13:16:25.783Z debug
[InspectorProxyWorker] SEND TO RUNTIME {"method":"Runtime.getIsolateId","id":100001006}
---

--- 2026-06-06T13:16:25.783Z debug
[InspectorProxyWorker] RUNTIME INCOMING MESSAGE { id: 100001006, result: { id: '1eee3444ae586db1' } }
---

--- 2026-06-06T13:16:35.785Z debug
[InspectorProxyWorker] SEND TO RUNTIME {"method":"Runtime.getIsolateId","id":100001007}
---

--- 2026-06-06T13:16:35.786Z debug
[InspectorProxyWorker] RUNTIME INCOMING MESSAGE { id: 100001007, result: { id: '1eee3444ae586db1' } }
---

--- 2026-06-06T13:16:45.804Z debug
[InspectorProxyWorker] RUNTIME INCOMING MESSAGE { id: 100001008, result: { id: '1eee3444ae586db1' } }
---

--- 2026-06-06T13:16:45.806Z debug
[InspectorProxyWorker] SEND TO RUNTIME {"method":"Runtime.getIsolateId","id":100001008}
---

--- 2026-06-06T13:16:55.802Z debug
[InspectorProxyWorker] RUNTIME INCOMING MESSAGE { id: 100001009, result: { id: '1eee3444ae586db1' } }
---

--- 2026-06-06T13:16:55.803Z debug
[InspectorProxyWorker] SEND TO RUNTIME {"method":"Runtime.getIsolateId","id":100001009}
---

--- 2026-06-06T13:17:05.803Z debug
[InspectorProxyWorker] SEND TO RUNTIME {"method":"Runtime.getIsolateId","id":100001010}
---

--- 2026-06-06T13:17:05.804Z debug
[InspectorProxyWorker] RUNTIME INCOMING MESSAGE { id: 100001010, result: { id: '1eee3444ae586db1' } }
---

--- 2026-06-06T13:17:15.816Z debug
[InspectorProxyWorker] RUNTIME INCOMING MESSAGE { id: 100001011, result: { id: '1eee3444ae586db1' } }
---

--- 2026-06-06T13:17:15.816Z debug
[InspectorProxyWorker] SEND TO RUNTIME {"method":"Runtime.getIsolateId","id":100001011}
---

--- 2026-06-06T13:17:25.822Z debug
[InspectorProxyWorker] SEND TO RUNTIME {"method":"Runtime.getIsolateId","id":100001012}
---

--- 2026-06-06T13:17:25.822Z debug
[InspectorProxyWorker] RUNTIME INCOMING MESSAGE { id: 100001012, result: { id: '1eee3444ae586db1' } }
---

--- 2026-06-06T13:17:35.828Z debug
[InspectorProxyWorker] RUNTIME INCOMING MESSAGE { id: 100001013, result: { id: '1eee3444ae586db1' } }
---

--- 2026-06-06T13:17:35.829Z debug
[InspectorProxyWorker] SEND TO RUNTIME {"method":"Runtime.getIsolateId","id":100001013}
---

--- 2026-06-06T13:17:45.833Z debug
[InspectorProxyWorker] RUNTIME INCOMING MESSAGE { id: 100001014, result: { id: '1eee3444ae586db1' } }
---

--- 2026-06-06T13:17:45.833Z debug
[InspectorProxyWorker] SEND TO RUNTIME {"method":"Runtime.getIsolateId","id":100001014}
---

--- 2026-06-06T13:17:55.840Z debug
[InspectorProxyWorker] RUNTIME INCOMING MESSAGE { id: 100001015, result: { id: '1eee3444ae586db1' } }
---

--- 2026-06-06T13:17:55.841Z debug
[InspectorProxyWorker] SEND TO RUNTIME {"method":"Runtime.getIsolateId","id":100001015}
---

--- 2026-06-06T13:18:05.853Z debug
[InspectorProxyWorker] SEND TO RUNTIME {"method":"Runtime.getIsolateId","id":100001016}
---

--- 2026-06-06T13:18:05.854Z debug
[InspectorProxyWorker] RUNTIME INCOMING MESSAGE { id: 100001016, result: { id: '1eee3444ae586db1' } }
---

--- 2026-06-06T13:18:15.852Z debug
[InspectorProxyWorker] SEND TO RUNTIME {"method":"Runtime.getIsolateId","id":100001017}
---

--- 2026-06-06T13:18:15.853Z debug
[InspectorProxyWorker] RUNTIME INCOMING MESSAGE { id: 100001017, result: { id: '1eee3444ae586db1' } }
---

--- 2026-06-06T13:18:25.857Z debug
[InspectorProxyWorker] RUNTIME INCOMING MESSAGE { id: 100001018, result: { id: '1eee3444ae586db1' } }
---

--- 2026-06-06T13:18:25.859Z debug
[InspectorProxyWorker] SEND TO RUNTIME {"method":"Runtime.getIsolateId","id":100001018}
---

--- 2026-06-06T13:18:35.868Z debug
[InspectorProxyWorker] SEND TO RUNTIME {"method":"Runtime.getIsolateId","id":100001019}
---

--- 2026-06-06T13:18:35.868Z debug
[InspectorProxyWorker] RUNTIME INCOMING MESSAGE { id: 100001019, result: { id: '1eee3444ae586db1' } }
---

--- 2026-06-06T13:18:45.883Z debug
[InspectorProxyWorker] RUNTIME INCOMING MESSAGE { id: 100001020, result: { id: '1eee3444ae586db1' } }
---

--- 2026-06-06T13:18:45.884Z debug
[InspectorProxyWorker] SEND TO RUNTIME {"method":"Runtime.getIsolateId","id":100001020}
---

--- 2026-06-06T13:18:55.885Z debug
[InspectorProxyWorker] RUNTIME INCOMING MESSAGE { id: 100001021, result: { id: '1eee3444ae586db1' } }
---

--- 2026-06-06T13:18:55.885Z debug
[InspectorProxyWorker] SEND TO RUNTIME {"method":"Runtime.getIsolateId","id":100001021}
---

--- 2026-06-06T13:19:05.900Z debug
[InspectorProxyWorker] SEND TO RUNTIME {"method":"Runtime.getIsolateId","id":100001022}
---

--- 2026-06-06T13:19:05.901Z debug
[InspectorProxyWorker] RUNTIME INCOMING MESSAGE { id: 100001022, result: { id: '1eee3444ae586db1' } }
---

--- 2026-06-06T13:19:15.905Z debug
[InspectorProxyWorker] SEND TO RUNTIME {"method":"Runtime.getIsolateId","id":100001023}
---

--- 2026-06-06T13:19:15.907Z debug
[InspectorProxyWorker] RUNTIME INCOMING MESSAGE { id: 100001023, result: { id: '1eee3444ae586db1' } }
---

--- 2026-06-06T13:19:25.902Z debug
[InspectorProxyWorker] RUNTIME INCOMING MESSAGE { id: 100001024, result: { id: '1eee3444ae586db1' } }
---

--- 2026-06-06T13:19:25.903Z debug
[InspectorProxyWorker] SEND TO RUNTIME {"method":"Runtime.getIsolateId","id":100001024}
---

--- 2026-06-06T13:19:35.908Z debug
[InspectorProxyWorker] RUNTIME INCOMING MESSAGE { id: 100001025, result: { id: '1eee3444ae586db1' } }
---

--- 2026-06-06T13:19:35.908Z debug
[InspectorProxyWorker] SEND TO RUNTIME {"method":"Runtime.getIsolateId","id":100001025}
---

--- 2026-06-06T13:19:45.918Z debug
[InspectorProxyWorker] SEND TO RUNTIME {"method":"Runtime.getIsolateId","id":100001026}
---

--- 2026-06-06T13:19:45.919Z debug
[InspectorProxyWorker] RUNTIME INCOMING MESSAGE { id: 100001026, result: { id: '1eee3444ae586db1' } }
---

--- 2026-06-06T13:19:55.921Z debug
[InspectorProxyWorker] RUNTIME INCOMING MESSAGE { id: 100001027, result: { id: '1eee3444ae586db1' } }
---

--- 2026-06-06T13:19:55.922Z debug
[InspectorProxyWorker] SEND TO RUNTIME {"method":"Runtime.getIsolateId","id":100001027}
---

--- 2026-06-06T13:20:05.921Z debug
[InspectorProxyWorker] RUNTIME INCOMING MESSAGE { id: 100001028, result: { id: '1eee3444ae586db1' } }
---

--- 2026-06-06T13:20:05.922Z debug
[InspectorProxyWorker] SEND TO RUNTIME {"method":"Runtime.getIsolateId","id":100001028}
---

--- 2026-06-06T13:20:15.925Z debug
[InspectorProxyWorker] RUNTIME INCOMING MESSAGE { id: 100001029, result: { id: '1eee3444ae586db1' } }
---

--- 2026-06-06T13:20:15.926Z debug
[InspectorProxyWorker] SEND TO RUNTIME {"method":"Runtime.getIsolateId","id":100001029}
---

--- 2026-06-06T13:20:25.937Z debug
[InspectorProxyWorker] RUNTIME INCOMING MESSAGE { id: 100001030, result: { id: '1eee3444ae586db1' } }
---

--- 2026-06-06T13:20:25.939Z debug
[InspectorProxyWorker] SEND TO RUNTIME {"method":"Runtime.getIsolateId","id":100001030}
---

--- 2026-06-06T13:20:35.942Z debug
[InspectorProxyWorker] RUNTIME INCOMING MESSAGE { id: 100001031, result: { id: '1eee3444ae586db1' } }
---

--- 2026-06-06T13:20:35.943Z debug
[InspectorProxyWorker] SEND TO RUNTIME {"method":"Runtime.getIsolateId","id":100001031}
---

--- 2026-06-06T13:20:45.953Z debug
[InspectorProxyWorker] RUNTIME INCOMING MESSAGE { id: 100001032, result: { id: '1eee3444ae586db1' } }
---

--- 2026-06-06T13:20:45.955Z debug
[InspectorProxyWorker] SEND TO RUNTIME {"method":"Runtime.getIsolateId","id":100001032}
---

--- 2026-06-06T13:20:55.956Z debug
[InspectorProxyWorker] RUNTIME INCOMING MESSAGE { id: 100001033, result: { id: '1eee3444ae586db1' } }
---

--- 2026-06-06T13:20:55.957Z debug
[InspectorProxyWorker] SEND TO RUNTIME {"method":"Runtime.getIsolateId","id":100001033}
---

--- 2026-06-06T13:21:05.953Z debug
[InspectorProxyWorker] SEND TO RUNTIME {"method":"Runtime.getIsolateId","id":100001034}
---

--- 2026-06-06T13:21:05.953Z debug
[InspectorProxyWorker] RUNTIME INCOMING MESSAGE { id: 100001034, result: { id: '1eee3444ae586db1' } }
---

--- 2026-06-06T13:21:15.953Z debug
[InspectorProxyWorker] SEND TO RUNTIME {"method":"Runtime.getIsolateId","id":100001035}
---

--- 2026-06-06T13:21:15.954Z debug
[InspectorProxyWorker] RUNTIME INCOMING MESSAGE { id: 100001035, result: { id: '1eee3444ae586db1' } }
---

--- 2026-06-06T13:21:25.969Z debug
[InspectorProxyWorker] RUNTIME INCOMING MESSAGE { id: 100001036, result: { id: '1eee3444ae586db1' } }
---

--- 2026-06-06T13:21:25.970Z debug
[InspectorProxyWorker] SEND TO RUNTIME {"method":"Runtime.getIsolateId","id":100001036}
---

--- 2026-06-06T13:21:35.972Z debug
[InspectorProxyWorker] RUNTIME INCOMING MESSAGE { id: 100001037, result: { id: '1eee3444ae586db1' } }
---

--- 2026-06-06T13:21:35.973Z debug
[InspectorProxyWorker] SEND TO RUNTIME {"method":"Runtime.getIsolateId","id":100001037}
---

--- 2026-06-06T13:21:45.984Z debug
[InspectorProxyWorker] SEND TO RUNTIME {"method":"Runtime.getIsolateId","id":100001038}
---

--- 2026-06-06T13:21:45.986Z debug
[InspectorProxyWorker] RUNTIME INCOMING MESSAGE { id: 100001038, result: { id: '1eee3444ae586db1' } }
---

--- 2026-06-06T13:21:55.986Z debug
[InspectorProxyWorker] RUNTIME INCOMING MESSAGE { id: 100001039, result: { id: '1eee3444ae586db1' } }
---

--- 2026-06-06T13:21:55.988Z debug
[InspectorProxyWorker] SEND TO RUNTIME {"method":"Runtime.getIsolateId","id":100001039}
---

--- 2026-06-06T13:22:05.986Z debug
[InspectorProxyWorker] RUNTIME INCOMING MESSAGE { id: 100001040, result: { id: '1eee3444ae586db1' } }
---

--- 2026-06-06T13:22:05.987Z debug
[InspectorProxyWorker] SEND TO RUNTIME {"method":"Runtime.getIsolateId","id":100001040}
---

--- 2026-06-06T13:22:15.987Z debug
[InspectorProxyWorker] SEND TO RUNTIME {"method":"Runtime.getIsolateId","id":100001041}
---

--- 2026-06-06T13:22:15.988Z debug
[InspectorProxyWorker] RUNTIME INCOMING MESSAGE { id: 100001041, result: { id: '1eee3444ae586db1' } }
---

--- 2026-06-06T13:22:25.995Z debug
[InspectorProxyWorker] RUNTIME INCOMING MESSAGE { id: 100001042, result: { id: '1eee3444ae586db1' } }
---

--- 2026-06-06T13:22:25.996Z debug
[InspectorProxyWorker] SEND TO RUNTIME {"method":"Runtime.getIsolateId","id":100001042}
---

--- 2026-06-06T13:22:36.007Z debug
[InspectorProxyWorker] RUNTIME INCOMING MESSAGE { id: 100001043, result: { id: '1eee3444ae586db1' } }
---

--- 2026-06-06T13:22:36.007Z debug
[InspectorProxyWorker] SEND TO RUNTIME {"method":"Runtime.getIsolateId","id":100001043}
---

--- 2026-06-06T13:22:46.006Z debug
[InspectorProxyWorker] SEND TO RUNTIME {"method":"Runtime.getIsolateId","id":100001044}
---

--- 2026-06-06T13:22:46.006Z debug
[InspectorProxyWorker] RUNTIME INCOMING MESSAGE { id: 100001044, result: { id: '1eee3444ae586db1' } }
---

--- 2026-06-06T13:22:56.011Z debug
[InspectorProxyWorker] RUNTIME INCOMING MESSAGE { id: 100001045, result: { id: '1eee3444ae586db1' } }
---

--- 2026-06-06T13:22:56.013Z debug
[InspectorProxyWorker] SEND TO RUNTIME {"method":"Runtime.getIsolateId","id":100001045}
---

--- 2026-06-06T13:23:06.021Z debug
[InspectorProxyWorker] RUNTIME INCOMING MESSAGE { id: 100001046, result: { id: '1eee3444ae586db1' } }
---

--- 2026-06-06T13:23:06.022Z debug
[InspectorProxyWorker] SEND TO RUNTIME {"method":"Runtime.getIsolateId","id":100001046}
---

--- 2026-06-06T13:23:16.025Z debug
[InspectorProxyWorker] RUNTIME INCOMING MESSAGE { id: 100001047, result: { id: '1eee3444ae586db1' } }
---

--- 2026-06-06T13:23:16.025Z debug
[InspectorProxyWorker] SEND TO RUNTIME {"method":"Runtime.getIsolateId","id":100001047}
---

--- 2026-06-06T13:23:26.027Z debug
[InspectorProxyWorker] SEND TO RUNTIME {"method":"Runtime.getIsolateId","id":100001048}
---

--- 2026-06-06T13:23:26.027Z debug
[InspectorProxyWorker] RUNTIME INCOMING MESSAGE { id: 100001048, result: { id: '1eee3444ae586db1' } }
---

--- 2026-06-06T13:23:36.037Z debug
[InspectorProxyWorker] RUNTIME INCOMING MESSAGE { id: 100001049, result: { id: '1eee3444ae586db1' } }
---

--- 2026-06-06T13:23:36.039Z debug
[InspectorProxyWorker] SEND TO RUNTIME {"method":"Runtime.getIsolateId","id":100001049}
---

--- 2026-06-06T13:23:46.038Z debug
[InspectorProxyWorker] SEND TO RUNTIME {"method":"Runtime.getIsolateId","id":100001050}
---

--- 2026-06-06T13:23:46.039Z debug
[InspectorProxyWorker] RUNTIME INCOMING MESSAGE { id: 100001050, result: { id: '1eee3444ae586db1' } }
---

--- 2026-06-06T13:23:56.054Z debug
[InspectorProxyWorker] RUNTIME INCOMING MESSAGE { id: 100001051, result: { id: '1eee3444ae586db1' } }
---

--- 2026-06-06T13:23:56.054Z debug
[InspectorProxyWorker] SEND TO RUNTIME {"method":"Runtime.getIsolateId","id":100001051}
---

--- 2026-06-06T13:24:06.070Z debug
[InspectorProxyWorker] SEND TO RUNTIME {"method":"Runtime.getIsolateId","id":100001052}
---

--- 2026-06-06T13:24:06.071Z debug
[InspectorProxyWorker] RUNTIME INCOMING MESSAGE { id: 100001052, result: { id: '1eee3444ae586db1' } }
---

--- 2026-06-06T13:24:16.077Z debug
[InspectorProxyWorker] SEND TO RUNTIME {"method":"Runtime.getIsolateId","id":100001053}
---

--- 2026-06-06T13:24:16.079Z debug
[InspectorProxyWorker] RUNTIME INCOMING MESSAGE { id: 100001053, result: { id: '1eee3444ae586db1' } }
---

--- 2026-06-06T13:24:26.089Z debug
[InspectorProxyWorker] SEND TO RUNTIME {"method":"Runtime.getIsolateId","id":100001054}
---

--- 2026-06-06T13:24:26.091Z debug
[InspectorProxyWorker] RUNTIME INCOMING MESSAGE { id: 100001054, result: { id: '1eee3444ae586db1' } }
---

--- 2026-06-06T13:24:36.090Z debug
[InspectorProxyWorker] SEND TO RUNTIME {"method":"Runtime.getIsolateId","id":100001055}
---

--- 2026-06-06T13:24:36.093Z debug
[InspectorProxyWorker] RUNTIME INCOMING MESSAGE { id: 100001055, result: { id: '1eee3444ae586db1' } }
---

--- 2026-06-06T13:24:46.089Z debug
[InspectorProxyWorker] SEND TO RUNTIME {"method":"Runtime.getIsolateId","id":100001056}
---

--- 2026-06-06T13:24:46.090Z debug
[InspectorProxyWorker] RUNTIME INCOMING MESSAGE { id: 100001056, result: { id: '1eee3444ae586db1' } }
---

--- 2026-06-06T13:24:56.093Z debug
[InspectorProxyWorker] RUNTIME INCOMING MESSAGE { id: 100001057, result: { id: '1eee3444ae586db1' } }
---

--- 2026-06-06T13:24:56.095Z debug
[InspectorProxyWorker] SEND TO RUNTIME {"method":"Runtime.getIsolateId","id":100001057}
---

--- 2026-06-06T13:25:06.095Z debug
[InspectorProxyWorker] RUNTIME INCOMING MESSAGE { id: 100001058, result: { id: '1eee3444ae586db1' } }
---

--- 2026-06-06T13:25:06.097Z debug
[InspectorProxyWorker] SEND TO RUNTIME {"method":"Runtime.getIsolateId","id":100001058}
---

--- 2026-06-06T13:25:16.105Z debug
[InspectorProxyWorker] RUNTIME INCOMING MESSAGE { id: 100001059, result: { id: '1eee3444ae586db1' } }
---

--- 2026-06-06T13:25:16.107Z debug
[InspectorProxyWorker] SEND TO RUNTIME {"method":"Runtime.getIsolateId","id":100001059}
---

--- 2026-06-06T13:25:26.105Z debug
[InspectorProxyWorker] RUNTIME INCOMING MESSAGE { id: 100001060, result: { id: '1eee3444ae586db1' } }
---

--- 2026-06-06T13:25:26.106Z debug
[InspectorProxyWorker] SEND TO RUNTIME {"method":"Runtime.getIsolateId","id":100001060}
---

--- 2026-06-06T13:25:36.111Z debug
[InspectorProxyWorker] RUNTIME INCOMING MESSAGE { id: 100001061, result: { id: '1eee3444ae586db1' } }
---

--- 2026-06-06T13:25:36.111Z debug
[InspectorProxyWorker] SEND TO RUNTIME {"method":"Runtime.getIsolateId","id":100001061}
---

--- 2026-06-06T13:25:46.111Z debug
[InspectorProxyWorker] RUNTIME INCOMING MESSAGE { id: 100001062, result: { id: '1eee3444ae586db1' } }
---

--- 2026-06-06T13:25:46.111Z debug
[InspectorProxyWorker] SEND TO RUNTIME {"method":"Runtime.getIsolateId","id":100001062}
---

--- 2026-06-06T13:25:56.126Z debug
[InspectorProxyWorker] RUNTIME INCOMING MESSAGE { id: 100001063, result: { id: '1eee3444ae586db1' } }
---

--- 2026-06-06T13:25:56.127Z debug
[InspectorProxyWorker] SEND TO RUNTIME {"method":"Runtime.getIsolateId","id":100001063}
---

--- 2026-06-06T13:26:06.122Z debug
[InspectorProxyWorker] SEND TO RUNTIME {"method":"Runtime.getIsolateId","id":100001064}
---

--- 2026-06-06T13:26:06.123Z debug
[InspectorProxyWorker] RUNTIME INCOMING MESSAGE { id: 100001064, result: { id: '1eee3444ae586db1' } }
---

--- 2026-06-06T13:26:16.123Z debug
[InspectorProxyWorker] RUNTIME INCOMING MESSAGE { id: 100001065, result: { id: '1eee3444ae586db1' } }
---

--- 2026-06-06T13:26:16.123Z debug
[InspectorProxyWorker] SEND TO RUNTIME {"method":"Runtime.getIsolateId","id":100001065}
---

--- 2026-06-06T13:26:26.129Z debug
[InspectorProxyWorker] RUNTIME INCOMING MESSAGE { id: 100001066, result: { id: '1eee3444ae586db1' } }
---

--- 2026-06-06T13:26:26.131Z debug
[InspectorProxyWorker] SEND TO RUNTIME {"method":"Runtime.getIsolateId","id":100001066}
---

--- 2026-06-06T13:26:36.141Z debug
[InspectorProxyWorker] RUNTIME INCOMING MESSAGE { id: 100001067, result: { id: '1eee3444ae586db1' } }
---

--- 2026-06-06T13:26:36.141Z debug
[InspectorProxyWorker] SEND TO RUNTIME {"method":"Runtime.getIsolateId","id":100001067}
---

--- 2026-06-06T13:26:46.147Z debug
[InspectorProxyWorker] SEND TO RUNTIME {"method":"Runtime.getIsolateId","id":100001068}
---

--- 2026-06-06T13:26:46.149Z debug
[InspectorProxyWorker] RUNTIME INCOMING MESSAGE { id: 100001068, result: { id: '1eee3444ae586db1' } }
---

--- 2026-06-06T13:26:56.151Z debug
[InspectorProxyWorker] SEND TO RUNTIME {"method":"Runtime.getIsolateId","id":100001069}
---

--- 2026-06-06T13:26:56.152Z debug
[InspectorProxyWorker] RUNTIME INCOMING MESSAGE { id: 100001069, result: { id: '1eee3444ae586db1' } }
---

--- 2026-06-06T13:27:06.160Z debug
[InspectorProxyWorker] RUNTIME INCOMING MESSAGE { id: 100001070, result: { id: '1eee3444ae586db1' } }
---

--- 2026-06-06T13:27:06.162Z debug
[InspectorProxyWorker] SEND TO RUNTIME {"method":"Runtime.getIsolateId","id":100001070}
---

--- 2026-06-06T13:27:16.169Z debug
[InspectorProxyWorker] SEND TO RUNTIME {"method":"Runtime.getIsolateId","id":100001071}
---

--- 2026-06-06T13:27:16.170Z debug
[InspectorProxyWorker] RUNTIME INCOMING MESSAGE { id: 100001071, result: { id: '1eee3444ae586db1' } }
---

--- 2026-06-06T13:27:26.171Z debug
[InspectorProxyWorker] RUNTIME INCOMING MESSAGE { id: 100001072, result: { id: '1eee3444ae586db1' } }
---

--- 2026-06-06T13:27:26.172Z debug
[InspectorProxyWorker] SEND TO RUNTIME {"method":"Runtime.getIsolateId","id":100001072}
---

--- 2026-06-06T13:27:36.184Z debug
[InspectorProxyWorker] RUNTIME INCOMING MESSAGE { id: 100001073, result: { id: '1eee3444ae586db1' } }
---

--- 2026-06-06T13:27:36.186Z debug
[InspectorProxyWorker] SEND TO RUNTIME {"method":"Runtime.getIsolateId","id":100001073}
---

--- 2026-06-06T13:27:46.191Z debug
[InspectorProxyWorker] RUNTIME INCOMING MESSAGE { id: 100001074, result: { id: '1eee3444ae586db1' } }
---

--- 2026-06-06T13:27:46.192Z debug
[InspectorProxyWorker] SEND TO RUNTIME {"method":"Runtime.getIsolateId","id":100001074}
---

--- 2026-06-06T13:27:56.195Z debug
[InspectorProxyWorker] SEND TO RUNTIME {"method":"Runtime.getIsolateId","id":100001075}
---

--- 2026-06-06T13:27:56.197Z debug
[InspectorProxyWorker] RUNTIME INCOMING MESSAGE { id: 100001075, result: { id: '1eee3444ae586db1' } }
---

--- 2026-06-06T13:28:06.211Z debug
[InspectorProxyWorker] SEND TO RUNTIME {"method":"Runtime.getIsolateId","id":100001076}
---

--- 2026-06-06T13:28:06.213Z debug
[InspectorProxyWorker] RUNTIME INCOMING MESSAGE { id: 100001076, result: { id: '1eee3444ae586db1' } }
---

--- 2026-06-06T13:28:16.208Z debug
[InspectorProxyWorker] RUNTIME INCOMING MESSAGE { id: 100001077, result: { id: '1eee3444ae586db1' } }
---

--- 2026-06-06T13:28:16.208Z debug
[InspectorProxyWorker] SEND TO RUNTIME {"method":"Runtime.getIsolateId","id":100001077}
---

--- 2026-06-06T13:28:26.212Z debug
[InspectorProxyWorker] SEND TO RUNTIME {"method":"Runtime.getIsolateId","id":100001078}
---

--- 2026-06-06T13:28:26.215Z debug
[InspectorProxyWorker] RUNTIME INCOMING MESSAGE { id: 100001078, result: { id: '1eee3444ae586db1' } }
---

--- 2026-06-06T13:28:36.222Z debug
[InspectorProxyWorker] RUNTIME INCOMING MESSAGE { id: 100001079, result: { id: '1eee3444ae586db1' } }
---

--- 2026-06-06T13:28:36.222Z debug
[InspectorProxyWorker] SEND TO RUNTIME {"method":"Runtime.getIsolateId","id":100001079}
---

--- 2026-06-06T13:28:46.223Z debug
[InspectorProxyWorker] SEND TO RUNTIME {"method":"Runtime.getIsolateId","id":100001080}
---

--- 2026-06-06T13:28:46.224Z debug
[InspectorProxyWorker] RUNTIME INCOMING MESSAGE { id: 100001080, result: { id: '1eee3444ae586db1' } }
---

--- 2026-06-06T13:28:56.230Z debug
[InspectorProxyWorker] RUNTIME INCOMING MESSAGE { id: 100001081, result: { id: '1eee3444ae586db1' } }
---

--- 2026-06-06T13:28:56.231Z debug
[InspectorProxyWorker] SEND TO RUNTIME {"method":"Runtime.getIsolateId","id":100001081}
---

--- 2026-06-06T13:29:06.239Z debug
[InspectorProxyWorker] SEND TO RUNTIME {"method":"Runtime.getIsolateId","id":100001082}
---

--- 2026-06-06T13:29:06.240Z debug
[InspectorProxyWorker] RUNTIME INCOMING MESSAGE { id: 100001082, result: { id: '1eee3444ae586db1' } }
---

--- 2026-06-06T13:29:16.245Z debug
[InspectorProxyWorker] RUNTIME INCOMING MESSAGE { id: 100001083, result: { id: '1eee3444ae586db1' } }
---

--- 2026-06-06T13:29:16.246Z debug
[InspectorProxyWorker] SEND TO RUNTIME {"method":"Runtime.getIsolateId","id":100001083}
---

--- 2026-06-06T13:29:26.252Z debug
[InspectorProxyWorker] SEND TO RUNTIME {"method":"Runtime.getIsolateId","id":100001084}
---

--- 2026-06-06T13:29:26.254Z debug
[InspectorProxyWorker] RUNTIME INCOMING MESSAGE { id: 100001084, result: { id: '1eee3444ae586db1' } }
---

--- 2026-06-06T13:29:36.262Z debug
[InspectorProxyWorker] RUNTIME INCOMING MESSAGE { id: 100001085, result: { id: '1eee3444ae586db1' } }
---

--- 2026-06-06T13:29:36.264Z debug
[InspectorProxyWorker] SEND TO RUNTIME {"method":"Runtime.getIsolateId","id":100001085}
---

--- 2026-06-06T13:29:46.262Z debug
[InspectorProxyWorker] SEND TO RUNTIME {"method":"Runtime.getIsolateId","id":100001086}
---

--- 2026-06-06T13:29:46.265Z debug
[InspectorProxyWorker] RUNTIME INCOMING MESSAGE { id: 100001086, result: { id: '1eee3444ae586db1' } }
---

--- 2026-06-06T13:29:56.267Z debug
[InspectorProxyWorker] RUNTIME INCOMING MESSAGE { id: 100001087, result: { id: '1eee3444ae586db1' } }
---

--- 2026-06-06T13:29:56.268Z debug
[InspectorProxyWorker] SEND TO RUNTIME {"method":"Runtime.getIsolateId","id":100001087}
---

--- 2026-06-06T13:30:06.274Z debug
[InspectorProxyWorker] SEND TO RUNTIME {"method":"Runtime.getIsolateId","id":100001088}
---

--- 2026-06-06T13:30:06.275Z debug
[InspectorProxyWorker] RUNTIME INCOMING MESSAGE { id: 100001088, result: { id: '1eee3444ae586db1' } }
---

--- 2026-06-06T13:30:16.281Z debug
[InspectorProxyWorker] RUNTIME INCOMING MESSAGE { id: 100001089, result: { id: '1eee3444ae586db1' } }
---

--- 2026-06-06T13:30:16.283Z debug
[InspectorProxyWorker] SEND TO RUNTIME {"method":"Runtime.getIsolateId","id":100001089}
---

--- 2026-06-06T13:30:26.285Z debug
[InspectorProxyWorker] SEND TO RUNTIME {"method":"Runtime.getIsolateId","id":100001090}
---

--- 2026-06-06T13:30:26.285Z debug
[InspectorProxyWorker] RUNTIME INCOMING MESSAGE { id: 100001090, result: { id: '1eee3444ae586db1' } }
---

--- 2026-06-06T13:30:36.290Z debug
[InspectorProxyWorker] SEND TO RUNTIME {"method":"Runtime.getIsolateId","id":100001091}
---

--- 2026-06-06T13:30:36.291Z debug
[InspectorProxyWorker] RUNTIME INCOMING MESSAGE { id: 100001091, result: { id: '1eee3444ae586db1' } }
---

--- 2026-06-06T13:30:46.304Z debug
[InspectorProxyWorker] SEND TO RUNTIME {"method":"Runtime.getIsolateId","id":100001092}
---

--- 2026-06-06T13:30:46.305Z debug
[InspectorProxyWorker] RUNTIME INCOMING MESSAGE { id: 100001092, result: { id: '1eee3444ae586db1' } }
---

--- 2026-06-06T13:30:56.308Z debug
[InspectorProxyWorker] SEND TO RUNTIME {"method":"Runtime.getIsolateId","id":100001093}
---

--- 2026-06-06T13:30:56.308Z debug
[InspectorProxyWorker] RUNTIME INCOMING MESSAGE { id: 100001093, result: { id: '1eee3444ae586db1' } }
---

--- 2026-06-06T13:31:06.314Z debug
[InspectorProxyWorker] RUNTIME INCOMING MESSAGE { id: 100001094, result: { id: '1eee3444ae586db1' } }
---

--- 2026-06-06T13:31:06.315Z debug
[InspectorProxyWorker] SEND TO RUNTIME {"method":"Runtime.getIsolateId","id":100001094}
---

--- 2026-06-06T13:31:16.315Z debug
[InspectorProxyWorker] SEND TO RUNTIME {"method":"Runtime.getIsolateId","id":100001095}
---

--- 2026-06-06T13:31:16.317Z debug
[InspectorProxyWorker] RUNTIME INCOMING MESSAGE { id: 100001095, result: { id: '1eee3444ae586db1' } }
---

--- 2026-06-06T13:31:26.331Z debug
[InspectorProxyWorker] RUNTIME INCOMING MESSAGE { id: 100001096, result: { id: '1eee3444ae586db1' } }
---

--- 2026-06-06T13:31:26.332Z debug
[InspectorProxyWorker] SEND TO RUNTIME {"method":"Runtime.getIsolateId","id":100001096}
---

--- 2026-06-06T13:31:36.347Z debug
[InspectorProxyWorker] RUNTIME INCOMING MESSAGE { id: 100001097, result: { id: '1eee3444ae586db1' } }
---

--- 2026-06-06T13:31:36.349Z debug
[InspectorProxyWorker] SEND TO RUNTIME {"method":"Runtime.getIsolateId","id":100001097}
---

--- 2026-06-06T13:31:46.359Z debug
[InspectorProxyWorker] SEND TO RUNTIME {"method":"Runtime.getIsolateId","id":100001098}
---

--- 2026-06-06T13:31:46.360Z debug
[InspectorProxyWorker] RUNTIME INCOMING MESSAGE { id: 100001098, result: { id: '1eee3444ae586db1' } }
---

--- 2026-06-06T13:31:56.370Z debug
[InspectorProxyWorker] RUNTIME INCOMING MESSAGE { id: 100001099, result: { id: '1eee3444ae586db1' } }
---

--- 2026-06-06T13:31:56.370Z debug
[InspectorProxyWorker] SEND TO RUNTIME {"method":"Runtime.getIsolateId","id":100001099}
---

--- 2026-06-06T13:32:06.374Z debug
[InspectorProxyWorker] RUNTIME INCOMING MESSAGE { id: 100001100, result: { id: '1eee3444ae586db1' } }
---

--- 2026-06-06T13:32:06.375Z debug
[InspectorProxyWorker] SEND TO RUNTIME {"method":"Runtime.getIsolateId","id":100001100}
---

--- 2026-06-06T13:32:16.381Z debug
[InspectorProxyWorker] RUNTIME INCOMING MESSAGE { id: 100001101, result: { id: '1eee3444ae586db1' } }
---

--- 2026-06-06T13:32:16.383Z debug
[InspectorProxyWorker] SEND TO RUNTIME {"method":"Runtime.getIsolateId","id":100001101}
---

--- 2026-06-06T13:32:26.387Z debug
[InspectorProxyWorker] RUNTIME INCOMING MESSAGE { id: 100001102, result: { id: '1eee3444ae586db1' } }
---

--- 2026-06-06T13:32:26.388Z debug
[InspectorProxyWorker] SEND TO RUNTIME {"method":"Runtime.getIsolateId","id":100001102}
---

--- 2026-06-06T13:32:36.390Z debug
[InspectorProxyWorker] RUNTIME INCOMING MESSAGE { id: 100001103, result: { id: '1eee3444ae586db1' } }
---

--- 2026-06-06T13:32:36.392Z debug
[InspectorProxyWorker] SEND TO RUNTIME {"method":"Runtime.getIsolateId","id":100001103}
---

--- 2026-06-06T13:32:46.391Z debug
[InspectorProxyWorker] SEND TO RUNTIME {"method":"Runtime.getIsolateId","id":100001104}
---

--- 2026-06-06T13:32:46.392Z debug
[InspectorProxyWorker] RUNTIME INCOMING MESSAGE { id: 100001104, result: { id: '1eee3444ae586db1' } }
---

--- 2026-06-06T13:32:56.393Z debug
[InspectorProxyWorker] SEND TO RUNTIME {"method":"Runtime.getIsolateId","id":100001105}
---

--- 2026-06-06T13:32:56.393Z debug
[InspectorProxyWorker] RUNTIME INCOMING MESSAGE { id: 100001105, result: { id: '1eee3444ae586db1' } }
---

--- 2026-06-06T13:33:06.405Z debug
[InspectorProxyWorker] RUNTIME INCOMING MESSAGE { id: 100001106, result: { id: '1eee3444ae586db1' } }
---

--- 2026-06-06T13:33:06.406Z debug
[InspectorProxyWorker] SEND TO RUNTIME {"method":"Runtime.getIsolateId","id":100001106}
---

--- 2026-06-06T13:33:16.407Z debug
[InspectorProxyWorker] SEND TO RUNTIME {"method":"Runtime.getIsolateId","id":100001107}
---

--- 2026-06-06T13:33:16.408Z debug
[InspectorProxyWorker] RUNTIME INCOMING MESSAGE { id: 100001107, result: { id: '1eee3444ae586db1' } }
---

--- 2026-06-06T13:33:26.414Z debug
[InspectorProxyWorker] SEND TO RUNTIME {"method":"Runtime.getIsolateId","id":100001108}
---

--- 2026-06-06T13:33:26.416Z debug
[InspectorProxyWorker] RUNTIME INCOMING MESSAGE { id: 100001108, result: { id: '1eee3444ae586db1' } }
---

--- 2026-06-06T13:33:36.426Z debug
[InspectorProxyWorker] RUNTIME INCOMING MESSAGE { id: 100001109, result: { id: '1eee3444ae586db1' } }
---

--- 2026-06-06T13:33:36.427Z debug
[InspectorProxyWorker] SEND TO RUNTIME {"method":"Runtime.getIsolateId","id":100001109}
---

--- 2026-06-06T13:33:46.442Z debug
[InspectorProxyWorker] SEND TO RUNTIME {"method":"Runtime.getIsolateId","id":100001110}
---

--- 2026-06-06T13:33:46.444Z debug
[InspectorProxyWorker] RUNTIME INCOMING MESSAGE { id: 100001110, result: { id: '1eee3444ae586db1' } }
---

--- 2026-06-06T13:33:56.441Z debug
[InspectorProxyWorker] SEND TO RUNTIME {"method":"Runtime.getIsolateId","id":100001111}
---

--- 2026-06-06T13:33:56.442Z debug
[InspectorProxyWorker] RUNTIME INCOMING MESSAGE { id: 100001111, result: { id: '1eee3444ae586db1' } }
---

--- 2026-06-06T13:34:06.459Z debug
[InspectorProxyWorker] SEND TO RUNTIME {"method":"Runtime.getIsolateId","id":100001112}
---

--- 2026-06-06T13:34:06.460Z debug
[InspectorProxyWorker] RUNTIME INCOMING MESSAGE { id: 100001112, result: { id: '1eee3444ae586db1' } }
---

--- 2026-06-06T13:34:16.465Z debug
[InspectorProxyWorker] RUNTIME INCOMING MESSAGE { id: 100001113, result: { id: '1eee3444ae586db1' } }
---

--- 2026-06-06T13:34:16.467Z debug
[InspectorProxyWorker] SEND TO RUNTIME {"method":"Runtime.getIsolateId","id":100001113}
---

--- 2026-06-06T13:34:26.472Z debug
[InspectorProxyWorker] RUNTIME INCOMING MESSAGE { id: 100001114, result: { id: '1eee3444ae586db1' } }
---

--- 2026-06-06T13:34:26.472Z debug
[InspectorProxyWorker] SEND TO RUNTIME {"method":"Runtime.getIsolateId","id":100001114}
---

--- 2026-06-06T13:34:36.479Z debug
[InspectorProxyWorker] RUNTIME INCOMING MESSAGE { id: 100001115, result: { id: '1eee3444ae586db1' } }
---

--- 2026-06-06T13:34:36.481Z debug
[InspectorProxyWorker] SEND TO RUNTIME {"method":"Runtime.getIsolateId","id":100001115}
---

--- 2026-06-06T13:34:46.481Z debug
[InspectorProxyWorker] SEND TO RUNTIME {"method":"Runtime.getIsolateId","id":100001116}
---

--- 2026-06-06T13:34:46.484Z debug
[InspectorProxyWorker] RUNTIME INCOMING MESSAGE { id: 100001116, result: { id: '1eee3444ae586db1' } }
---

--- 2026-06-06T13:34:56.492Z debug
[InspectorProxyWorker] RUNTIME INCOMING MESSAGE { id: 100001117, result: { id: '1eee3444ae586db1' } }
---

--- 2026-06-06T13:34:56.493Z debug
[InspectorProxyWorker] SEND TO RUNTIME {"method":"Runtime.getIsolateId","id":100001117}
---

--- 2026-06-06T13:35:06.499Z debug
[InspectorProxyWorker] SEND TO RUNTIME {"method":"Runtime.getIsolateId","id":100001118}
---

--- 2026-06-06T13:35:06.499Z debug
[InspectorProxyWorker] RUNTIME INCOMING MESSAGE { id: 100001118, result: { id: '1eee3444ae586db1' } }
---

--- 2026-06-06T13:35:16.516Z debug
[InspectorProxyWorker] RUNTIME INCOMING MESSAGE { id: 100001119, result: { id: '1eee3444ae586db1' } }
---

--- 2026-06-06T13:35:16.516Z debug
[InspectorProxyWorker] SEND TO RUNTIME {"method":"Runtime.getIsolateId","id":100001119}
---

--- 2026-06-06T13:35:26.530Z debug
[InspectorProxyWorker] SEND TO RUNTIME {"method":"Runtime.getIsolateId","id":100001120}
---

--- 2026-06-06T13:35:26.531Z debug
[InspectorProxyWorker] RUNTIME INCOMING MESSAGE { id: 100001120, result: { id: '1eee3444ae586db1' } }
---

--- 2026-06-06T13:35:36.533Z debug
[InspectorProxyWorker] RUNTIME INCOMING MESSAGE { id: 100001121, result: { id: '1eee3444ae586db1' } }
---

--- 2026-06-06T13:35:36.535Z debug
[InspectorProxyWorker] SEND TO RUNTIME {"method":"Runtime.getIsolateId","id":100001121}
---

--- 2026-06-06T13:35:46.543Z debug
[InspectorProxyWorker] SEND TO RUNTIME {"method":"Runtime.getIsolateId","id":100001122}
---

--- 2026-06-06T13:35:46.545Z debug
[InspectorProxyWorker] RUNTIME INCOMING MESSAGE { id: 100001122, result: { id: '1eee3444ae586db1' } }
---

--- 2026-06-06T13:35:56.548Z debug
[InspectorProxyWorker] RUNTIME INCOMING MESSAGE { id: 100001123, result: { id: '1eee3444ae586db1' } }
---

--- 2026-06-06T13:35:56.550Z debug
[InspectorProxyWorker] SEND TO RUNTIME {"method":"Runtime.getIsolateId","id":100001123}
---

--- 2026-06-06T13:36:06.556Z debug
[InspectorProxyWorker] SEND TO RUNTIME {"method":"Runtime.getIsolateId","id":100001124}
---

--- 2026-06-06T13:36:06.558Z debug
[InspectorProxyWorker] RUNTIME INCOMING MESSAGE { id: 100001124, result: { id: '1eee3444ae586db1' } }
---

--- 2026-06-06T13:36:16.560Z debug
[InspectorProxyWorker] RUNTIME INCOMING MESSAGE { id: 100001125, result: { id: '1eee3444ae586db1' } }
---

--- 2026-06-06T13:36:16.561Z debug
[InspectorProxyWorker] SEND TO RUNTIME {"method":"Runtime.getIsolateId","id":100001125}
---

--- 2026-06-06T13:36:26.566Z debug
[InspectorProxyWorker] SEND TO RUNTIME {"method":"Runtime.getIsolateId","id":100001126}
---

--- 2026-06-06T13:36:26.566Z debug
[InspectorProxyWorker] RUNTIME INCOMING MESSAGE { id: 100001126, result: { id: '1eee3444ae586db1' } }
---

--- 2026-06-06T13:36:36.581Z debug
[InspectorProxyWorker] RUNTIME INCOMING MESSAGE { id: 100001127, result: { id: '1eee3444ae586db1' } }
---

--- 2026-06-06T13:36:36.583Z debug
[InspectorProxyWorker] SEND TO RUNTIME {"method":"Runtime.getIsolateId","id":100001127}
---

--- 2026-06-06T13:36:46.587Z debug
[InspectorProxyWorker] SEND TO RUNTIME {"method":"Runtime.getIsolateId","id":100001128}
---

--- 2026-06-06T13:36:46.589Z debug
[InspectorProxyWorker] RUNTIME INCOMING MESSAGE { id: 100001128, result: { id: '1eee3444ae586db1' } }
---

--- 2026-06-06T13:36:56.595Z debug
[InspectorProxyWorker] SEND TO RUNTIME {"method":"Runtime.getIsolateId","id":100001129}
---

--- 2026-06-06T13:36:56.596Z debug
[InspectorProxyWorker] RUNTIME INCOMING MESSAGE { id: 100001129, result: { id: '1eee3444ae586db1' } }
---

--- 2026-06-06T13:37:06.603Z debug
[InspectorProxyWorker] SEND TO RUNTIME {"method":"Runtime.getIsolateId","id":100001130}
---

--- 2026-06-06T13:37:06.604Z debug
[InspectorProxyWorker] RUNTIME INCOMING MESSAGE { id: 100001130, result: { id: '1eee3444ae586db1' } }
---

--- 2026-06-06T13:37:16.615Z debug
[InspectorProxyWorker] SEND TO RUNTIME {"method":"Runtime.getIsolateId","id":100001131}
---

--- 2026-06-06T13:37:16.618Z debug
[InspectorProxyWorker] RUNTIME INCOMING MESSAGE { id: 100001131, result: { id: '1eee3444ae586db1' } }
---

--- 2026-06-06T13:37:26.626Z debug
[InspectorProxyWorker] SEND TO RUNTIME {"method":"Runtime.getIsolateId","id":100001132}
---

--- 2026-06-06T13:37:26.626Z debug
[InspectorProxyWorker] RUNTIME INCOMING MESSAGE { id: 100001132, result: { id: '1eee3444ae586db1' } }
---

--- 2026-06-06T13:37:36.646Z debug
[InspectorProxyWorker] RUNTIME INCOMING MESSAGE { id: 100001133, result: { id: '1eee3444ae586db1' } }
---

--- 2026-06-06T13:37:36.647Z debug
[InspectorProxyWorker] SEND TO RUNTIME {"method":"Runtime.getIsolateId","id":100001133}
---

--- 2026-06-06T13:37:46.646Z debug
[InspectorProxyWorker] SEND TO RUNTIME {"method":"Runtime.getIsolateId","id":100001134}
---

--- 2026-06-06T13:37:46.647Z debug
[InspectorProxyWorker] RUNTIME INCOMING MESSAGE { id: 100001134, result: { id: '1eee3444ae586db1' } }
---

--- 2026-06-06T13:37:56.646Z debug
[InspectorProxyWorker] RUNTIME INCOMING MESSAGE { id: 100001135, result: { id: '1eee3444ae586db1' } }
---

--- 2026-06-06T13:37:56.647Z debug
[InspectorProxyWorker] SEND TO RUNTIME {"method":"Runtime.getIsolateId","id":100001135}
---

--- 2026-06-06T13:38:06.665Z debug
[InspectorProxyWorker] RUNTIME INCOMING MESSAGE { id: 100001136, result: { id: '1eee3444ae586db1' } }
---

--- 2026-06-06T13:38:06.666Z debug
[InspectorProxyWorker] SEND TO RUNTIME {"method":"Runtime.getIsolateId","id":100001136}
---

--- 2026-06-06T13:38:16.678Z debug
[InspectorProxyWorker] RUNTIME INCOMING MESSAGE { id: 100001137, result: { id: '1eee3444ae586db1' } }
---

--- 2026-06-06T13:38:16.679Z debug
[InspectorProxyWorker] SEND TO RUNTIME {"method":"Runtime.getIsolateId","id":100001137}
---

--- 2026-06-06T13:38:26.691Z debug
[InspectorProxyWorker] SEND TO RUNTIME {"method":"Runtime.getIsolateId","id":100001138}
---

--- 2026-06-06T13:38:26.691Z debug
[InspectorProxyWorker] RUNTIME INCOMING MESSAGE { id: 100001138, result: { id: '1eee3444ae586db1' } }
---

--- 2026-06-06T13:38:36.696Z debug
[InspectorProxyWorker] RUNTIME INCOMING MESSAGE { id: 100001139, result: { id: '1eee3444ae586db1' } }
---

--- 2026-06-06T13:38:36.696Z debug
[InspectorProxyWorker] SEND TO RUNTIME {"method":"Runtime.getIsolateId","id":100001139}
---

--- 2026-06-06T13:38:46.708Z debug
[InspectorProxyWorker] SEND TO RUNTIME {"method":"Runtime.getIsolateId","id":100001140}
---

--- 2026-06-06T13:38:46.708Z debug
[InspectorProxyWorker] RUNTIME INCOMING MESSAGE { id: 100001140, result: { id: '1eee3444ae586db1' } }
---

--- 2026-06-06T13:38:56.714Z debug
[InspectorProxyWorker] SEND TO RUNTIME {"method":"Runtime.getIsolateId","id":100001141}
---

--- 2026-06-06T13:38:56.716Z debug
[InspectorProxyWorker] RUNTIME INCOMING MESSAGE { id: 100001141, result: { id: '1eee3444ae586db1' } }
---

--- 2026-06-06T13:39:06.729Z debug
[InspectorProxyWorker] RUNTIME INCOMING MESSAGE { id: 100001142, result: { id: '1eee3444ae586db1' } }
---

--- 2026-06-06T13:39:06.730Z debug
[InspectorProxyWorker] SEND TO RUNTIME {"method":"Runtime.getIsolateId","id":100001142}
---

--- 2026-06-06T13:39:16.733Z debug
[InspectorProxyWorker] SEND TO RUNTIME {"method":"Runtime.getIsolateId","id":100001143}
---

--- 2026-06-06T13:39:16.735Z debug
[InspectorProxyWorker] RUNTIME INCOMING MESSAGE { id: 100001143, result: { id: '1eee3444ae586db1' } }
---

--- 2026-06-06T13:39:26.748Z debug
[InspectorProxyWorker] SEND TO RUNTIME {"method":"Runtime.getIsolateId","id":100001144}
---

--- 2026-06-06T13:39:26.750Z debug
[InspectorProxyWorker] RUNTIME INCOMING MESSAGE { id: 100001144, result: { id: '1eee3444ae586db1' } }
---

--- 2026-06-06T13:39:36.746Z debug
[InspectorProxyWorker] SEND TO RUNTIME {"method":"Runtime.getIsolateId","id":100001145}
---

--- 2026-06-06T13:39:36.747Z debug
[InspectorProxyWorker] RUNTIME INCOMING MESSAGE { id: 100001145, result: { id: '1eee3444ae586db1' } }
---

--- 2026-06-06T13:39:46.755Z debug
[InspectorProxyWorker] RUNTIME INCOMING MESSAGE { id: 100001146, result: { id: '1eee3444ae586db1' } }
---

--- 2026-06-06T13:39:46.757Z debug
[InspectorProxyWorker] SEND TO RUNTIME {"method":"Runtime.getIsolateId","id":100001146}
---

--- 2026-06-06T13:39:56.764Z debug
[InspectorProxyWorker] SEND TO RUNTIME {"method":"Runtime.getIsolateId","id":100001147}
---

--- 2026-06-06T13:39:56.766Z debug
[InspectorProxyWorker] RUNTIME INCOMING MESSAGE { id: 100001147, result: { id: '1eee3444ae586db1' } }
---

--- 2026-06-06T13:40:06.767Z debug
[InspectorProxyWorker] SEND TO RUNTIME {"method":"Runtime.getIsolateId","id":100001148}
---

--- 2026-06-06T13:40:06.768Z debug
[InspectorProxyWorker] RUNTIME INCOMING MESSAGE { id: 100001148, result: { id: '1eee3444ae586db1' } }
---

--- 2026-06-06T13:40:16.781Z debug
[InspectorProxyWorker] SEND TO RUNTIME {"method":"Runtime.getIsolateId","id":100001149}
---

--- 2026-06-06T13:40:16.784Z debug
[InspectorProxyWorker] RUNTIME INCOMING MESSAGE { id: 100001149, result: { id: '1eee3444ae586db1' } }
---

--- 2026-06-06T13:40:26.777Z debug
[InspectorProxyWorker] SEND TO RUNTIME {"method":"Runtime.getIsolateId","id":100001150}
---

--- 2026-06-06T13:40:26.778Z debug
[InspectorProxyWorker] RUNTIME INCOMING MESSAGE { id: 100001150, result: { id: '1eee3444ae586db1' } }
---

--- 2026-06-06T13:40:36.782Z debug
[InspectorProxyWorker] SEND TO RUNTIME {"method":"Runtime.getIsolateId","id":100001151}
---

--- 2026-06-06T13:40:36.784Z debug
[InspectorProxyWorker] RUNTIME INCOMING MESSAGE { id: 100001151, result: { id: '1eee3444ae586db1' } }
---

--- 2026-06-06T13:40:46.786Z debug
[InspectorProxyWorker] RUNTIME INCOMING MESSAGE { id: 100001152, result: { id: '1eee3444ae586db1' } }
---

--- 2026-06-06T13:40:46.788Z debug
[InspectorProxyWorker] SEND TO RUNTIME {"method":"Runtime.getIsolateId","id":100001152}
---

--- 2026-06-06T13:40:56.796Z debug
[InspectorProxyWorker] SEND TO RUNTIME {"method":"Runtime.getIsolateId","id":100001153}
---

--- 2026-06-06T13:40:56.797Z debug
[InspectorProxyWorker] RUNTIME INCOMING MESSAGE { id: 100001153, result: { id: '1eee3444ae586db1' } }
---

--- 2026-06-06T13:41:06.813Z debug
[InspectorProxyWorker] SEND TO RUNTIME {"method":"Runtime.getIsolateId","id":100001154}
---

--- 2026-06-06T13:41:06.815Z debug
[InspectorProxyWorker] RUNTIME INCOMING MESSAGE { id: 100001154, result: { id: '1eee3444ae586db1' } }
---

--- 2026-06-06T13:41:16.815Z debug
[InspectorProxyWorker] RUNTIME INCOMING MESSAGE { id: 100001155, result: { id: '1eee3444ae586db1' } }
---

--- 2026-06-06T13:41:16.816Z debug
[InspectorProxyWorker] SEND TO RUNTIME {"method":"Runtime.getIsolateId","id":100001155}
---

--- 2026-06-06T13:41:26.822Z debug
[InspectorProxyWorker] RUNTIME INCOMING MESSAGE { id: 100001156, result: { id: '1eee3444ae586db1' } }
---

--- 2026-06-06T13:41:26.824Z debug
[InspectorProxyWorker] SEND TO RUNTIME {"method":"Runtime.getIsolateId","id":100001156}
---

--- 2026-06-06T13:41:36.828Z debug
[InspectorProxyWorker] RUNTIME INCOMING MESSAGE { id: 100001157, result: { id: '1eee3444ae586db1' } }
---

--- 2026-06-06T13:41:36.829Z debug
[InspectorProxyWorker] SEND TO RUNTIME {"method":"Runtime.getIsolateId","id":100001157}
---

--- 2026-06-06T13:41:46.835Z debug
[InspectorProxyWorker] RUNTIME INCOMING MESSAGE { id: 100001158, result: { id: '1eee3444ae586db1' } }
---

--- 2026-06-06T13:41:46.837Z debug
[InspectorProxyWorker] SEND TO RUNTIME {"method":"Runtime.getIsolateId","id":100001158}
---

--- 2026-06-06T13:41:56.832Z debug
[InspectorProxyWorker] RUNTIME INCOMING MESSAGE { id: 100001159, result: { id: '1eee3444ae586db1' } }
---

--- 2026-06-06T13:41:56.832Z debug
[InspectorProxyWorker] SEND TO RUNTIME {"method":"Runtime.getIsolateId","id":100001159}
---

--- 2026-06-06T13:42:06.844Z debug
[InspectorProxyWorker] RUNTIME INCOMING MESSAGE { id: 100001160, result: { id: '1eee3444ae586db1' } }
---

--- 2026-06-06T13:42:06.845Z debug
[InspectorProxyWorker] SEND TO RUNTIME {"method":"Runtime.getIsolateId","id":100001160}
---

--- 2026-06-06T13:42:16.850Z debug
[InspectorProxyWorker] SEND TO RUNTIME {"method":"Runtime.getIsolateId","id":100001161}
---

--- 2026-06-06T13:42:16.852Z debug
[InspectorProxyWorker] RUNTIME INCOMING MESSAGE { id: 100001161, result: { id: '1eee3444ae586db1' } }
---

--- 2026-06-06T13:42:26.864Z debug
[InspectorProxyWorker] SEND TO RUNTIME {"method":"Runtime.getIsolateId","id":100001162}
---

--- 2026-06-06T13:42:26.866Z debug
[InspectorProxyWorker] RUNTIME INCOMING MESSAGE { id: 100001162, result: { id: '1eee3444ae586db1' } }
---

--- 2026-06-06T13:42:36.863Z debug
[InspectorProxyWorker] SEND TO RUNTIME {"method":"Runtime.getIsolateId","id":100001163}
---

--- 2026-06-06T13:42:36.864Z debug
[InspectorProxyWorker] RUNTIME INCOMING MESSAGE { id: 100001163, result: { id: '1eee3444ae586db1' } }
---

--- 2026-06-06T13:42:46.878Z debug
[InspectorProxyWorker] SEND TO RUNTIME {"method":"Runtime.getIsolateId","id":100001164}
---

--- 2026-06-06T13:42:46.879Z debug
[InspectorProxyWorker] RUNTIME INCOMING MESSAGE { id: 100001164, result: { id: '1eee3444ae586db1' } }
---

--- 2026-06-06T13:42:56.878Z debug
[InspectorProxyWorker] SEND TO RUNTIME {"method":"Runtime.getIsolateId","id":100001165}
---

--- 2026-06-06T13:42:56.879Z debug
[InspectorProxyWorker] RUNTIME INCOMING MESSAGE { id: 100001165, result: { id: '1eee3444ae586db1' } }
---

--- 2026-06-06T13:43:06.882Z debug
[InspectorProxyWorker] RUNTIME INCOMING MESSAGE { id: 100001166, result: { id: '1eee3444ae586db1' } }
---

--- 2026-06-06T13:43:06.882Z debug
[InspectorProxyWorker] SEND TO RUNTIME {"method":"Runtime.getIsolateId","id":100001166}
---

--- 2026-06-06T13:43:16.883Z debug
[InspectorProxyWorker] SEND TO RUNTIME {"method":"Runtime.getIsolateId","id":100001167}
---

--- 2026-06-06T13:43:16.885Z debug
[InspectorProxyWorker] RUNTIME INCOMING MESSAGE { id: 100001167, result: { id: '1eee3444ae586db1' } }
---

--- 2026-06-06T13:43:26.887Z debug
[InspectorProxyWorker] RUNTIME INCOMING MESSAGE { id: 100001168, result: { id: '1eee3444ae586db1' } }
---

--- 2026-06-06T13:43:26.889Z debug
[InspectorProxyWorker] SEND TO RUNTIME {"method":"Runtime.getIsolateId","id":100001168}
---

--- 2026-06-06T13:43:36.898Z debug
[InspectorProxyWorker] RUNTIME INCOMING MESSAGE { id: 100001169, result: { id: '1eee3444ae586db1' } }
---

--- 2026-06-06T13:43:36.898Z debug
[InspectorProxyWorker] SEND TO RUNTIME {"method":"Runtime.getIsolateId","id":100001169}
---

--- 2026-06-06T13:43:46.906Z debug
[InspectorProxyWorker] RUNTIME INCOMING MESSAGE { id: 100001170, result: { id: '1eee3444ae586db1' } }
---

--- 2026-06-06T13:43:46.908Z debug
[InspectorProxyWorker] SEND TO RUNTIME {"method":"Runtime.getIsolateId","id":100001170}
---

--- 2026-06-06T13:43:56.914Z debug
[InspectorProxyWorker] RUNTIME INCOMING MESSAGE { id: 100001171, result: { id: '1eee3444ae586db1' } }
---

--- 2026-06-06T13:43:56.914Z debug
[InspectorProxyWorker] SEND TO RUNTIME {"method":"Runtime.getIsolateId","id":100001171}
---

--- 2026-06-06T13:44:06.921Z debug
[InspectorProxyWorker] RUNTIME INCOMING MESSAGE { id: 100001172, result: { id: '1eee3444ae586db1' } }
---

--- 2026-06-06T13:44:06.922Z debug
[InspectorProxyWorker] SEND TO RUNTIME {"method":"Runtime.getIsolateId","id":100001172}
---

--- 2026-06-06T13:44:16.926Z debug
[InspectorProxyWorker] RUNTIME INCOMING MESSAGE { id: 100001173, result: { id: '1eee3444ae586db1' } }
---

--- 2026-06-06T13:44:16.928Z debug
[InspectorProxyWorker] SEND TO RUNTIME {"method":"Runtime.getIsolateId","id":100001173}
---

--- 2026-06-06T13:44:26.937Z debug
[InspectorProxyWorker] RUNTIME INCOMING MESSAGE { id: 100001174, result: { id: '1eee3444ae586db1' } }
---

--- 2026-06-06T13:44:26.937Z debug
[InspectorProxyWorker] SEND TO RUNTIME {"method":"Runtime.getIsolateId","id":100001174}
---

--- 2026-06-06T13:44:36.949Z debug
[InspectorProxyWorker] RUNTIME INCOMING MESSAGE { id: 100001175, result: { id: '1eee3444ae586db1' } }
---

--- 2026-06-06T13:44:36.949Z debug
[InspectorProxyWorker] SEND TO RUNTIME {"method":"Runtime.getIsolateId","id":100001175}
---

--- 2026-06-06T13:44:46.951Z debug
[InspectorProxyWorker] RUNTIME INCOMING MESSAGE { id: 100001176, result: { id: '1eee3444ae586db1' } }
---

--- 2026-06-06T13:44:46.952Z debug
[InspectorProxyWorker] SEND TO RUNTIME {"method":"Runtime.getIsolateId","id":100001176}
---

--- 2026-06-06T13:44:56.954Z debug
[InspectorProxyWorker] SEND TO RUNTIME {"method":"Runtime.getIsolateId","id":100001177}
---

--- 2026-06-06T13:44:56.956Z debug
[InspectorProxyWorker] RUNTIME INCOMING MESSAGE { id: 100001177, result: { id: '1eee3444ae586db1' } }
---

--- 2026-06-06T13:45:06.961Z debug
[InspectorProxyWorker] RUNTIME INCOMING MESSAGE { id: 100001178, result: { id: '1eee3444ae586db1' } }
---

--- 2026-06-06T13:45:06.962Z debug
[InspectorProxyWorker] SEND TO RUNTIME {"method":"Runtime.getIsolateId","id":100001178}
---

--- 2026-06-06T13:45:16.964Z debug
[InspectorProxyWorker] RUNTIME INCOMING MESSAGE { id: 100001179, result: { id: '1eee3444ae586db1' } }
---

--- 2026-06-06T13:45:16.965Z debug
[InspectorProxyWorker] SEND TO RUNTIME {"method":"Runtime.getIsolateId","id":100001179}
---

--- 2026-06-06T13:45:26.964Z debug
[InspectorProxyWorker] RUNTIME INCOMING MESSAGE { id: 100001180, result: { id: '1eee3444ae586db1' } }
---

--- 2026-06-06T13:45:26.964Z debug
[InspectorProxyWorker] SEND TO RUNTIME {"method":"Runtime.getIsolateId","id":100001180}
---

--- 2026-06-06T13:45:36.967Z debug
[InspectorProxyWorker] SEND TO RUNTIME {"method":"Runtime.getIsolateId","id":100001181}
---

--- 2026-06-06T13:45:36.968Z debug
[InspectorProxyWorker] RUNTIME INCOMING MESSAGE { id: 100001181, result: { id: '1eee3444ae586db1' } }
---

--- 2026-06-06T13:45:46.971Z debug
[InspectorProxyWorker] RUNTIME INCOMING MESSAGE { id: 100001182, result: { id: '1eee3444ae586db1' } }
---

--- 2026-06-06T13:45:46.973Z debug
[InspectorProxyWorker] SEND TO RUNTIME {"method":"Runtime.getIsolateId","id":100001182}
---

--- 2026-06-06T13:45:56.982Z debug
[InspectorProxyWorker] RUNTIME INCOMING MESSAGE { id: 100001183, result: { id: '1eee3444ae586db1' } }
---

--- 2026-06-06T13:45:56.982Z debug
[InspectorProxyWorker] SEND TO RUNTIME {"method":"Runtime.getIsolateId","id":100001183}
---

--- 2026-06-06T13:46:06.983Z debug
[InspectorProxyWorker] RUNTIME INCOMING MESSAGE { id: 100001184, result: { id: '1eee3444ae586db1' } }
---

--- 2026-06-06T13:46:06.984Z debug
[InspectorProxyWorker] SEND TO RUNTIME {"method":"Runtime.getIsolateId","id":100001184}
---

--- 2026-06-06T13:46:16.988Z debug
[InspectorProxyWorker] RUNTIME INCOMING MESSAGE { id: 100001185, result: { id: '1eee3444ae586db1' } }
---

--- 2026-06-06T13:46:16.989Z debug
[InspectorProxyWorker] SEND TO RUNTIME {"method":"Runtime.getIsolateId","id":100001185}
---

--- 2026-06-06T13:46:26.983Z debug
[InspectorProxyWorker] SEND TO RUNTIME {"method":"Runtime.getIsolateId","id":100001186}
---

--- 2026-06-06T13:46:26.984Z debug
[InspectorProxyWorker] RUNTIME INCOMING MESSAGE { id: 100001186, result: { id: '1eee3444ae586db1' } }
---

--- 2026-06-06T13:46:36.986Z debug
[InspectorProxyWorker] RUNTIME INCOMING MESSAGE { id: 100001187, result: { id: '1eee3444ae586db1' } }
---

--- 2026-06-06T13:46:36.988Z debug
[InspectorProxyWorker] SEND TO RUNTIME {"method":"Runtime.getIsolateId","id":100001187}
---

--- 2026-06-06T13:46:46.999Z debug
[InspectorProxyWorker] SEND TO RUNTIME {"method":"Runtime.getIsolateId","id":100001188}
---

--- 2026-06-06T13:46:46.999Z debug
[InspectorProxyWorker] RUNTIME INCOMING MESSAGE { id: 100001188, result: { id: '1eee3444ae586db1' } }
---

--- 2026-06-06T13:46:57.004Z debug
[InspectorProxyWorker] RUNTIME INCOMING MESSAGE { id: 100001189, result: { id: '1eee3444ae586db1' } }
---

--- 2026-06-06T13:46:57.005Z debug
[InspectorProxyWorker] SEND TO RUNTIME {"method":"Runtime.getIsolateId","id":100001189}
---

--- 2026-06-06T13:47:07.015Z debug
[InspectorProxyWorker] SEND TO RUNTIME {"method":"Runtime.getIsolateId","id":100001190}
---

--- 2026-06-06T13:47:07.016Z debug
[InspectorProxyWorker] RUNTIME INCOMING MESSAGE { id: 100001190, result: { id: '1eee3444ae586db1' } }
---

--- 2026-06-06T13:47:17.021Z debug
[InspectorProxyWorker] SEND TO RUNTIME {"method":"Runtime.getIsolateId","id":100001191}
---

--- 2026-06-06T13:47:17.023Z debug
[InspectorProxyWorker] RUNTIME INCOMING MESSAGE { id: 100001191, result: { id: '1eee3444ae586db1' } }
---

--- 2026-06-06T13:47:27.018Z debug
[InspectorProxyWorker] SEND TO RUNTIME {"method":"Runtime.getIsolateId","id":100001192}
---

--- 2026-06-06T13:47:27.019Z debug
[InspectorProxyWorker] RUNTIME INCOMING MESSAGE { id: 100001192, result: { id: '1eee3444ae586db1' } }
---

--- 2026-06-06T13:47:37.019Z debug
[InspectorProxyWorker] SEND TO RUNTIME {"method":"Runtime.getIsolateId","id":100001193}
---

--- 2026-06-06T13:47:37.020Z debug
[InspectorProxyWorker] RUNTIME INCOMING MESSAGE { id: 100001193, result: { id: '1eee3444ae586db1' } }
---

--- 2026-06-06T13:47:47.025Z debug
[InspectorProxyWorker] RUNTIME INCOMING MESSAGE { id: 100001194, result: { id: '1eee3444ae586db1' } }
---

--- 2026-06-06T13:47:47.026Z debug
[InspectorProxyWorker] SEND TO RUNTIME {"method":"Runtime.getIsolateId","id":100001194}
---

--- 2026-06-06T13:47:57.025Z debug
[InspectorProxyWorker] SEND TO RUNTIME {"method":"Runtime.getIsolateId","id":100001195}
---

--- 2026-06-06T13:47:57.027Z debug
[InspectorProxyWorker] RUNTIME INCOMING MESSAGE { id: 100001195, result: { id: '1eee3444ae586db1' } }
---

--- 2026-06-06T13:48:07.033Z debug
[InspectorProxyWorker] SEND TO RUNTIME {"method":"Runtime.getIsolateId","id":100001196}
---

--- 2026-06-06T13:48:07.034Z debug
[InspectorProxyWorker] RUNTIME INCOMING MESSAGE { id: 100001196, result: { id: '1eee3444ae586db1' } }
---

--- 2026-06-06T13:48:17.034Z debug
[InspectorProxyWorker] SEND TO RUNTIME {"method":"Runtime.getIsolateId","id":100001197}
---

--- 2026-06-06T13:48:17.035Z debug
[InspectorProxyWorker] RUNTIME INCOMING MESSAGE { id: 100001197, result: { id: '1eee3444ae586db1' } }
---

--- 2026-06-06T13:48:27.040Z debug
[InspectorProxyWorker] RUNTIME INCOMING MESSAGE { id: 100001198, result: { id: '1eee3444ae586db1' } }
---

--- 2026-06-06T13:48:27.042Z debug
[InspectorProxyWorker] SEND TO RUNTIME {"method":"Runtime.getIsolateId","id":100001198}
---

--- 2026-06-06T13:48:37.053Z debug
[InspectorProxyWorker] SEND TO RUNTIME {"method":"Runtime.getIsolateId","id":100001199}
---

--- 2026-06-06T13:48:37.055Z debug
[InspectorProxyWorker] RUNTIME INCOMING MESSAGE { id: 100001199, result: { id: '1eee3444ae586db1' } }
---

--- 2026-06-06T13:48:47.057Z debug
[InspectorProxyWorker] RUNTIME INCOMING MESSAGE { id: 100001200, result: { id: '1eee3444ae586db1' } }
---

--- 2026-06-06T13:48:47.058Z debug
[InspectorProxyWorker] SEND TO RUNTIME {"method":"Runtime.getIsolateId","id":100001200}
---

--- 2026-06-06T13:48:57.065Z debug
[InspectorProxyWorker] SEND TO RUNTIME {"method":"Runtime.getIsolateId","id":100001201}
---

--- 2026-06-06T13:48:57.066Z debug
[InspectorProxyWorker] RUNTIME INCOMING MESSAGE { id: 100001201, result: { id: '1eee3444ae586db1' } }
---

--- 2026-06-06T13:49:07.072Z debug
[InspectorProxyWorker] SEND TO RUNTIME {"method":"Runtime.getIsolateId","id":100001202}
---

--- 2026-06-06T13:49:07.075Z debug
[InspectorProxyWorker] RUNTIME INCOMING MESSAGE { id: 100001202, result: { id: '1eee3444ae586db1' } }
---

--- 2026-06-06T13:49:17.068Z debug
[InspectorProxyWorker] SEND TO RUNTIME {"method":"Runtime.getIsolateId","id":100001203}
---

--- 2026-06-06T13:49:17.069Z debug
[InspectorProxyWorker] RUNTIME INCOMING MESSAGE { id: 100001203, result: { id: '1eee3444ae586db1' } }
---

--- 2026-06-06T13:49:27.084Z debug
[InspectorProxyWorker] RUNTIME INCOMING MESSAGE { id: 100001204, result: { id: '1eee3444ae586db1' } }
---

--- 2026-06-06T13:49:27.085Z debug
[InspectorProxyWorker] SEND TO RUNTIME {"method":"Runtime.getIsolateId","id":100001204}
---

--- 2026-06-06T13:49:37.085Z debug
[InspectorProxyWorker] SEND TO RUNTIME {"method":"Runtime.getIsolateId","id":100001205}
---

--- 2026-06-06T13:49:37.085Z debug
[InspectorProxyWorker] RUNTIME INCOMING MESSAGE { id: 100001205, result: { id: '1eee3444ae586db1' } }
---

--- 2026-06-06T13:49:47.086Z debug
[InspectorProxyWorker] RUNTIME INCOMING MESSAGE { id: 100001206, result: { id: '1eee3444ae586db1' } }
---

--- 2026-06-06T13:49:47.086Z debug
[InspectorProxyWorker] SEND TO RUNTIME {"method":"Runtime.getIsolateId","id":100001206}
---

--- 2026-06-06T13:49:57.106Z debug
[InspectorProxyWorker] RUNTIME INCOMING MESSAGE { id: 100001207, result: { id: '1eee3444ae586db1' } }
---

--- 2026-06-06T13:49:57.107Z debug
[InspectorProxyWorker] SEND TO RUNTIME {"method":"Runtime.getIsolateId","id":100001207}
---

--- 2026-06-06T13:50:07.108Z debug
[InspectorProxyWorker] RUNTIME INCOMING MESSAGE { id: 100001208, result: { id: '1eee3444ae586db1' } }
---

--- 2026-06-06T13:50:07.109Z debug
[InspectorProxyWorker] SEND TO RUNTIME {"method":"Runtime.getIsolateId","id":100001208}
---

--- 2026-06-06T13:50:17.122Z debug
[InspectorProxyWorker] SEND TO RUNTIME {"method":"Runtime.getIsolateId","id":100001209}
---

--- 2026-06-06T13:50:17.125Z debug
[InspectorProxyWorker] RUNTIME INCOMING MESSAGE { id: 100001209, result: { id: '1eee3444ae586db1' } }
---

--- 2026-06-06T13:50:27.136Z debug
[InspectorProxyWorker] RUNTIME INCOMING MESSAGE { id: 100001210, result: { id: '1eee3444ae586db1' } }
---

--- 2026-06-06T13:50:27.136Z debug
[InspectorProxyWorker] SEND TO RUNTIME {"method":"Runtime.getIsolateId","id":100001210}
---

--- 2026-06-06T13:50:37.141Z debug
[InspectorProxyWorker] SEND TO RUNTIME {"method":"Runtime.getIsolateId","id":100001211}
---

--- 2026-06-06T13:50:37.143Z debug
[InspectorProxyWorker] RUNTIME INCOMING MESSAGE { id: 100001211, result: { id: '1eee3444ae586db1' } }
---

--- 2026-06-06T13:50:47.154Z debug
[InspectorProxyWorker] RUNTIME INCOMING MESSAGE { id: 100001212, result: { id: '1eee3444ae586db1' } }
---

--- 2026-06-06T13:50:47.156Z debug
[InspectorProxyWorker] SEND TO RUNTIME {"method":"Runtime.getIsolateId","id":100001212}
---

--- 2026-06-06T13:50:57.165Z debug
[InspectorProxyWorker] SEND TO RUNTIME {"method":"Runtime.getIsolateId","id":100001213}
---

--- 2026-06-06T13:50:57.167Z debug
[InspectorProxyWorker] RUNTIME INCOMING MESSAGE { id: 100001213, result: { id: '1eee3444ae586db1' } }
---

--- 2026-06-06T13:51:07.174Z debug
[InspectorProxyWorker] RUNTIME INCOMING MESSAGE { id: 100001214, result: { id: '1eee3444ae586db1' } }
---

--- 2026-06-06T13:51:07.175Z debug
[InspectorProxyWorker] SEND TO RUNTIME {"method":"Runtime.getIsolateId","id":100001214}
---

--- 2026-06-06T13:51:17.170Z debug
[InspectorProxyWorker] SEND TO RUNTIME {"method":"Runtime.getIsolateId","id":100001215}
---

--- 2026-06-06T13:51:17.171Z debug
[InspectorProxyWorker] RUNTIME INCOMING MESSAGE { id: 100001215, result: { id: '1eee3444ae586db1' } }
---

--- 2026-06-06T13:51:27.175Z debug
[InspectorProxyWorker] RUNTIME INCOMING MESSAGE { id: 100001216, result: { id: '1eee3444ae586db1' } }
---

--- 2026-06-06T13:51:27.177Z debug
[InspectorProxyWorker] SEND TO RUNTIME {"method":"Runtime.getIsolateId","id":100001216}
---

--- 2026-06-06T13:51:37.186Z debug
[InspectorProxyWorker] RUNTIME INCOMING MESSAGE { id: 100001217, result: { id: '1eee3444ae586db1' } }
---

--- 2026-06-06T13:51:37.187Z debug
[InspectorProxyWorker] SEND TO RUNTIME {"method":"Runtime.getIsolateId","id":100001217}
---

--- 2026-06-06T13:51:47.199Z debug
[InspectorProxyWorker] SEND TO RUNTIME {"method":"Runtime.getIsolateId","id":100001218}
---

--- 2026-06-06T13:51:47.199Z debug
[InspectorProxyWorker] RUNTIME INCOMING MESSAGE { id: 100001218, result: { id: '1eee3444ae586db1' } }
---

--- 2026-06-06T13:51:57.204Z debug
[InspectorProxyWorker] SEND TO RUNTIME {"method":"Runtime.getIsolateId","id":100001219}
---

--- 2026-06-06T13:51:57.204Z debug
[InspectorProxyWorker] RUNTIME INCOMING MESSAGE { id: 100001219, result: { id: '1eee3444ae586db1' } }
---

--- 2026-06-06T13:52:07.208Z debug
[InspectorProxyWorker] RUNTIME INCOMING MESSAGE { id: 100001220, result: { id: '1eee3444ae586db1' } }
---

--- 2026-06-06T13:52:07.210Z debug
[InspectorProxyWorker] SEND TO RUNTIME {"method":"Runtime.getIsolateId","id":100001220}
---

--- 2026-06-06T13:52:17.217Z debug
[InspectorProxyWorker] RUNTIME INCOMING MESSAGE { id: 100001221, result: { id: '1eee3444ae586db1' } }
---

--- 2026-06-06T13:52:17.218Z debug
[InspectorProxyWorker] SEND TO RUNTIME {"method":"Runtime.getIsolateId","id":100001221}
---

--- 2026-06-06T13:52:27.221Z debug
[InspectorProxyWorker] RUNTIME INCOMING MESSAGE { id: 100001222, result: { id: '1eee3444ae586db1' } }
---

--- 2026-06-06T13:52:27.222Z debug
[InspectorProxyWorker] SEND TO RUNTIME {"method":"Runtime.getIsolateId","id":100001222}
---

--- 2026-06-06T13:52:37.239Z debug
[InspectorProxyWorker] RUNTIME INCOMING MESSAGE { id: 100001223, result: { id: '1eee3444ae586db1' } }
---

--- 2026-06-06T13:52:37.240Z debug
[InspectorProxyWorker] SEND TO RUNTIME {"method":"Runtime.getIsolateId","id":100001223}
---

--- 2026-06-06T13:52:47.239Z debug
[InspectorProxyWorker] RUNTIME INCOMING MESSAGE { id: 100001224, result: { id: '1eee3444ae586db1' } }
---

--- 2026-06-06T13:52:47.239Z debug
[InspectorProxyWorker] SEND TO RUNTIME {"method":"Runtime.getIsolateId","id":100001224}
---

--- 2026-06-06T13:52:57.241Z debug
[InspectorProxyWorker] SEND TO RUNTIME {"method":"Runtime.getIsolateId","id":100001225}
---

--- 2026-06-06T13:52:57.241Z debug
[InspectorProxyWorker] RUNTIME INCOMING MESSAGE { id: 100001225, result: { id: '1eee3444ae586db1' } }
---

--- 2026-06-06T13:53:07.238Z debug
[InspectorProxyWorker] SEND TO RUNTIME {"method":"Runtime.getIsolateId","id":100001226}
---

--- 2026-06-06T13:53:07.238Z debug
[InspectorProxyWorker] RUNTIME INCOMING MESSAGE { id: 100001226, result: { id: '1eee3444ae586db1' } }
---

--- 2026-06-06T13:53:17.238Z debug
[InspectorProxyWorker] SEND TO RUNTIME {"method":"Runtime.getIsolateId","id":100001227}
---

--- 2026-06-06T13:53:17.238Z debug
[InspectorProxyWorker] RUNTIME INCOMING MESSAGE { id: 100001227, result: { id: '1eee3444ae586db1' } }
---

--- 2026-06-06T13:53:27.250Z debug
[InspectorProxyWorker] SEND TO RUNTIME {"method":"Runtime.getIsolateId","id":100001228}
---

--- 2026-06-06T13:53:27.250Z debug
[InspectorProxyWorker] RUNTIME INCOMING MESSAGE { id: 100001228, result: { id: '1eee3444ae586db1' } }
---

--- 2026-06-06T13:53:37.251Z debug
[InspectorProxyWorker] SEND TO RUNTIME {"method":"Runtime.getIsolateId","id":100001229}
---

--- 2026-06-06T13:53:37.252Z debug
[InspectorProxyWorker] RUNTIME INCOMING MESSAGE { id: 100001229, result: { id: '1eee3444ae586db1' } }
---

--- 2026-06-06T13:53:47.252Z debug
[InspectorProxyWorker] RUNTIME INCOMING MESSAGE { id: 100001230, result: { id: '1eee3444ae586db1' } }
---

--- 2026-06-06T13:53:47.252Z debug
[InspectorProxyWorker] SEND TO RUNTIME {"method":"Runtime.getIsolateId","id":100001230}
---

--- 2026-06-06T13:53:57.254Z debug
[InspectorProxyWorker] RUNTIME INCOMING MESSAGE { id: 100001231, result: { id: '1eee3444ae586db1' } }
---

--- 2026-06-06T13:53:57.255Z debug
[InspectorProxyWorker] SEND TO RUNTIME {"method":"Runtime.getIsolateId","id":100001231}
---

--- 2026-06-06T13:54:07.270Z debug
[InspectorProxyWorker] RUNTIME INCOMING MESSAGE { id: 100001232, result: { id: '1eee3444ae586db1' } }
---

--- 2026-06-06T13:54:07.270Z debug
[InspectorProxyWorker] SEND TO RUNTIME {"method":"Runtime.getIsolateId","id":100001232}
---

--- 2026-06-06T13:54:17.270Z debug
[InspectorProxyWorker] SEND TO RUNTIME {"method":"Runtime.getIsolateId","id":100001233}
---

--- 2026-06-06T13:54:17.271Z debug
[InspectorProxyWorker] RUNTIME INCOMING MESSAGE { id: 100001233, result: { id: '1eee3444ae586db1' } }
---

--- 2026-06-06T13:54:27.271Z debug
[InspectorProxyWorker] RUNTIME INCOMING MESSAGE { id: 100001234, result: { id: '1eee3444ae586db1' } }
---

--- 2026-06-06T13:54:27.271Z debug
[InspectorProxyWorker] SEND TO RUNTIME {"method":"Runtime.getIsolateId","id":100001234}
---

--- 2026-06-06T13:54:37.279Z debug
[InspectorProxyWorker] RUNTIME INCOMING MESSAGE { id: 100001235, result: { id: '1eee3444ae586db1' } }
---

--- 2026-06-06T13:54:37.280Z debug
[InspectorProxyWorker] SEND TO RUNTIME {"method":"Runtime.getIsolateId","id":100001235}
---

--- 2026-06-06T13:54:47.287Z debug
[InspectorProxyWorker] SEND TO RUNTIME {"method":"Runtime.getIsolateId","id":100001236}
---

--- 2026-06-06T13:54:47.287Z debug
[InspectorProxyWorker] RUNTIME INCOMING MESSAGE { id: 100001236, result: { id: '1eee3444ae586db1' } }
---

--- 2026-06-06T13:54:57.292Z debug
[InspectorProxyWorker] RUNTIME INCOMING MESSAGE { id: 100001237, result: { id: '1eee3444ae586db1' } }
---

--- 2026-06-06T13:54:57.293Z debug
[InspectorProxyWorker] SEND TO RUNTIME {"method":"Runtime.getIsolateId","id":100001237}
---

--- 2026-06-06T13:55:07.307Z debug
[InspectorProxyWorker] SEND TO RUNTIME {"method":"Runtime.getIsolateId","id":100001238}
---

--- 2026-06-06T13:55:07.309Z debug
[InspectorProxyWorker] RUNTIME INCOMING MESSAGE { id: 100001238, result: { id: '1eee3444ae586db1' } }
---

--- 2026-06-06T13:55:17.310Z debug
[InspectorProxyWorker] SEND TO RUNTIME {"method":"Runtime.getIsolateId","id":100001239}
---

--- 2026-06-06T13:55:17.312Z debug
[InspectorProxyWorker] RUNTIME INCOMING MESSAGE { id: 100001239, result: { id: '1eee3444ae586db1' } }
---

--- 2026-06-06T13:55:27.321Z debug
[InspectorProxyWorker] SEND TO RUNTIME {"method":"Runtime.getIsolateId","id":100001240}
---

--- 2026-06-06T13:55:27.321Z debug
[InspectorProxyWorker] RUNTIME INCOMING MESSAGE { id: 100001240, result: { id: '1eee3444ae586db1' } }
---

--- 2026-06-06T13:55:37.326Z debug
[InspectorProxyWorker] RUNTIME INCOMING MESSAGE { id: 100001241, result: { id: '1eee3444ae586db1' } }
---

--- 2026-06-06T13:55:37.328Z debug
[InspectorProxyWorker] SEND TO RUNTIME {"method":"Runtime.getIsolateId","id":100001241}
---

--- 2026-06-06T13:55:47.326Z debug
[InspectorProxyWorker] SEND TO RUNTIME {"method":"Runtime.getIsolateId","id":100001242}
---

--- 2026-06-06T13:55:47.327Z debug
[InspectorProxyWorker] RUNTIME INCOMING MESSAGE { id: 100001242, result: { id: '1eee3444ae586db1' } }
---

--- 2026-06-06T13:55:57.342Z debug
[InspectorProxyWorker] SEND TO RUNTIME {"method":"Runtime.getIsolateId","id":100001243}
---

--- 2026-06-06T13:55:57.345Z debug
[InspectorProxyWorker] RUNTIME INCOMING MESSAGE { id: 100001243, result: { id: '1eee3444ae586db1' } }
---

--- 2026-06-06T13:56:07.343Z debug
[InspectorProxyWorker] SEND TO RUNTIME {"method":"Runtime.getIsolateId","id":100001244}
---

--- 2026-06-06T13:56:07.345Z debug
[InspectorProxyWorker] RUNTIME INCOMING MESSAGE { id: 100001244, result: { id: '1eee3444ae586db1' } }
---

--- 2026-06-06T13:56:17.344Z debug
[InspectorProxyWorker] RUNTIME INCOMING MESSAGE { id: 100001245, result: { id: '1eee3444ae586db1' } }
---

--- 2026-06-06T13:56:17.346Z debug
[InspectorProxyWorker] SEND TO RUNTIME {"method":"Runtime.getIsolateId","id":100001245}
---

--- 2026-06-06T13:56:27.353Z debug
[InspectorProxyWorker] SEND TO RUNTIME {"method":"Runtime.getIsolateId","id":100001246}
---

--- 2026-06-06T13:56:27.354Z debug
[InspectorProxyWorker] RUNTIME INCOMING MESSAGE { id: 100001246, result: { id: '1eee3444ae586db1' } }
---

--- 2026-06-06T13:56:37.354Z debug
[InspectorProxyWorker] SEND TO RUNTIME {"method":"Runtime.getIsolateId","id":100001247}
---

--- 2026-06-06T13:56:37.355Z debug
[InspectorProxyWorker] RUNTIME INCOMING MESSAGE { id: 100001247, result: { id: '1eee3444ae586db1' } }
---

--- 2026-06-06T13:56:47.356Z debug
[InspectorProxyWorker] RUNTIME INCOMING MESSAGE { id: 100001248, result: { id: '1eee3444ae586db1' } }
---

--- 2026-06-06T13:56:47.356Z debug
[InspectorProxyWorker] SEND TO RUNTIME {"method":"Runtime.getIsolateId","id":100001248}
---

--- 2026-06-06T13:56:57.360Z debug
[InspectorProxyWorker] SEND TO RUNTIME {"method":"Runtime.getIsolateId","id":100001249}
---

--- 2026-06-06T13:56:57.362Z debug
[InspectorProxyWorker] RUNTIME INCOMING MESSAGE { id: 100001249, result: { id: '1eee3444ae586db1' } }
---

--- 2026-06-06T13:57:07.371Z debug
[InspectorProxyWorker] SEND TO RUNTIME {"method":"Runtime.getIsolateId","id":100001250}
---

--- 2026-06-06T13:57:07.372Z debug
[InspectorProxyWorker] RUNTIME INCOMING MESSAGE { id: 100001250, result: { id: '1eee3444ae586db1' } }
---

--- 2026-06-06T13:57:17.380Z debug
[InspectorProxyWorker] SEND TO RUNTIME {"method":"Runtime.getIsolateId","id":100001251}
---

--- 2026-06-06T13:57:17.382Z debug
[InspectorProxyWorker] RUNTIME INCOMING MESSAGE { id: 100001251, result: { id: '1eee3444ae586db1' } }
---

--- 2026-06-06T13:57:27.377Z debug
[InspectorProxyWorker] RUNTIME INCOMING MESSAGE { id: 100001252, result: { id: '1eee3444ae586db1' } }
---

--- 2026-06-06T13:57:27.379Z debug
[InspectorProxyWorker] SEND TO RUNTIME {"method":"Runtime.getIsolateId","id":100001252}
---

--- 2026-06-06T13:57:37.394Z debug
[InspectorProxyWorker] RUNTIME INCOMING MESSAGE { id: 100001253, result: { id: '1eee3444ae586db1' } }
---

--- 2026-06-06T13:57:37.396Z debug
[InspectorProxyWorker] SEND TO RUNTIME {"method":"Runtime.getIsolateId","id":100001253}
---

--- 2026-06-06T13:57:47.402Z debug
[InspectorProxyWorker] RUNTIME INCOMING MESSAGE { id: 100001254, result: { id: '1eee3444ae586db1' } }
---

--- 2026-06-06T13:57:47.403Z debug
[InspectorProxyWorker] SEND TO RUNTIME {"method":"Runtime.getIsolateId","id":100001254}
---

--- 2026-06-06T13:57:57.405Z debug
[InspectorProxyWorker] SEND TO RUNTIME {"method":"Runtime.getIsolateId","id":100001255}
---

--- 2026-06-06T13:57:57.406Z debug
[InspectorProxyWorker] RUNTIME INCOMING MESSAGE { id: 100001255, result: { id: '1eee3444ae586db1' } }
---

--- 2026-06-06T13:58:07.408Z debug
[InspectorProxyWorker] SEND TO RUNTIME {"method":"Runtime.getIsolateId","id":100001256}
---

--- 2026-06-06T13:58:07.409Z debug
[InspectorProxyWorker] RUNTIME INCOMING MESSAGE { id: 100001256, result: { id: '1eee3444ae586db1' } }
---

--- 2026-06-06T13:58:17.408Z debug
[InspectorProxyWorker] SEND TO RUNTIME {"method":"Runtime.getIsolateId","id":100001257}
---

--- 2026-06-06T13:58:17.408Z debug
[InspectorProxyWorker] RUNTIME INCOMING MESSAGE { id: 100001257, result: { id: '1eee3444ae586db1' } }
---

--- 2026-06-06T13:58:27.422Z debug
[InspectorProxyWorker] SEND TO RUNTIME {"method":"Runtime.getIsolateId","id":100001258}
---

--- 2026-06-06T13:58:27.422Z debug
[InspectorProxyWorker] RUNTIME INCOMING MESSAGE { id: 100001258, result: { id: '1eee3444ae586db1' } }
---

--- 2026-06-06T13:58:37.423Z debug
[InspectorProxyWorker] SEND TO RUNTIME {"method":"Runtime.getIsolateId","id":100001259}
---

--- 2026-06-06T13:58:37.424Z debug
[InspectorProxyWorker] RUNTIME INCOMING MESSAGE { id: 100001259, result: { id: '1eee3444ae586db1' } }
---

--- 2026-06-06T13:58:47.438Z debug
[InspectorProxyWorker] RUNTIME INCOMING MESSAGE { id: 100001260, result: { id: '1eee3444ae586db1' } }
---

--- 2026-06-06T13:58:47.439Z debug
[InspectorProxyWorker] SEND TO RUNTIME {"method":"Runtime.getIsolateId","id":100001260}
---

--- 2026-06-06T13:58:57.454Z debug
[InspectorProxyWorker] SEND TO RUNTIME {"method":"Runtime.getIsolateId","id":100001261}
---

--- 2026-06-06T13:58:57.455Z debug
[InspectorProxyWorker] RUNTIME INCOMING MESSAGE { id: 100001261, result: { id: '1eee3444ae586db1' } }
---

--- 2026-06-06T13:59:07.455Z debug
[InspectorProxyWorker] SEND TO RUNTIME {"method":"Runtime.getIsolateId","id":100001262}
---

--- 2026-06-06T13:59:07.456Z debug
[InspectorProxyWorker] RUNTIME INCOMING MESSAGE { id: 100001262, result: { id: '1eee3444ae586db1' } }
---

--- 2026-06-06T13:59:17.465Z debug
[InspectorProxyWorker] RUNTIME INCOMING MESSAGE { id: 100001263, result: { id: '1eee3444ae586db1' } }
---

--- 2026-06-06T13:59:17.465Z debug
[InspectorProxyWorker] SEND TO RUNTIME {"method":"Runtime.getIsolateId","id":100001263}
---

--- 2026-06-06T13:59:27.467Z debug
[InspectorProxyWorker] RUNTIME INCOMING MESSAGE { id: 100001264, result: { id: '1eee3444ae586db1' } }
---

--- 2026-06-06T13:59:27.468Z debug
[InspectorProxyWorker] SEND TO RUNTIME {"method":"Runtime.getIsolateId","id":100001264}
---

--- 2026-06-06T13:59:37.473Z debug
[InspectorProxyWorker] RUNTIME INCOMING MESSAGE { id: 100001265, result: { id: '1eee3444ae586db1' } }
---

--- 2026-06-06T13:59:37.473Z debug
[InspectorProxyWorker] SEND TO RUNTIME {"method":"Runtime.getIsolateId","id":100001265}
---

--- 2026-06-06T13:59:47.474Z debug
[InspectorProxyWorker] SEND TO RUNTIME {"method":"Runtime.getIsolateId","id":100001266}
---

--- 2026-06-06T13:59:47.474Z debug
[InspectorProxyWorker] RUNTIME INCOMING MESSAGE { id: 100001266, result: { id: '1eee3444ae586db1' } }
---

--- 2026-06-06T13:59:57.492Z debug
[InspectorProxyWorker] RUNTIME INCOMING MESSAGE { id: 100001267, result: { id: '1eee3444ae586db1' } }
---

--- 2026-06-06T13:59:57.493Z debug
[InspectorProxyWorker] SEND TO RUNTIME {"method":"Runtime.getIsolateId","id":100001267}
---

--- 2026-06-06T14:00:07.491Z debug
[InspectorProxyWorker] SEND TO RUNTIME {"method":"Runtime.getIsolateId","id":100001268}
---

--- 2026-06-06T14:00:07.491Z debug
[InspectorProxyWorker] RUNTIME INCOMING MESSAGE { id: 100001268, result: { id: '1eee3444ae586db1' } }
---

--- 2026-06-06T14:00:17.492Z debug
[InspectorProxyWorker] SEND TO RUNTIME {"method":"Runtime.getIsolateId","id":100001269}
---

--- 2026-06-06T14:00:17.492Z debug
[InspectorProxyWorker] RUNTIME INCOMING MESSAGE { id: 100001269, result: { id: '1eee3444ae586db1' } }
---

--- 2026-06-06T14:00:27.505Z debug
[InspectorProxyWorker] SEND TO RUNTIME {"method":"Runtime.getIsolateId","id":100001270}
---

--- 2026-06-06T14:00:27.506Z debug
[InspectorProxyWorker] RUNTIME INCOMING MESSAGE { id: 100001270, result: { id: '1eee3444ae586db1' } }
---

--- 2026-06-06T14:00:37.508Z debug
[InspectorProxyWorker] SEND TO RUNTIME {"method":"Runtime.getIsolateId","id":100001271}
---

--- 2026-06-06T14:00:37.508Z debug
[InspectorProxyWorker] RUNTIME INCOMING MESSAGE { id: 100001271, result: { id: '1eee3444ae586db1' } }
---

--- 2026-06-06T14:00:47.524Z debug
[InspectorProxyWorker] SEND TO RUNTIME {"method":"Runtime.getIsolateId","id":100001272}
---

--- 2026-06-06T14:00:47.524Z debug
[InspectorProxyWorker] RUNTIME INCOMING MESSAGE { id: 100001272, result: { id: '1eee3444ae586db1' } }
---

--- 2026-06-06T14:00:57.539Z debug
[InspectorProxyWorker] SEND TO RUNTIME {"method":"Runtime.getIsolateId","id":100001273}
---

--- 2026-06-06T14:00:57.540Z debug
[InspectorProxyWorker] RUNTIME INCOMING MESSAGE { id: 100001273, result: { id: '1eee3444ae586db1' } }
---

--- 2026-06-06T14:01:07.541Z debug
[InspectorProxyWorker] SEND TO RUNTIME {"method":"Runtime.getIsolateId","id":100001274}
---

--- 2026-06-06T14:01:07.541Z debug
[InspectorProxyWorker] RUNTIME INCOMING MESSAGE { id: 100001274, result: { id: '1eee3444ae586db1' } }
---

--- 2026-06-06T14:01:17.542Z debug
[InspectorProxyWorker] SEND TO RUNTIME {"method":"Runtime.getIsolateId","id":100001275}
---

--- 2026-06-06T14:01:17.543Z debug
[InspectorProxyWorker] RUNTIME INCOMING MESSAGE { id: 100001275, result: { id: '1eee3444ae586db1' } }
---

--- 2026-06-06T14:01:27.557Z debug
[InspectorProxyWorker] SEND TO RUNTIME {"method":"Runtime.getIsolateId","id":100001276}
---

--- 2026-06-06T14:01:27.558Z debug
[InspectorProxyWorker] RUNTIME INCOMING MESSAGE { id: 100001276, result: { id: '1eee3444ae586db1' } }
---

--- 2026-06-06T14:01:37.558Z debug
[InspectorProxyWorker] RUNTIME INCOMING MESSAGE { id: 100001277, result: { id: '1eee3444ae586db1' } }
---

--- 2026-06-06T14:01:37.559Z debug
[InspectorProxyWorker] SEND TO RUNTIME {"method":"Runtime.getIsolateId","id":100001277}
---

--- 2026-06-06T14:01:47.576Z debug
[InspectorProxyWorker] RUNTIME INCOMING MESSAGE { id: 100001278, result: { id: '1eee3444ae586db1' } }
---

--- 2026-06-06T14:01:47.578Z debug
[InspectorProxyWorker] SEND TO RUNTIME {"method":"Runtime.getIsolateId","id":100001278}
---

--- 2026-06-06T14:01:57.587Z debug
[InspectorProxyWorker] RUNTIME INCOMING MESSAGE { id: 100001279, result: { id: '1eee3444ae586db1' } }
---

--- 2026-06-06T14:01:57.587Z debug
[InspectorProxyWorker] SEND TO RUNTIME {"method":"Runtime.getIsolateId","id":100001279}
---

--- 2026-06-06T14:02:07.599Z debug
[InspectorProxyWorker] SEND TO RUNTIME {"method":"Runtime.getIsolateId","id":100001280}
---

--- 2026-06-06T14:02:07.600Z debug
[InspectorProxyWorker] RUNTIME INCOMING MESSAGE { id: 100001280, result: { id: '1eee3444ae586db1' } }
---

--- 2026-06-06T14:02:17.604Z debug
[InspectorProxyWorker] SEND TO RUNTIME {"method":"Runtime.getIsolateId","id":100001281}
---

--- 2026-06-06T14:02:17.606Z debug
[InspectorProxyWorker] RUNTIME INCOMING MESSAGE { id: 100001281, result: { id: '1eee3444ae586db1' } }
---

--- 2026-06-06T14:02:27.605Z debug
[InspectorProxyWorker] SEND TO RUNTIME {"method":"Runtime.getIsolateId","id":100001282}
---

--- 2026-06-06T14:02:27.605Z debug
[InspectorProxyWorker] RUNTIME INCOMING MESSAGE { id: 100001282, result: { id: '1eee3444ae586db1' } }
---

--- 2026-06-06T14:02:37.608Z debug
[InspectorProxyWorker] SEND TO RUNTIME {"method":"Runtime.getIsolateId","id":100001283}
---

--- 2026-06-06T14:02:37.608Z debug
[InspectorProxyWorker] RUNTIME INCOMING MESSAGE { id: 100001283, result: { id: '1eee3444ae586db1' } }
---

--- 2026-06-06T14:02:47.609Z debug
[InspectorProxyWorker] SEND TO RUNTIME {"method":"Runtime.getIsolateId","id":100001284}
---

--- 2026-06-06T14:02:47.610Z debug
[InspectorProxyWorker] RUNTIME INCOMING MESSAGE { id: 100001284, result: { id: '1eee3444ae586db1' } }
---

--- 2026-06-06T14:02:57.613Z debug
[InspectorProxyWorker] RUNTIME INCOMING MESSAGE { id: 100001285, result: { id: '1eee3444ae586db1' } }
---

--- 2026-06-06T14:02:57.614Z debug
[InspectorProxyWorker] SEND TO RUNTIME {"method":"Runtime.getIsolateId","id":100001285}
---

--- 2026-06-06T14:03:07.624Z debug
[InspectorProxyWorker] RUNTIME INCOMING MESSAGE { id: 100001286, result: { id: '1eee3444ae586db1' } }
---

--- 2026-06-06T14:03:07.624Z debug
[InspectorProxyWorker] SEND TO RUNTIME {"method":"Runtime.getIsolateId","id":100001286}
---

--- 2026-06-06T14:03:17.625Z debug
[InspectorProxyWorker] RUNTIME INCOMING MESSAGE { id: 100001287, result: { id: '1eee3444ae586db1' } }
---

--- 2026-06-06T14:03:17.626Z debug
[InspectorProxyWorker] SEND TO RUNTIME {"method":"Runtime.getIsolateId","id":100001287}
---

--- 2026-06-06T14:03:27.634Z debug
[InspectorProxyWorker] RUNTIME INCOMING MESSAGE { id: 100001288, result: { id: '1eee3444ae586db1' } }
---

--- 2026-06-06T14:03:27.634Z debug
[InspectorProxyWorker] SEND TO RUNTIME {"method":"Runtime.getIsolateId","id":100001288}
---

--- 2026-06-06T14:03:37.639Z debug
[InspectorProxyWorker] RUNTIME INCOMING MESSAGE { id: 100001289, result: { id: '1eee3444ae586db1' } }
---

--- 2026-06-06T14:03:37.640Z debug
[InspectorProxyWorker] SEND TO RUNTIME {"method":"Runtime.getIsolateId","id":100001289}
---

--- 2026-06-06T14:03:47.642Z debug
[InspectorProxyWorker] SEND TO RUNTIME {"method":"Runtime.getIsolateId","id":100001290}
---

--- 2026-06-06T14:03:47.642Z debug
[InspectorProxyWorker] RUNTIME INCOMING MESSAGE { id: 100001290, result: { id: '1eee3444ae586db1' } }
---

--- 2026-06-06T14:03:57.642Z debug
[InspectorProxyWorker] SEND TO RUNTIME {"method":"Runtime.getIsolateId","id":100001291}
---

--- 2026-06-06T14:03:57.643Z debug
[InspectorProxyWorker] RUNTIME INCOMING MESSAGE { id: 100001291, result: { id: '1eee3444ae586db1' } }
---

--- 2026-06-06T14:04:07.657Z debug
[InspectorProxyWorker] SEND TO RUNTIME {"method":"Runtime.getIsolateId","id":100001292}
---

--- 2026-06-06T14:04:07.657Z debug
[InspectorProxyWorker] RUNTIME INCOMING MESSAGE { id: 100001292, result: { id: '1eee3444ae586db1' } }
---

--- 2026-06-06T14:04:17.660Z debug
[InspectorProxyWorker] SEND TO RUNTIME {"method":"Runtime.getIsolateId","id":100001293}
---

--- 2026-06-06T14:04:17.661Z debug
[InspectorProxyWorker] RUNTIME INCOMING MESSAGE { id: 100001293, result: { id: '1eee3444ae586db1' } }
---

--- 2026-06-06T14:04:27.676Z debug
[InspectorProxyWorker] SEND TO RUNTIME {"method":"Runtime.getIsolateId","id":100001294}
---

--- 2026-06-06T14:04:27.677Z debug
[InspectorProxyWorker] RUNTIME INCOMING MESSAGE { id: 100001294, result: { id: '1eee3444ae586db1' } }
---

--- 2026-06-06T14:04:37.693Z debug
[InspectorProxyWorker] RUNTIME INCOMING MESSAGE { id: 100001295, result: { id: '1eee3444ae586db1' } }
---

--- 2026-06-06T14:04:37.695Z debug
[InspectorProxyWorker] SEND TO RUNTIME {"method":"Runtime.getIsolateId","id":100001295}
---

--- 2026-06-06T14:04:47.693Z debug
[InspectorProxyWorker] SEND TO RUNTIME {"method":"Runtime.getIsolateId","id":100001296}
---

--- 2026-06-06T14:04:47.694Z debug
[InspectorProxyWorker] RUNTIME INCOMING MESSAGE { id: 100001296, result: { id: '1eee3444ae586db1' } }
---

--- 2026-06-06T14:04:57.693Z debug
[InspectorProxyWorker] SEND TO RUNTIME {"method":"Runtime.getIsolateId","id":100001297}
---

--- 2026-06-06T14:04:57.694Z debug
[InspectorProxyWorker] RUNTIME INCOMING MESSAGE { id: 100001297, result: { id: '1eee3444ae586db1' } }
---

--- 2026-06-06T14:05:07.694Z debug
[InspectorProxyWorker] SEND TO RUNTIME {"method":"Runtime.getIsolateId","id":100001298}
---

--- 2026-06-06T14:05:07.695Z debug
[InspectorProxyWorker] RUNTIME INCOMING MESSAGE { id: 100001298, result: { id: '1eee3444ae586db1' } }
---

--- 2026-06-06T14:05:17.706Z debug
[InspectorProxyWorker] SEND TO RUNTIME {"method":"Runtime.getIsolateId","id":100001299}
---

--- 2026-06-06T14:05:17.706Z debug
[InspectorProxyWorker] RUNTIME INCOMING MESSAGE { id: 100001299, result: { id: '1eee3444ae586db1' } }
---

--- 2026-06-06T14:05:27.710Z debug
[InspectorProxyWorker] SEND TO RUNTIME {"method":"Runtime.getIsolateId","id":100001300}
---

--- 2026-06-06T14:05:27.710Z debug
[InspectorProxyWorker] RUNTIME INCOMING MESSAGE { id: 100001300, result: { id: '1eee3444ae586db1' } }
---

--- 2026-06-06T14:05:37.711Z debug
[InspectorProxyWorker] RUNTIME INCOMING MESSAGE { id: 100001301, result: { id: '1eee3444ae586db1' } }
---

--- 2026-06-06T14:05:37.712Z debug
[InspectorProxyWorker] SEND TO RUNTIME {"method":"Runtime.getIsolateId","id":100001301}
---

--- 2026-06-06T14:05:47.724Z debug
[InspectorProxyWorker] SEND TO RUNTIME {"method":"Runtime.getIsolateId","id":100001302}
---

--- 2026-06-06T14:05:47.724Z debug
[InspectorProxyWorker] RUNTIME INCOMING MESSAGE { id: 100001302, result: { id: '1eee3444ae586db1' } }
---

--- 2026-06-06T14:05:57.726Z debug
[InspectorProxyWorker] RUNTIME INCOMING MESSAGE { id: 100001303, result: { id: '1eee3444ae586db1' } }
---

--- 2026-06-06T14:05:57.726Z debug
[InspectorProxyWorker] SEND TO RUNTIME {"method":"Runtime.getIsolateId","id":100001303}
---

--- 2026-06-06T14:06:07.741Z debug
[InspectorProxyWorker] SEND TO RUNTIME {"method":"Runtime.getIsolateId","id":100001304}
---

--- 2026-06-06T14:06:07.742Z debug
[InspectorProxyWorker] RUNTIME INCOMING MESSAGE { id: 100001304, result: { id: '1eee3444ae586db1' } }
---

--- 2026-06-06T14:06:17.750Z debug
[InspectorProxyWorker] SEND TO RUNTIME {"method":"Runtime.getIsolateId","id":100001305}
---

--- 2026-06-06T14:06:17.752Z debug
[InspectorProxyWorker] RUNTIME INCOMING MESSAGE { id: 100001305, result: { id: '1eee3444ae586db1' } }
---

--- 2026-06-06T14:06:27.759Z debug
[InspectorProxyWorker] SEND TO RUNTIME {"method":"Runtime.getIsolateId","id":100001306}
---

--- 2026-06-06T14:06:27.760Z debug
[InspectorProxyWorker] RUNTIME INCOMING MESSAGE { id: 100001306, result: { id: '1eee3444ae586db1' } }
---

--- 2026-06-06T14:06:37.761Z debug
[InspectorProxyWorker] RUNTIME INCOMING MESSAGE { id: 100001307, result: { id: '1eee3444ae586db1' } }
---

--- 2026-06-06T14:06:37.762Z debug
[InspectorProxyWorker] SEND TO RUNTIME {"method":"Runtime.getIsolateId","id":100001307}
---

--- 2026-06-06T14:06:47.777Z debug
[InspectorProxyWorker] RUNTIME INCOMING MESSAGE { id: 100001308, result: { id: '1eee3444ae586db1' } }
---

--- 2026-06-06T14:06:47.777Z debug
[InspectorProxyWorker] SEND TO RUNTIME {"method":"Runtime.getIsolateId","id":100001308}
---

--- 2026-06-06T14:06:57.783Z debug
[InspectorProxyWorker] RUNTIME INCOMING MESSAGE { id: 100001309, result: { id: '1eee3444ae586db1' } }
---

--- 2026-06-06T14:06:57.785Z debug
[InspectorProxyWorker] SEND TO RUNTIME {"method":"Runtime.getIsolateId","id":100001309}
---

--- 2026-06-06T14:07:07.780Z debug
[InspectorProxyWorker] RUNTIME INCOMING MESSAGE { id: 100001310, result: { id: '1eee3444ae586db1' } }
---

--- 2026-06-06T14:07:07.780Z debug
[InspectorProxyWorker] SEND TO RUNTIME {"method":"Runtime.getIsolateId","id":100001310}
---

--- 2026-06-06T14:07:17.793Z debug
[InspectorProxyWorker] RUNTIME INCOMING MESSAGE { id: 100001311, result: { id: '1eee3444ae586db1' } }
---

--- 2026-06-06T14:07:17.793Z debug
[InspectorProxyWorker] SEND TO RUNTIME {"method":"Runtime.getIsolateId","id":100001311}
---

--- 2026-06-06T14:07:27.794Z debug
[InspectorProxyWorker] RUNTIME INCOMING MESSAGE { id: 100001312, result: { id: '1eee3444ae586db1' } }
---

--- 2026-06-06T14:07:27.794Z debug
[InspectorProxyWorker] SEND TO RUNTIME {"method":"Runtime.getIsolateId","id":100001312}
---

--- 2026-06-06T14:07:37.798Z debug
[InspectorProxyWorker] RUNTIME INCOMING MESSAGE { id: 100001313, result: { id: '1eee3444ae586db1' } }
---

--- 2026-06-06T14:07:37.798Z debug
[InspectorProxyWorker] SEND TO RUNTIME {"method":"Runtime.getIsolateId","id":100001313}
---

--- 2026-06-06T14:07:47.810Z debug
[InspectorProxyWorker] SEND TO RUNTIME {"method":"Runtime.getIsolateId","id":100001314}
---

--- 2026-06-06T14:07:47.810Z debug
[InspectorProxyWorker] RUNTIME INCOMING MESSAGE { id: 100001314, result: { id: '1eee3444ae586db1' } }
---

--- 2026-06-06T14:07:57.810Z debug
[InspectorProxyWorker] RUNTIME INCOMING MESSAGE { id: 100001315, result: { id: '1eee3444ae586db1' } }
---

--- 2026-06-06T14:07:57.811Z debug
[InspectorProxyWorker] SEND TO RUNTIME {"method":"Runtime.getIsolateId","id":100001315}
---

--- 2026-06-06T14:08:07.818Z debug
[InspectorProxyWorker] RUNTIME INCOMING MESSAGE { id: 100001316, result: { id: '1eee3444ae586db1' } }
---

--- 2026-06-06T14:08:07.819Z debug
[InspectorProxyWorker] SEND TO RUNTIME {"method":"Runtime.getIsolateId","id":100001316}
---

--- 2026-06-06T14:08:17.823Z debug
[InspectorProxyWorker] RUNTIME INCOMING MESSAGE { id: 100001317, result: { id: '1eee3444ae586db1' } }
---

--- 2026-06-06T14:08:17.824Z debug
[InspectorProxyWorker] SEND TO RUNTIME {"method":"Runtime.getIsolateId","id":100001317}
---

--- 2026-06-06T14:08:27.827Z debug
[InspectorProxyWorker] RUNTIME INCOMING MESSAGE { id: 100001318, result: { id: '1eee3444ae586db1' } }
---

--- 2026-06-06T14:08:27.828Z debug
[InspectorProxyWorker] SEND TO RUNTIME {"method":"Runtime.getIsolateId","id":100001318}
---

--- 2026-06-06T14:08:37.829Z debug
[InspectorProxyWorker] SEND TO RUNTIME {"method":"Runtime.getIsolateId","id":100001319}
---

--- 2026-06-06T14:08:37.829Z debug
[InspectorProxyWorker] RUNTIME INCOMING MESSAGE { id: 100001319, result: { id: '1eee3444ae586db1' } }
---

--- 2026-06-06T14:08:47.843Z debug
[InspectorProxyWorker] RUNTIME INCOMING MESSAGE { id: 100001320, result: { id: '1eee3444ae586db1' } }
---

--- 2026-06-06T14:08:47.843Z debug
[InspectorProxyWorker] SEND TO RUNTIME {"method":"Runtime.getIsolateId","id":100001320}
---

--- 2026-06-06T14:08:57.845Z debug
[InspectorProxyWorker] RUNTIME INCOMING MESSAGE { id: 100001321, result: { id: '1eee3444ae586db1' } }
---

--- 2026-06-06T14:08:57.846Z debug
[InspectorProxyWorker] SEND TO RUNTIME {"method":"Runtime.getIsolateId","id":100001321}
---

--- 2026-06-06T14:09:07.851Z debug
[InspectorProxyWorker] SEND TO RUNTIME {"method":"Runtime.getIsolateId","id":100001322}
---

--- 2026-06-06T14:09:07.851Z debug
[InspectorProxyWorker] RUNTIME INCOMING MESSAGE { id: 100001322, result: { id: '1eee3444ae586db1' } }
---

--- 2026-06-06T14:09:17.863Z debug
[InspectorProxyWorker] SEND TO RUNTIME {"method":"Runtime.getIsolateId","id":100001323}
---

--- 2026-06-06T14:09:17.864Z debug
[InspectorProxyWorker] RUNTIME INCOMING MESSAGE { id: 100001323, result: { id: '1eee3444ae586db1' } }
---

--- 2026-06-06T14:09:27.878Z debug
[InspectorProxyWorker] SEND TO RUNTIME {"method":"Runtime.getIsolateId","id":100001324}
---

--- 2026-06-06T14:09:27.879Z debug
[InspectorProxyWorker] RUNTIME INCOMING MESSAGE { id: 100001324, result: { id: '1eee3444ae586db1' } }
---

--- 2026-06-06T14:09:37.881Z debug
[InspectorProxyWorker] RUNTIME INCOMING MESSAGE { id: 100001325, result: { id: '1eee3444ae586db1' } }
---

--- 2026-06-06T14:09:37.881Z debug
[InspectorProxyWorker] SEND TO RUNTIME {"method":"Runtime.getIsolateId","id":100001325}
---

--- 2026-06-06T14:09:47.894Z debug
[InspectorProxyWorker] SEND TO RUNTIME {"method":"Runtime.getIsolateId","id":100001326}
---

--- 2026-06-06T14:09:47.894Z debug
[InspectorProxyWorker] RUNTIME INCOMING MESSAGE { id: 100001326, result: { id: '1eee3444ae586db1' } }
---

--- 2026-06-06T14:09:57.897Z debug
[InspectorProxyWorker] RUNTIME INCOMING MESSAGE { id: 100001327, result: { id: '1eee3444ae586db1' } }
---

--- 2026-06-06T14:09:57.898Z debug
[InspectorProxyWorker] SEND TO RUNTIME {"method":"Runtime.getIsolateId","id":100001327}
---

--- 2026-06-06T14:10:07.912Z debug
[InspectorProxyWorker] SEND TO RUNTIME {"method":"Runtime.getIsolateId","id":100001328}
---

--- 2026-06-06T14:10:07.913Z debug
[InspectorProxyWorker] RUNTIME INCOMING MESSAGE { id: 100001328, result: { id: '1eee3444ae586db1' } }
---

--- 2026-06-06T14:10:17.914Z debug
[InspectorProxyWorker] SEND TO RUNTIME {"method":"Runtime.getIsolateId","id":100001329}
---

--- 2026-06-06T14:10:17.915Z debug
[InspectorProxyWorker] RUNTIME INCOMING MESSAGE { id: 100001329, result: { id: '1eee3444ae586db1' } }
---

--- 2026-06-06T14:10:27.929Z debug
[InspectorProxyWorker] RUNTIME INCOMING MESSAGE { id: 100001330, result: { id: '1eee3444ae586db1' } }
---

--- 2026-06-06T14:10:27.930Z debug
[InspectorProxyWorker] SEND TO RUNTIME {"method":"Runtime.getIsolateId","id":100001330}
---

--- 2026-06-06T14:10:37.931Z debug
[InspectorProxyWorker] RUNTIME INCOMING MESSAGE { id: 100001331, result: { id: '1eee3444ae586db1' } }
---

--- 2026-06-06T14:10:37.931Z debug
[InspectorProxyWorker] SEND TO RUNTIME {"method":"Runtime.getIsolateId","id":100001331}
---

--- 2026-06-06T17:01:49.850Z debug
[InspectorProxyWorker] RUNTIME INCOMING MESSAGE { id: 100001332, result: { id: '1eee3444ae586db1' } }
---

--- 2026-06-06T17:01:49.850Z debug
[InspectorProxyWorker] SEND TO RUNTIME {"method":"Runtime.getIsolateId","id":100001332}
---

--- 2026-06-06T17:01:59.850Z debug
[InspectorProxyWorker] SEND TO RUNTIME {"method":"Runtime.getIsolateId","id":100001333}
---

--- 2026-06-06T17:01:59.851Z debug
[InspectorProxyWorker] RUNTIME INCOMING MESSAGE { id: 100001333, result: { id: '1eee3444ae586db1' } }
---

--- 2026-06-06T17:02:09.865Z debug
[InspectorProxyWorker] RUNTIME INCOMING MESSAGE { id: 100001334, result: { id: '1eee3444ae586db1' } }
---

--- 2026-06-06T17:02:09.866Z debug
[InspectorProxyWorker] SEND TO RUNTIME {"method":"Runtime.getIsolateId","id":100001334}
---

--- 2026-06-06T17:02:19.867Z debug
[InspectorProxyWorker] SEND TO RUNTIME {"method":"Runtime.getIsolateId","id":100001335}
---

--- 2026-06-06T17:02:19.867Z debug
[InspectorProxyWorker] RUNTIME INCOMING MESSAGE { id: 100001335, result: { id: '1eee3444ae586db1' } }
---

--- 2026-06-06T17:02:29.882Z debug
[InspectorProxyWorker] SEND TO RUNTIME {"method":"Runtime.getIsolateId","id":100001336}
---

--- 2026-06-06T17:02:29.882Z debug
[InspectorProxyWorker] RUNTIME INCOMING MESSAGE { id: 100001336, result: { id: '1eee3444ae586db1' } }
---

--- 2026-06-06T17:02:39.893Z debug
[InspectorProxyWorker] RUNTIME INCOMING MESSAGE { id: 100001337, result: { id: '1eee3444ae586db1' } }
---

--- 2026-06-06T17:02:39.894Z debug
[InspectorProxyWorker] SEND TO RUNTIME {"method":"Runtime.getIsolateId","id":100001337}
---

--- 2026-06-06T17:02:49.900Z debug
[InspectorProxyWorker] RUNTIME INCOMING MESSAGE { id: 100001338, result: { id: '1eee3444ae586db1' } }
---

--- 2026-06-06T17:02:49.901Z debug
[InspectorProxyWorker] SEND TO RUNTIME {"method":"Runtime.getIsolateId","id":100001338}
---

--- 2026-06-06T17:02:59.902Z debug
[InspectorProxyWorker] SEND TO RUNTIME {"method":"Runtime.getIsolateId","id":100001339}
---

--- 2026-06-06T17:02:59.902Z debug
[InspectorProxyWorker] RUNTIME INCOMING MESSAGE { id: 100001339, result: { id: '1eee3444ae586db1' } }
---

--- 2026-06-06T17:03:09.914Z debug
[InspectorProxyWorker] SEND TO RUNTIME {"method":"Runtime.getIsolateId","id":100001340}
---

--- 2026-06-06T17:03:09.914Z debug
[InspectorProxyWorker] RUNTIME INCOMING MESSAGE { id: 100001340, result: { id: '1eee3444ae586db1' } }
---

--- 2026-06-06T17:03:19.929Z debug
[InspectorProxyWorker] SEND TO RUNTIME {"method":"Runtime.getIsolateId","id":100001341}
---

--- 2026-06-06T17:03:19.929Z debug
[InspectorProxyWorker] RUNTIME INCOMING MESSAGE { id: 100001341, result: { id: '1eee3444ae586db1' } }
---

--- 2026-06-06T17:03:29.933Z debug
[InspectorProxyWorker] SEND TO RUNTIME {"method":"Runtime.getIsolateId","id":100001342}
---

--- 2026-06-06T17:03:29.934Z debug
[InspectorProxyWorker] RUNTIME INCOMING MESSAGE { id: 100001342, result: { id: '1eee3444ae586db1' } }
---

--- 2026-06-06T17:03:39.938Z debug
[InspectorProxyWorker] RUNTIME INCOMING MESSAGE { id: 100001343, result: { id: '1eee3444ae586db1' } }
---

--- 2026-06-06T17:03:39.939Z debug
[InspectorProxyWorker] SEND TO RUNTIME {"method":"Runtime.getIsolateId","id":100001343}
---

--- 2026-06-06T17:03:49.940Z debug
[InspectorProxyWorker] SEND TO RUNTIME {"method":"Runtime.getIsolateId","id":100001344}
---

--- 2026-06-06T17:03:49.942Z debug
[InspectorProxyWorker] RUNTIME INCOMING MESSAGE { id: 100001344, result: { id: '1eee3444ae586db1' } }
---

--- 2026-06-06T17:03:59.954Z debug
[InspectorProxyWorker] RUNTIME INCOMING MESSAGE { id: 100001345, result: { id: '1eee3444ae586db1' } }
---

--- 2026-06-06T17:03:59.955Z debug
[InspectorProxyWorker] SEND TO RUNTIME {"method":"Runtime.getIsolateId","id":100001345}
---

--- 2026-06-06T17:04:09.953Z debug
[InspectorProxyWorker] RUNTIME INCOMING MESSAGE { id: 100001346, result: { id: '1eee3444ae586db1' } }
---

--- 2026-06-06T17:04:09.953Z debug
[InspectorProxyWorker] SEND TO RUNTIME {"method":"Runtime.getIsolateId","id":100001346}
---

--- 2026-06-06T17:04:19.968Z debug
[InspectorProxyWorker] SEND TO RUNTIME {"method":"Runtime.getIsolateId","id":100001347}
---

--- 2026-06-06T17:04:19.968Z debug
[InspectorProxyWorker] RUNTIME INCOMING MESSAGE { id: 100001347, result: { id: '1eee3444ae586db1' } }
---

--- 2026-06-06T17:04:29.969Z debug
[InspectorProxyWorker] SEND TO RUNTIME {"method":"Runtime.getIsolateId","id":100001348}
---

--- 2026-06-06T17:04:29.970Z debug
[InspectorProxyWorker] RUNTIME INCOMING MESSAGE { id: 100001348, result: { id: '1eee3444ae586db1' } }
---

--- 2026-06-06T17:04:39.975Z debug
[InspectorProxyWorker] RUNTIME INCOMING MESSAGE { id: 100001349, result: { id: '1eee3444ae586db1' } }
---

--- 2026-06-06T17:04:39.977Z debug
[InspectorProxyWorker] SEND TO RUNTIME {"method":"Runtime.getIsolateId","id":100001349}
---

--- 2026-06-06T17:04:49.988Z debug
[InspectorProxyWorker] SEND TO RUNTIME {"method":"Runtime.getIsolateId","id":100001350}
---

--- 2026-06-06T17:04:49.990Z debug
[InspectorProxyWorker] RUNTIME INCOMING MESSAGE { id: 100001350, result: { id: '1eee3444ae586db1' } }
---

--- 2026-06-06T17:04:59.986Z debug
[InspectorProxyWorker] SEND TO RUNTIME {"method":"Runtime.getIsolateId","id":100001351}
---

--- 2026-06-06T17:04:59.987Z debug
[InspectorProxyWorker] RUNTIME INCOMING MESSAGE { id: 100001351, result: { id: '1eee3444ae586db1' } }
---

--- 2026-06-06T17:05:09.991Z debug
[InspectorProxyWorker] RUNTIME INCOMING MESSAGE { id: 100001352, result: { id: '1eee3444ae586db1' } }
---

--- 2026-06-06T17:05:09.992Z debug
[InspectorProxyWorker] SEND TO RUNTIME {"method":"Runtime.getIsolateId","id":100001352}
---

--- 2026-06-06T17:05:20.000Z debug
[InspectorProxyWorker] RUNTIME INCOMING MESSAGE { id: 100001353, result: { id: '1eee3444ae586db1' } }
---

--- 2026-06-06T17:05:20.000Z debug
[InspectorProxyWorker] SEND TO RUNTIME {"method":"Runtime.getIsolateId","id":100001353}
---

--- 2026-06-06T17:05:30.001Z debug
[InspectorProxyWorker] SEND TO RUNTIME {"method":"Runtime.getIsolateId","id":100001354}
---

--- 2026-06-06T17:05:30.001Z debug
[InspectorProxyWorker] RUNTIME INCOMING MESSAGE { id: 100001354, result: { id: '1eee3444ae586db1' } }
---

--- 2026-06-06T17:05:40.003Z debug
[InspectorProxyWorker] SEND TO RUNTIME {"method":"Runtime.getIsolateId","id":100001355}
---

--- 2026-06-06T17:05:40.003Z debug
[InspectorProxyWorker] RUNTIME INCOMING MESSAGE { id: 100001355, result: { id: '1eee3444ae586db1' } }
---

--- 2026-06-06T17:05:50.006Z debug
[InspectorProxyWorker] RUNTIME INCOMING MESSAGE { id: 100001356, result: { id: '1eee3444ae586db1' } }
---

--- 2026-06-06T17:05:50.007Z debug
[InspectorProxyWorker] SEND TO RUNTIME {"method":"Runtime.getIsolateId","id":100001356}
---

--- 2026-06-06T17:06:00.019Z debug
[InspectorProxyWorker] SEND TO RUNTIME {"method":"Runtime.getIsolateId","id":100001357}
---

--- 2026-06-06T17:06:00.019Z debug
[InspectorProxyWorker] RUNTIME INCOMING MESSAGE { id: 100001357, result: { id: '1eee3444ae586db1' } }
---

--- 2026-06-06T17:06:10.033Z debug
[InspectorProxyWorker] RUNTIME INCOMING MESSAGE { id: 100001358, result: { id: '1eee3444ae586db1' } }
---

--- 2026-06-06T17:06:10.034Z debug
[InspectorProxyWorker] SEND TO RUNTIME {"method":"Runtime.getIsolateId","id":100001358}
---

--- 2026-06-06T17:06:20.034Z debug
[InspectorProxyWorker] RUNTIME INCOMING MESSAGE { id: 100001359, result: { id: '1eee3444ae586db1' } }
---

--- 2026-06-06T17:06:20.034Z debug
[InspectorProxyWorker] SEND TO RUNTIME {"method":"Runtime.getIsolateId","id":100001359}
---

--- 2026-06-06T17:06:30.037Z debug
[InspectorProxyWorker] SEND TO RUNTIME {"method":"Runtime.getIsolateId","id":100001360}
---

--- 2026-06-06T17:06:30.038Z debug
[InspectorProxyWorker] RUNTIME INCOMING MESSAGE { id: 100001360, result: { id: '1eee3444ae586db1' } }
---

--- 2026-06-06T17:06:40.047Z debug
[InspectorProxyWorker] SEND TO RUNTIME {"method":"Runtime.getIsolateId","id":100001361}
---

--- 2026-06-06T17:06:40.049Z debug
[InspectorProxyWorker] RUNTIME INCOMING MESSAGE { id: 100001361, result: { id: '1eee3444ae586db1' } }
---

--- 2026-06-06T17:06:50.057Z debug
[InspectorProxyWorker] SEND TO RUNTIME {"method":"Runtime.getIsolateId","id":100001362}
---

--- 2026-06-06T17:06:50.059Z debug
[InspectorProxyWorker] RUNTIME INCOMING MESSAGE { id: 100001362, result: { id: '1eee3444ae586db1' } }
---

--- 2026-06-06T17:07:00.054Z debug
[InspectorProxyWorker] SEND TO RUNTIME {"method":"Runtime.getIsolateId","id":100001363}
---

--- 2026-06-06T17:07:00.055Z debug
[InspectorProxyWorker] RUNTIME INCOMING MESSAGE { id: 100001363, result: { id: '1eee3444ae586db1' } }
---

--- 2026-06-06T17:07:10.068Z debug
[InspectorProxyWorker] RUNTIME INCOMING MESSAGE { id: 100001364, result: { id: '1eee3444ae586db1' } }
---

--- 2026-06-06T17:07:10.069Z debug
[InspectorProxyWorker] SEND TO RUNTIME {"method":"Runtime.getIsolateId","id":100001364}
---

--- 2026-06-06T17:07:20.069Z debug
[InspectorProxyWorker] SEND TO RUNTIME {"method":"Runtime.getIsolateId","id":100001365}
---

--- 2026-06-06T17:07:20.070Z debug
[InspectorProxyWorker] RUNTIME INCOMING MESSAGE { id: 100001365, result: { id: '1eee3444ae586db1' } }
---

--- 2026-06-06T17:07:30.070Z debug
[InspectorProxyWorker] RUNTIME INCOMING MESSAGE { id: 100001366, result: { id: '1eee3444ae586db1' } }
---

--- 2026-06-06T17:07:30.071Z debug
[InspectorProxyWorker] SEND TO RUNTIME {"method":"Runtime.getIsolateId","id":100001366}
---

--- 2026-06-06T17:07:40.071Z debug
[InspectorProxyWorker] SEND TO RUNTIME {"method":"Runtime.getIsolateId","id":100001367}
---

--- 2026-06-06T17:07:40.072Z debug
[InspectorProxyWorker] RUNTIME INCOMING MESSAGE { id: 100001367, result: { id: '1eee3444ae586db1' } }
---

--- 2026-06-06T17:07:50.086Z debug
[InspectorProxyWorker] RUNTIME INCOMING MESSAGE { id: 100001368, result: { id: '1eee3444ae586db1' } }
---

--- 2026-06-06T17:07:50.087Z debug
[InspectorProxyWorker] SEND TO RUNTIME {"method":"Runtime.getIsolateId","id":100001368}
---

--- 2026-06-06T17:08:00.087Z debug
[InspectorProxyWorker] SEND TO RUNTIME {"method":"Runtime.getIsolateId","id":100001369}
---

--- 2026-06-06T17:08:00.088Z debug
[InspectorProxyWorker] RUNTIME INCOMING MESSAGE { id: 100001369, result: { id: '1eee3444ae586db1' } }
---

--- 2026-06-06T17:08:10.105Z debug
[InspectorProxyWorker] RUNTIME INCOMING MESSAGE { id: 100001370, result: { id: '1eee3444ae586db1' } }
---

--- 2026-06-06T17:08:10.106Z debug
[InspectorProxyWorker] SEND TO RUNTIME {"method":"Runtime.getIsolateId","id":100001370}
---

--- 2026-06-06T17:08:20.109Z debug
[InspectorProxyWorker] RUNTIME INCOMING MESSAGE { id: 100001371, result: { id: '1eee3444ae586db1' } }
---

--- 2026-06-06T17:08:20.109Z debug
[InspectorProxyWorker] SEND TO RUNTIME {"method":"Runtime.getIsolateId","id":100001371}
---

--- 2026-06-06T17:08:30.120Z debug
[InspectorProxyWorker] SEND TO RUNTIME {"method":"Runtime.getIsolateId","id":100001372}
---

--- 2026-06-06T17:08:30.121Z debug
[InspectorProxyWorker] RUNTIME INCOMING MESSAGE { id: 100001372, result: { id: '1eee3444ae586db1' } }
---

--- 2026-06-06T17:08:40.138Z debug
[InspectorProxyWorker] RUNTIME INCOMING MESSAGE { id: 100001373, result: { id: '1eee3444ae586db1' } }
---

--- 2026-06-06T17:08:40.139Z debug
[InspectorProxyWorker] SEND TO RUNTIME {"method":"Runtime.getIsolateId","id":100001373}
---

--- 2026-06-06T17:08:50.138Z debug
[InspectorProxyWorker] SEND TO RUNTIME {"method":"Runtime.getIsolateId","id":100001374}
---

--- 2026-06-06T17:08:50.139Z debug
[InspectorProxyWorker] RUNTIME INCOMING MESSAGE { id: 100001374, result: { id: '1eee3444ae586db1' } }
---

--- 2026-06-06T17:09:00.138Z debug
[InspectorProxyWorker] SEND TO RUNTIME {"method":"Runtime.getIsolateId","id":100001375}
---

--- 2026-06-06T17:09:00.138Z debug
[InspectorProxyWorker] RUNTIME INCOMING MESSAGE { id: 100001375, result: { id: '1eee3444ae586db1' } }
---

--- 2026-06-06T17:09:10.140Z debug
[InspectorProxyWorker] RUNTIME INCOMING MESSAGE { id: 100001376, result: { id: '1eee3444ae586db1' } }
---

--- 2026-06-06T17:09:10.141Z debug
[InspectorProxyWorker] SEND TO RUNTIME {"method":"Runtime.getIsolateId","id":100001376}
---

--- 2026-06-06T17:09:20.153Z debug
[InspectorProxyWorker] SEND TO RUNTIME {"method":"Runtime.getIsolateId","id":100001377}
---

--- 2026-06-06T17:09:20.154Z debug
[InspectorProxyWorker] RUNTIME INCOMING MESSAGE { id: 100001377, result: { id: '1eee3444ae586db1' } }
---

--- 2026-06-06T17:09:30.155Z debug
[InspectorProxyWorker] SEND TO RUNTIME {"method":"Runtime.getIsolateId","id":100001378}
---

--- 2026-06-06T17:09:30.155Z debug
[InspectorProxyWorker] RUNTIME INCOMING MESSAGE { id: 100001378, result: { id: '1eee3444ae586db1' } }
---

--- 2026-06-06T17:09:40.171Z debug
[InspectorProxyWorker] RUNTIME INCOMING MESSAGE { id: 100001379, result: { id: '1eee3444ae586db1' } }
---

--- 2026-06-06T17:09:40.172Z debug
[InspectorProxyWorker] SEND TO RUNTIME {"method":"Runtime.getIsolateId","id":100001379}
---

--- 2026-06-06T17:09:50.186Z debug
[InspectorProxyWorker] SEND TO RUNTIME {"method":"Runtime.getIsolateId","id":100001380}
---

--- 2026-06-06T17:09:50.187Z debug
[InspectorProxyWorker] RUNTIME INCOMING MESSAGE { id: 100001380, result: { id: '1eee3444ae586db1' } }
---

--- 2026-06-06T17:10:00.186Z debug
[InspectorProxyWorker] RUNTIME INCOMING MESSAGE { id: 100001381, result: { id: '1eee3444ae586db1' } }
---

--- 2026-06-06T17:10:00.186Z debug
[InspectorProxyWorker] SEND TO RUNTIME {"method":"Runtime.getIsolateId","id":100001381}
---

--- 2026-06-06T17:10:10.187Z debug
[InspectorProxyWorker] RUNTIME INCOMING MESSAGE { id: 100001382, result: { id: '1eee3444ae586db1' } }
---

--- 2026-06-06T17:10:10.187Z debug
[InspectorProxyWorker] SEND TO RUNTIME {"method":"Runtime.getIsolateId","id":100001382}
---

--- 2026-06-06T17:10:20.203Z debug
[InspectorProxyWorker] SEND TO RUNTIME {"method":"Runtime.getIsolateId","id":100001383}
---

--- 2026-06-06T17:10:20.203Z debug
[InspectorProxyWorker] RUNTIME INCOMING MESSAGE { id: 100001383, result: { id: '1eee3444ae586db1' } }
---

--- 2026-06-06T17:10:30.203Z debug
[InspectorProxyWorker] SEND TO RUNTIME {"method":"Runtime.getIsolateId","id":100001384}
---

--- 2026-06-06T17:10:30.204Z debug
[InspectorProxyWorker] RUNTIME INCOMING MESSAGE { id: 100001384, result: { id: '1eee3444ae586db1' } }
---

--- 2026-06-06T17:10:40.204Z debug
[InspectorProxyWorker] SEND TO RUNTIME {"method":"Runtime.getIsolateId","id":100001385}
---

--- 2026-06-06T17:10:40.204Z debug
[InspectorProxyWorker] RUNTIME INCOMING MESSAGE { id: 100001385, result: { id: '1eee3444ae586db1' } }
---

--- 2026-06-06T17:10:50.206Z debug
[InspectorProxyWorker] RUNTIME INCOMING MESSAGE { id: 100001386, result: { id: '1eee3444ae586db1' } }
---

--- 2026-06-06T17:10:50.207Z debug
[InspectorProxyWorker] SEND TO RUNTIME {"method":"Runtime.getIsolateId","id":100001386}
---

--- 2026-06-06T17:11:00.222Z debug
[InspectorProxyWorker] SEND TO RUNTIME {"method":"Runtime.getIsolateId","id":100001387}
---

--- 2026-06-06T17:11:00.222Z debug
[InspectorProxyWorker] RUNTIME INCOMING MESSAGE { id: 100001387, result: { id: '1eee3444ae586db1' } }
---

--- 2026-06-06T17:11:10.236Z debug
[InspectorProxyWorker] SEND TO RUNTIME {"method":"Runtime.getIsolateId","id":100001388}
---

--- 2026-06-06T17:11:10.236Z debug
[InspectorProxyWorker] RUNTIME INCOMING MESSAGE { id: 100001388, result: { id: '1eee3444ae586db1' } }
---

--- 2026-06-06T17:11:20.236Z debug
[InspectorProxyWorker] SEND TO RUNTIME {"method":"Runtime.getIsolateId","id":100001389}
---

--- 2026-06-06T17:11:20.237Z debug
[InspectorProxyWorker] RUNTIME INCOMING MESSAGE { id: 100001389, result: { id: '1eee3444ae586db1' } }
---

--- 2026-06-06T17:11:30.238Z debug
[InspectorProxyWorker] SEND TO RUNTIME {"method":"Runtime.getIsolateId","id":100001390}
---

--- 2026-06-06T17:11:30.239Z debug
[InspectorProxyWorker] RUNTIME INCOMING MESSAGE { id: 100001390, result: { id: '1eee3444ae586db1' } }
---

--- 2026-06-06T17:11:40.238Z debug
[InspectorProxyWorker] SEND TO RUNTIME {"method":"Runtime.getIsolateId","id":100001391}
---

--- 2026-06-06T17:11:40.239Z debug
[InspectorProxyWorker] RUNTIME INCOMING MESSAGE { id: 100001391, result: { id: '1eee3444ae586db1' } }
---

--- 2026-06-06T17:11:50.257Z debug
[InspectorProxyWorker] SEND TO RUNTIME {"method":"Runtime.getIsolateId","id":100001392}
---

--- 2026-06-06T17:11:50.263Z debug
[InspectorProxyWorker] RUNTIME INCOMING MESSAGE { id: 100001392, result: { id: '1eee3444ae586db1' } }
---

--- 2026-06-06T17:12:00.277Z debug
[InspectorProxyWorker] SEND TO RUNTIME {"method":"Runtime.getIsolateId","id":100001393}
---

--- 2026-06-06T17:12:00.277Z debug
[InspectorProxyWorker] RUNTIME INCOMING MESSAGE { id: 100001393, result: { id: '1eee3444ae586db1' } }
---

--- 2026-06-06T17:12:10.288Z debug
[InspectorProxyWorker] SEND TO RUNTIME {"method":"Runtime.getIsolateId","id":100001394}
---

--- 2026-06-06T17:12:10.289Z debug
[InspectorProxyWorker] RUNTIME INCOMING MESSAGE { id: 100001394, result: { id: '1eee3444ae586db1' } }
---

--- 2026-06-06T17:12:20.290Z debug
[InspectorProxyWorker] SEND TO RUNTIME {"method":"Runtime.getIsolateId","id":100001395}
---

--- 2026-06-06T17:12:20.290Z debug
[InspectorProxyWorker] RUNTIME INCOMING MESSAGE { id: 100001395, result: { id: '1eee3444ae586db1' } }
---

--- 2026-06-06T17:12:30.303Z debug
[InspectorProxyWorker] SEND TO RUNTIME {"method":"Runtime.getIsolateId","id":100001396}
---

--- 2026-06-06T17:12:30.304Z debug
[InspectorProxyWorker] RUNTIME INCOMING MESSAGE { id: 100001396, result: { id: '1eee3444ae586db1' } }
---

--- 2026-06-06T17:12:40.306Z debug
[InspectorProxyWorker] SEND TO RUNTIME {"method":"Runtime.getIsolateId","id":100001397}
---

--- 2026-06-06T17:12:40.307Z debug
[InspectorProxyWorker] RUNTIME INCOMING MESSAGE { id: 100001397, result: { id: '1eee3444ae586db1' } }
---

--- 2026-06-06T17:12:50.306Z debug
[InspectorProxyWorker] SEND TO RUNTIME {"method":"Runtime.getIsolateId","id":100001398}
---

--- 2026-06-06T17:12:50.307Z debug
[InspectorProxyWorker] RUNTIME INCOMING MESSAGE { id: 100001398, result: { id: '1eee3444ae586db1' } }
---

--- 2026-06-06T17:13:00.320Z debug
[InspectorProxyWorker] SEND TO RUNTIME {"method":"Runtime.getIsolateId","id":100001399}
---

--- 2026-06-06T17:13:00.320Z debug
[InspectorProxyWorker] RUNTIME INCOMING MESSAGE { id: 100001399, result: { id: '1eee3444ae586db1' } }
---

--- 2026-06-06T17:13:10.323Z debug
[InspectorProxyWorker] RUNTIME INCOMING MESSAGE { id: 100001400, result: { id: '1eee3444ae586db1' } }
---

--- 2026-06-06T17:13:10.323Z debug
[InspectorProxyWorker] SEND TO RUNTIME {"method":"Runtime.getIsolateId","id":100001400}
---

--- 2026-06-06T17:13:20.337Z debug
[InspectorProxyWorker] SEND TO RUNTIME {"method":"Runtime.getIsolateId","id":100001401}
---

--- 2026-06-06T17:13:20.337Z debug
[InspectorProxyWorker] RUNTIME INCOMING MESSAGE { id: 100001401, result: { id: '1eee3444ae586db1' } }
---

--- 2026-06-06T17:13:30.339Z debug
[InspectorProxyWorker] SEND TO RUNTIME {"method":"Runtime.getIsolateId","id":100001402}
---

--- 2026-06-06T17:13:30.339Z debug
[InspectorProxyWorker] RUNTIME INCOMING MESSAGE { id: 100001402, result: { id: '1eee3444ae586db1' } }
---

--- 2026-06-06T17:13:40.357Z debug
[InspectorProxyWorker] RUNTIME INCOMING MESSAGE { id: 100001403, result: { id: '1eee3444ae586db1' } }
---

--- 2026-06-06T17:13:40.359Z debug
[InspectorProxyWorker] SEND TO RUNTIME {"method":"Runtime.getIsolateId","id":100001403}
---

--- 2026-06-06T17:13:50.356Z debug
[InspectorProxyWorker] RUNTIME INCOMING MESSAGE { id: 100001404, result: { id: '1eee3444ae586db1' } }
---

--- 2026-06-06T17:13:50.356Z debug
[InspectorProxyWorker] SEND TO RUNTIME {"method":"Runtime.getIsolateId","id":100001404}
---

--- 2026-06-06T17:14:00.361Z debug
[InspectorProxyWorker] SEND TO RUNTIME {"method":"Runtime.getIsolateId","id":100001405}
---

--- 2026-06-06T17:14:00.361Z debug
[InspectorProxyWorker] RUNTIME INCOMING MESSAGE { id: 100001405, result: { id: '1eee3444ae586db1' } }
---

--- 2026-06-06T17:14:10.372Z debug
[InspectorProxyWorker] SEND TO RUNTIME {"method":"Runtime.getIsolateId","id":100001406}
---

--- 2026-06-06T17:14:10.373Z debug
[InspectorProxyWorker] RUNTIME INCOMING MESSAGE { id: 100001406, result: { id: '1eee3444ae586db1' } }
---

--- 2026-06-06T17:14:20.374Z debug
[InspectorProxyWorker] RUNTIME INCOMING MESSAGE { id: 100001407, result: { id: '1eee3444ae586db1' } }
---

--- 2026-06-06T17:14:20.374Z debug
[InspectorProxyWorker] SEND TO RUNTIME {"method":"Runtime.getIsolateId","id":100001407}
---

--- 2026-06-06T17:14:30.380Z debug
[InspectorProxyWorker] RUNTIME INCOMING MESSAGE { id: 100001408, result: { id: '1eee3444ae586db1' } }
---

--- 2026-06-06T17:14:30.382Z debug
[InspectorProxyWorker] SEND TO RUNTIME {"method":"Runtime.getIsolateId","id":100001408}
---

--- 2026-06-06T17:14:40.390Z debug
[InspectorProxyWorker] RUNTIME INCOMING MESSAGE { id: 100001409, result: { id: '1eee3444ae586db1' } }
---

--- 2026-06-06T17:14:40.391Z debug
[InspectorProxyWorker] SEND TO RUNTIME {"method":"Runtime.getIsolateId","id":100001409}
---

--- 2026-06-06T17:14:50.390Z debug
[InspectorProxyWorker] SEND TO RUNTIME {"method":"Runtime.getIsolateId","id":100001410}
---

--- 2026-06-06T17:14:50.390Z debug
[InspectorProxyWorker] RUNTIME INCOMING MESSAGE { id: 100001410, result: { id: '1eee3444ae586db1' } }
---

--- 2026-06-06T17:15:00.410Z debug
[InspectorProxyWorker] SEND TO RUNTIME {"method":"Runtime.getIsolateId","id":100001411}
---

--- 2026-06-06T17:15:00.412Z debug
[InspectorProxyWorker] RUNTIME INCOMING MESSAGE { id: 100001411, result: { id: '1eee3444ae586db1' } }
---

--- 2026-06-06T17:15:10.407Z debug
[InspectorProxyWorker] SEND TO RUNTIME {"method":"Runtime.getIsolateId","id":100001412}
---

--- 2026-06-06T17:15:10.408Z debug
[InspectorProxyWorker] RUNTIME INCOMING MESSAGE { id: 100001412, result: { id: '1eee3444ae586db1' } }
---

--- 2026-06-06T17:15:20.422Z debug
[InspectorProxyWorker] SEND TO RUNTIME {"method":"Runtime.getIsolateId","id":100001413}
---

--- 2026-06-06T17:15:20.423Z debug
[InspectorProxyWorker] RUNTIME INCOMING MESSAGE { id: 100001413, result: { id: '1eee3444ae586db1' } }
---

--- 2026-06-06T17:15:30.428Z debug
[InspectorProxyWorker] SEND TO RUNTIME {"method":"Runtime.getIsolateId","id":100001414}
---

--- 2026-06-06T17:15:30.431Z debug
[InspectorProxyWorker] RUNTIME INCOMING MESSAGE { id: 100001414, result: { id: '1eee3444ae586db1' } }
---

--- 2026-06-06T17:15:40.438Z debug
[InspectorProxyWorker] SEND TO RUNTIME {"method":"Runtime.getIsolateId","id":100001415}
---

--- 2026-06-06T17:15:40.439Z debug
[InspectorProxyWorker] RUNTIME INCOMING MESSAGE { id: 100001415, result: { id: '1eee3444ae586db1' } }
---

--- 2026-06-06T17:15:50.442Z debug
[InspectorProxyWorker] SEND TO RUNTIME {"method":"Runtime.getIsolateId","id":100001416}
---

--- 2026-06-06T17:15:50.442Z debug
[InspectorProxyWorker] RUNTIME INCOMING MESSAGE { id: 100001416, result: { id: '1eee3444ae586db1' } }
---

--- 2026-06-06T17:16:00.448Z debug
[InspectorProxyWorker] SEND TO RUNTIME {"method":"Runtime.getIsolateId","id":100001417}
---

--- 2026-06-06T17:16:00.450Z debug
[InspectorProxyWorker] RUNTIME INCOMING MESSAGE { id: 100001417, result: { id: '1eee3444ae586db1' } }
---

--- 2026-06-06T17:16:10.457Z debug
[InspectorProxyWorker] SEND TO RUNTIME {"method":"Runtime.getIsolateId","id":100001418}
---

--- 2026-06-06T17:16:10.459Z debug
[InspectorProxyWorker] RUNTIME INCOMING MESSAGE { id: 100001418, result: { id: '1eee3444ae586db1' } }
---

--- 2026-06-06T17:16:20.457Z debug
[InspectorProxyWorker] SEND TO RUNTIME {"method":"Runtime.getIsolateId","id":100001419}
---

--- 2026-06-06T17:16:20.457Z debug
[InspectorProxyWorker] RUNTIME INCOMING MESSAGE { id: 100001419, result: { id: '1eee3444ae586db1' } }
---

--- 2026-06-06T17:16:30.459Z debug
[InspectorProxyWorker] SEND TO RUNTIME {"method":"Runtime.getIsolateId","id":100001420}
---

--- 2026-06-06T17:16:30.461Z debug
[InspectorProxyWorker] RUNTIME INCOMING MESSAGE { id: 100001420, result: { id: '1eee3444ae586db1' } }
---

--- 2026-06-06T17:16:40.464Z debug
[InspectorProxyWorker] SEND TO RUNTIME {"method":"Runtime.getIsolateId","id":100001421}
---

--- 2026-06-06T17:16:40.466Z debug
[InspectorProxyWorker] RUNTIME INCOMING MESSAGE { id: 100001421, result: { id: '1eee3444ae586db1' } }
---

--- 2026-06-06T17:16:50.481Z debug
[InspectorProxyWorker] SEND TO RUNTIME {"method":"Runtime.getIsolateId","id":100001422}
---

--- 2026-06-06T17:16:50.484Z debug
[InspectorProxyWorker] RUNTIME INCOMING MESSAGE { id: 100001422, result: { id: '1eee3444ae586db1' } }
---

--- 2026-06-06T17:17:00.480Z debug
[InspectorProxyWorker] SEND TO RUNTIME {"method":"Runtime.getIsolateId","id":100001423}
---

--- 2026-06-06T17:17:00.481Z debug
[InspectorProxyWorker] RUNTIME INCOMING MESSAGE { id: 100001423, result: { id: '1eee3444ae586db1' } }
---

--- 2026-06-06T17:17:10.492Z debug
[InspectorProxyWorker] RUNTIME INCOMING MESSAGE { id: 100001424, result: { id: '1eee3444ae586db1' } }
---

--- 2026-06-06T17:17:10.493Z debug
[InspectorProxyWorker] SEND TO RUNTIME {"method":"Runtime.getIsolateId","id":100001424}
---

--- 2026-06-06T17:17:20.492Z debug
[InspectorProxyWorker] SEND TO RUNTIME {"method":"Runtime.getIsolateId","id":100001425}
---

--- 2026-06-06T17:17:20.493Z debug
[InspectorProxyWorker] RUNTIME INCOMING MESSAGE { id: 100001425, result: { id: '1eee3444ae586db1' } }
---

--- 2026-06-06T17:17:30.504Z debug
[InspectorProxyWorker] RUNTIME INCOMING MESSAGE { id: 100001426, result: { id: '1eee3444ae586db1' } }
---

--- 2026-06-06T17:17:30.504Z debug
[InspectorProxyWorker] SEND TO RUNTIME {"method":"Runtime.getIsolateId","id":100001426}
---

--- 2026-06-06T17:17:40.518Z debug
[InspectorProxyWorker] SEND TO RUNTIME {"method":"Runtime.getIsolateId","id":100001427}
---

--- 2026-06-06T17:17:40.519Z debug
[InspectorProxyWorker] RUNTIME INCOMING MESSAGE { id: 100001427, result: { id: '1eee3444ae586db1' } }
---

--- 2026-06-06T17:17:50.520Z debug
[InspectorProxyWorker] RUNTIME INCOMING MESSAGE { id: 100001428, result: { id: '1eee3444ae586db1' } }
---

--- 2026-06-06T17:17:50.520Z debug
[InspectorProxyWorker] SEND TO RUNTIME {"method":"Runtime.getIsolateId","id":100001428}
---

--- 2026-06-06T17:18:00.522Z debug
[InspectorProxyWorker] SEND TO RUNTIME {"method":"Runtime.getIsolateId","id":100001429}
---

--- 2026-06-06T17:18:00.522Z debug
[InspectorProxyWorker] RUNTIME INCOMING MESSAGE { id: 100001429, result: { id: '1eee3444ae586db1' } }
---

--- 2026-06-06T17:18:10.535Z debug
[InspectorProxyWorker] RUNTIME INCOMING MESSAGE { id: 100001430, result: { id: '1eee3444ae586db1' } }
---

--- 2026-06-06T17:18:10.536Z debug
[InspectorProxyWorker] SEND TO RUNTIME {"method":"Runtime.getIsolateId","id":100001430}
---

--- 2026-06-06T17:18:20.543Z debug
[InspectorProxyWorker] RUNTIME INCOMING MESSAGE { id: 100001431, result: { id: '1eee3444ae586db1' } }
---

--- 2026-06-06T17:18:20.544Z debug
[InspectorProxyWorker] SEND TO RUNTIME {"method":"Runtime.getIsolateId","id":100001431}
---

--- 2026-06-06T17:18:30.544Z debug
[InspectorProxyWorker] SEND TO RUNTIME {"method":"Runtime.getIsolateId","id":100001432}
---

--- 2026-06-06T17:18:30.544Z debug
[InspectorProxyWorker] RUNTIME INCOMING MESSAGE { id: 100001432, result: { id: '1eee3444ae586db1' } }
---

--- 2026-06-06T17:18:40.559Z debug
[InspectorProxyWorker] RUNTIME INCOMING MESSAGE { id: 100001433, result: { id: '1eee3444ae586db1' } }
---

--- 2026-06-06T17:18:40.559Z debug
[InspectorProxyWorker] SEND TO RUNTIME {"method":"Runtime.getIsolateId","id":100001433}
---

--- 2026-06-06T17:18:50.559Z debug
[InspectorProxyWorker] SEND TO RUNTIME {"method":"Runtime.getIsolateId","id":100001434}
---

--- 2026-06-06T17:18:50.560Z debug
[InspectorProxyWorker] RUNTIME INCOMING MESSAGE { id: 100001434, result: { id: '1eee3444ae586db1' } }
---

--- 2026-06-06T17:19:00.566Z debug
[InspectorProxyWorker] SEND TO RUNTIME {"method":"Runtime.getIsolateId","id":100001435}
---

--- 2026-06-06T17:19:00.567Z debug
[InspectorProxyWorker] RUNTIME INCOMING MESSAGE { id: 100001435, result: { id: '1eee3444ae586db1' } }
---

--- 2026-06-06T17:19:10.576Z debug
[InspectorProxyWorker] RUNTIME INCOMING MESSAGE { id: 100001436, result: { id: '1eee3444ae586db1' } }
---

--- 2026-06-06T17:19:10.576Z debug
[InspectorProxyWorker] SEND TO RUNTIME {"method":"Runtime.getIsolateId","id":100001436}
---

--- 2026-06-06T17:19:20.591Z debug
[InspectorProxyWorker] SEND TO RUNTIME {"method":"Runtime.getIsolateId","id":100001437}
---

--- 2026-06-06T17:19:20.591Z debug
[InspectorProxyWorker] RUNTIME INCOMING MESSAGE { id: 100001437, result: { id: '1eee3444ae586db1' } }
---

--- 2026-06-06T17:19:30.593Z debug
[InspectorProxyWorker] SEND TO RUNTIME {"method":"Runtime.getIsolateId","id":100001438}
---

--- 2026-06-06T17:19:30.593Z debug
[InspectorProxyWorker] RUNTIME INCOMING MESSAGE { id: 100001438, result: { id: '1eee3444ae586db1' } }
---

--- 2026-06-06T17:19:40.596Z debug
[InspectorProxyWorker] RUNTIME INCOMING MESSAGE { id: 100001439, result: { id: '1eee3444ae586db1' } }
---

--- 2026-06-06T17:19:40.597Z debug
[InspectorProxyWorker] SEND TO RUNTIME {"method":"Runtime.getIsolateId","id":100001439}
---

--- 2026-06-06T17:19:50.598Z debug
[InspectorProxyWorker] SEND TO RUNTIME {"method":"Runtime.getIsolateId","id":100001440}
---

--- 2026-06-06T17:19:50.599Z debug
[InspectorProxyWorker] RUNTIME INCOMING MESSAGE { id: 100001440, result: { id: '1eee3444ae586db1' } }
---

--- 2026-06-06T17:20:00.606Z debug
[InspectorProxyWorker] RUNTIME INCOMING MESSAGE { id: 100001441, result: { id: '1eee3444ae586db1' } }
---

--- 2026-06-06T17:20:00.606Z debug
[InspectorProxyWorker] SEND TO RUNTIME {"method":"Runtime.getIsolateId","id":100001441}
---

--- 2026-06-06T17:20:10.608Z debug
[InspectorProxyWorker] RUNTIME INCOMING MESSAGE { id: 100001442, result: { id: '1eee3444ae586db1' } }
---

--- 2026-06-06T17:20:10.609Z debug
[InspectorProxyWorker] SEND TO RUNTIME {"method":"Runtime.getIsolateId","id":100001442}
---

--- 2026-06-06T17:20:20.613Z debug
[InspectorProxyWorker] RUNTIME INCOMING MESSAGE { id: 100001443, result: { id: '1eee3444ae586db1' } }
---

--- 2026-06-06T17:20:20.615Z debug
[InspectorProxyWorker] SEND TO RUNTIME {"method":"Runtime.getIsolateId","id":100001443}
---

--- 2026-06-06T17:20:30.609Z debug
[InspectorProxyWorker] RUNTIME INCOMING MESSAGE { id: 100001444, result: { id: '1eee3444ae586db1' } }
---

--- 2026-06-06T17:20:30.610Z debug
[InspectorProxyWorker] SEND TO RUNTIME {"method":"Runtime.getIsolateId","id":100001444}
---

--- 2026-06-06T17:20:40.612Z debug
[InspectorProxyWorker] RUNTIME INCOMING MESSAGE { id: 100001445, result: { id: '1eee3444ae586db1' } }
---

--- 2026-06-06T17:20:40.612Z debug
[InspectorProxyWorker] SEND TO RUNTIME {"method":"Runtime.getIsolateId","id":100001445}
---

--- 2026-06-06T17:20:50.612Z debug
[InspectorProxyWorker] RUNTIME INCOMING MESSAGE { id: 100001446, result: { id: '1eee3444ae586db1' } }
---

--- 2026-06-06T17:20:50.612Z debug
[InspectorProxyWorker] SEND TO RUNTIME {"method":"Runtime.getIsolateId","id":100001446}
---

--- 2026-06-06T17:21:00.623Z debug
[InspectorProxyWorker] RUNTIME INCOMING MESSAGE { id: 100001447, result: { id: '1eee3444ae586db1' } }
---

--- 2026-06-06T17:21:00.623Z debug
[InspectorProxyWorker] SEND TO RUNTIME {"method":"Runtime.getIsolateId","id":100001447}
---

--- 2026-06-06T17:21:10.630Z debug
[InspectorProxyWorker] RUNTIME INCOMING MESSAGE { id: 100001448, result: { id: '1eee3444ae586db1' } }
---

--- 2026-06-06T17:21:10.630Z debug
[InspectorProxyWorker] SEND TO RUNTIME {"method":"Runtime.getIsolateId","id":100001448}
---

--- 2026-06-06T17:21:20.643Z debug
[InspectorProxyWorker] RUNTIME INCOMING MESSAGE { id: 100001449, result: { id: '1eee3444ae586db1' } }
---

--- 2026-06-06T17:21:20.643Z debug
[InspectorProxyWorker] SEND TO RUNTIME {"method":"Runtime.getIsolateId","id":100001449}
---

--- 2026-06-06T17:21:30.644Z debug
[InspectorProxyWorker] SEND TO RUNTIME {"method":"Runtime.getIsolateId","id":100001450}
---

--- 2026-06-06T17:21:30.645Z debug
[InspectorProxyWorker] RUNTIME INCOMING MESSAGE { id: 100001450, result: { id: '1eee3444ae586db1' } }
---

--- 2026-06-06T17:21:40.656Z debug
[InspectorProxyWorker] RUNTIME INCOMING MESSAGE { id: 100001451, result: { id: '1eee3444ae586db1' } }
---

--- 2026-06-06T17:21:40.657Z debug
[InspectorProxyWorker] SEND TO RUNTIME {"method":"Runtime.getIsolateId","id":100001451}
---

--- 2026-06-06T17:21:50.672Z debug
[InspectorProxyWorker] SEND TO RUNTIME {"method":"Runtime.getIsolateId","id":100001452}
---

--- 2026-06-06T17:21:50.682Z debug
[InspectorProxyWorker] RUNTIME INCOMING MESSAGE { id: 100001452, result: { id: '1eee3444ae586db1' } }
---

--- 2026-06-06T17:22:00.679Z debug
[InspectorProxyWorker] RUNTIME INCOMING MESSAGE { id: 100001453, result: { id: '1eee3444ae586db1' } }
---

--- 2026-06-06T17:22:00.680Z debug
[InspectorProxyWorker] SEND TO RUNTIME {"method":"Runtime.getIsolateId","id":100001453}
---

--- 2026-06-06T17:22:10.693Z debug
[InspectorProxyWorker] RUNTIME INCOMING MESSAGE { id: 100001454, result: { id: '1eee3444ae586db1' } }
---

--- 2026-06-06T17:22:10.694Z debug
[InspectorProxyWorker] SEND TO RUNTIME {"method":"Runtime.getIsolateId","id":100001454}
---

--- 2026-06-06T17:22:20.693Z debug
[InspectorProxyWorker] SEND TO RUNTIME {"method":"Runtime.getIsolateId","id":100001455}
---

--- 2026-06-06T17:22:20.694Z debug
[InspectorProxyWorker] RUNTIME INCOMING MESSAGE { id: 100001455, result: { id: '1eee3444ae586db1' } }
---

--- 2026-06-06T17:22:30.708Z debug
[InspectorProxyWorker] SEND TO RUNTIME {"method":"Runtime.getIsolateId","id":100001456}
---

--- 2026-06-06T17:22:30.709Z debug
[InspectorProxyWorker] RUNTIME INCOMING MESSAGE { id: 100001456, result: { id: '1eee3444ae586db1' } }
---

--- 2026-06-06T17:22:40.711Z debug
[InspectorProxyWorker] SEND TO RUNTIME {"method":"Runtime.getIsolateId","id":100001457}
---

--- 2026-06-06T17:22:40.711Z debug
[InspectorProxyWorker] RUNTIME INCOMING MESSAGE { id: 100001457, result: { id: '1eee3444ae586db1' } }
---

--- 2026-06-06T17:22:50.709Z debug
[InspectorProxyWorker] SEND TO RUNTIME {"method":"Runtime.getIsolateId","id":100001458}
---

--- 2026-06-06T17:22:50.710Z debug
[InspectorProxyWorker] RUNTIME INCOMING MESSAGE { id: 100001458, result: { id: '1eee3444ae586db1' } }
---

--- 2026-06-06T17:23:00.712Z debug
[InspectorProxyWorker] RUNTIME INCOMING MESSAGE { id: 100001459, result: { id: '1eee3444ae586db1' } }
---

--- 2026-06-06T17:23:00.712Z debug
[InspectorProxyWorker] SEND TO RUNTIME {"method":"Runtime.getIsolateId","id":100001459}
---

--- 2026-06-06T17:23:10.718Z debug
[InspectorProxyWorker] RUNTIME INCOMING MESSAGE { id: 100001460, result: { id: '1eee3444ae586db1' } }
---

--- 2026-06-06T17:23:10.720Z debug
[InspectorProxyWorker] SEND TO RUNTIME {"method":"Runtime.getIsolateId","id":100001460}
---

--- 2026-06-06T17:23:20.726Z debug
[InspectorProxyWorker] SEND TO RUNTIME {"method":"Runtime.getIsolateId","id":100001461}
---

--- 2026-06-06T17:23:20.726Z debug
[InspectorProxyWorker] RUNTIME INCOMING MESSAGE { id: 100001461, result: { id: '1eee3444ae586db1' } }
---

--- 2026-06-06T17:23:30.742Z debug
[InspectorProxyWorker] RUNTIME INCOMING MESSAGE { id: 100001462, result: { id: '1eee3444ae586db1' } }
---

--- 2026-06-06T17:23:30.743Z debug
[InspectorProxyWorker] SEND TO RUNTIME {"method":"Runtime.getIsolateId","id":100001462}
---

--- 2026-06-06T17:23:40.743Z debug
[InspectorProxyWorker] RUNTIME INCOMING MESSAGE { id: 100001463, result: { id: '1eee3444ae586db1' } }
---

--- 2026-06-06T17:23:40.744Z debug
[InspectorProxyWorker] SEND TO RUNTIME {"method":"Runtime.getIsolateId","id":100001463}
---

--- 2026-06-06T17:23:50.744Z debug
[InspectorProxyWorker] SEND TO RUNTIME {"method":"Runtime.getIsolateId","id":100001464}
---

--- 2026-06-06T17:23:50.744Z debug
[InspectorProxyWorker] RUNTIME INCOMING MESSAGE { id: 100001464, result: { id: '1eee3444ae586db1' } }
---

--- 2026-06-06T17:24:00.754Z debug
[InspectorProxyWorker] RUNTIME INCOMING MESSAGE { id: 100001465, result: { id: '1eee3444ae586db1' } }
---

--- 2026-06-06T17:24:00.754Z debug
[InspectorProxyWorker] SEND TO RUNTIME {"method":"Runtime.getIsolateId","id":100001465}
---

--- 2026-06-06T17:24:10.759Z debug
[InspectorProxyWorker] SEND TO RUNTIME {"method":"Runtime.getIsolateId","id":100001466}
---

--- 2026-06-06T17:24:10.760Z debug
[InspectorProxyWorker] RUNTIME INCOMING MESSAGE { id: 100001466, result: { id: '1eee3444ae586db1' } }
---

--- 2026-06-06T17:24:20.775Z debug
[InspectorProxyWorker] RUNTIME INCOMING MESSAGE { id: 100001467, result: { id: '1eee3444ae586db1' } }
---

--- 2026-06-06T17:24:20.775Z debug
[InspectorProxyWorker] SEND TO RUNTIME {"method":"Runtime.getIsolateId","id":100001467}
---

--- 2026-06-06T17:24:30.794Z debug
[InspectorProxyWorker] RUNTIME INCOMING MESSAGE { id: 100001468, result: { id: '1eee3444ae586db1' } }
---

--- 2026-06-06T17:24:30.796Z debug
[InspectorProxyWorker] SEND TO RUNTIME {"method":"Runtime.getIsolateId","id":100001468}
---

--- 2026-06-06T17:24:40.798Z debug
[InspectorProxyWorker] RUNTIME INCOMING MESSAGE { id: 100001469, result: { id: '1eee3444ae586db1' } }
---

--- 2026-06-06T17:24:40.799Z debug
[InspectorProxyWorker] SEND TO RUNTIME {"method":"Runtime.getIsolateId","id":100001469}
---

--- 2026-06-06T17:24:50.809Z debug
[InspectorProxyWorker] RUNTIME INCOMING MESSAGE { id: 100001470, result: { id: '1eee3444ae586db1' } }
---

--- 2026-06-06T17:24:50.810Z debug
[InspectorProxyWorker] SEND TO RUNTIME {"method":"Runtime.getIsolateId","id":100001470}
---

--- 2026-06-06T17:25:00.824Z debug
[InspectorProxyWorker] SEND TO RUNTIME {"method":"Runtime.getIsolateId","id":100001471}
---

--- 2026-06-06T17:25:00.826Z debug
[InspectorProxyWorker] RUNTIME INCOMING MESSAGE { id: 100001471, result: { id: '1eee3444ae586db1' } }
---

--- 2026-06-06T17:25:10.832Z debug
[InspectorProxyWorker] RUNTIME INCOMING MESSAGE { id: 100001472, result: { id: '1eee3444ae586db1' } }
---

--- 2026-06-06T17:25:10.833Z debug
[InspectorProxyWorker] SEND TO RUNTIME {"method":"Runtime.getIsolateId","id":100001472}
---

--- 2026-06-06T17:25:20.844Z debug
[InspectorProxyWorker] RUNTIME INCOMING MESSAGE { id: 100001473, result: { id: '1eee3444ae586db1' } }
---

--- 2026-06-06T17:25:20.845Z debug
[InspectorProxyWorker] SEND TO RUNTIME {"method":"Runtime.getIsolateId","id":100001473}
---

--- 2026-06-06T17:25:30.850Z debug
[InspectorProxyWorker] SEND TO RUNTIME {"method":"Runtime.getIsolateId","id":100001474}
---

--- 2026-06-06T17:25:30.852Z debug
[InspectorProxyWorker] RUNTIME INCOMING MESSAGE { id: 100001474, result: { id: '1eee3444ae586db1' } }
---

--- 2026-06-06T17:25:40.851Z debug
[InspectorProxyWorker] SEND TO RUNTIME {"method":"Runtime.getIsolateId","id":100001475}
---

--- 2026-06-06T17:25:40.851Z debug
[InspectorProxyWorker] RUNTIME INCOMING MESSAGE { id: 100001475, result: { id: '1eee3444ae586db1' } }
---

--- 2026-06-06T17:25:50.860Z debug
[InspectorProxyWorker] SEND TO RUNTIME {"method":"Runtime.getIsolateId","id":100001476}
---

--- 2026-06-06T17:25:50.861Z debug
[InspectorProxyWorker] RUNTIME INCOMING MESSAGE { id: 100001476, result: { id: '1eee3444ae586db1' } }
---

--- 2026-06-06T17:26:00.863Z debug
[InspectorProxyWorker] SEND TO RUNTIME {"method":"Runtime.getIsolateId","id":100001477}
---

--- 2026-06-06T17:26:00.863Z debug
[InspectorProxyWorker] RUNTIME INCOMING MESSAGE { id: 100001477, result: { id: '1eee3444ae586db1' } }
---

--- 2026-06-06T17:26:10.863Z debug
[InspectorProxyWorker] SEND TO RUNTIME {"method":"Runtime.getIsolateId","id":100001478}
---

--- 2026-06-06T17:26:10.864Z debug
[InspectorProxyWorker] RUNTIME INCOMING MESSAGE { id: 100001478, result: { id: '1eee3444ae586db1' } }
---

--- 2026-06-06T17:26:20.873Z debug
[InspectorProxyWorker] RUNTIME INCOMING MESSAGE { id: 100001479, result: { id: '1eee3444ae586db1' } }
---

--- 2026-06-06T17:26:20.874Z debug
[InspectorProxyWorker] SEND TO RUNTIME {"method":"Runtime.getIsolateId","id":100001479}
---

--- 2026-06-06T17:26:30.879Z debug
[InspectorProxyWorker] SEND TO RUNTIME {"method":"Runtime.getIsolateId","id":100001480}
---

--- 2026-06-06T17:26:30.879Z debug
[InspectorProxyWorker] RUNTIME INCOMING MESSAGE { id: 100001480, result: { id: '1eee3444ae586db1' } }
---

--- 2026-06-06T17:26:40.897Z debug
[InspectorProxyWorker] SEND TO RUNTIME {"method":"Runtime.getIsolateId","id":100001481}
---

--- 2026-06-06T17:26:40.898Z debug
[InspectorProxyWorker] RUNTIME INCOMING MESSAGE { id: 100001481, result: { id: '1eee3444ae586db1' } }
---

--- 2026-06-06T17:26:50.914Z debug
[InspectorProxyWorker] SEND TO RUNTIME {"method":"Runtime.getIsolateId","id":100001482}
---

--- 2026-06-06T17:26:50.916Z debug
[InspectorProxyWorker] RUNTIME INCOMING MESSAGE { id: 100001482, result: { id: '1eee3444ae586db1' } }
---

--- 2026-06-06T17:27:00.926Z debug
[InspectorProxyWorker] RUNTIME INCOMING MESSAGE { id: 100001483, result: { id: '1eee3444ae586db1' } }
---

--- 2026-06-06T17:27:00.926Z debug
[InspectorProxyWorker] SEND TO RUNTIME {"method":"Runtime.getIsolateId","id":100001483}
---

--- 2026-06-06T17:27:10.937Z debug
[InspectorProxyWorker] RUNTIME INCOMING MESSAGE { id: 100001484, result: { id: '1eee3444ae586db1' } }
---

--- 2026-06-06T17:27:10.937Z debug
[InspectorProxyWorker] SEND TO RUNTIME {"method":"Runtime.getIsolateId","id":100001484}
---

--- 2026-06-06T17:27:20.938Z debug
[InspectorProxyWorker] SEND TO RUNTIME {"method":"Runtime.getIsolateId","id":100001485}
---

--- 2026-06-06T17:27:20.939Z debug
[InspectorProxyWorker] RUNTIME INCOMING MESSAGE { id: 100001485, result: { id: '1eee3444ae586db1' } }
---

--- 2026-06-06T17:27:30.954Z debug
[InspectorProxyWorker] SEND TO RUNTIME {"method":"Runtime.getIsolateId","id":100001486}
---

--- 2026-06-06T17:27:30.955Z debug
[InspectorProxyWorker] RUNTIME INCOMING MESSAGE { id: 100001486, result: { id: '1eee3444ae586db1' } }
---

--- 2026-06-06T17:27:40.954Z debug
[InspectorProxyWorker] SEND TO RUNTIME {"method":"Runtime.getIsolateId","id":100001487}
---

--- 2026-06-06T17:27:40.955Z debug
[InspectorProxyWorker] RUNTIME INCOMING MESSAGE { id: 100001487, result: { id: '1eee3444ae586db1' } }
---

--- 2026-06-06T17:27:50.968Z debug
[InspectorProxyWorker] SEND TO RUNTIME {"method":"Runtime.getIsolateId","id":100001488}
---

--- 2026-06-06T17:27:50.968Z debug
[InspectorProxyWorker] RUNTIME INCOMING MESSAGE { id: 100001488, result: { id: '1eee3444ae586db1' } }
---

--- 2026-06-06T17:28:00.968Z debug
[InspectorProxyWorker] SEND TO RUNTIME {"method":"Runtime.getIsolateId","id":100001489}
---

--- 2026-06-06T17:28:00.969Z debug
[InspectorProxyWorker] RUNTIME INCOMING MESSAGE { id: 100001489, result: { id: '1eee3444ae586db1' } }
---

--- 2026-06-06T17:28:10.970Z debug
[InspectorProxyWorker] SEND TO RUNTIME {"method":"Runtime.getIsolateId","id":100001490}
---

--- 2026-06-06T17:28:10.971Z debug
[InspectorProxyWorker] RUNTIME INCOMING MESSAGE { id: 100001490, result: { id: '1eee3444ae586db1' } }
---

--- 2026-06-06T17:28:20.984Z debug
[InspectorProxyWorker] RUNTIME INCOMING MESSAGE { id: 100001491, result: { id: '1eee3444ae586db1' } }
---

--- 2026-06-06T17:28:20.985Z debug
[InspectorProxyWorker] SEND TO RUNTIME {"method":"Runtime.getIsolateId","id":100001491}
---

--- 2026-06-06T17:28:30.989Z debug
[InspectorProxyWorker] RUNTIME INCOMING MESSAGE { id: 100001492, result: { id: '1eee3444ae586db1' } }
---

--- 2026-06-06T17:28:30.989Z debug
[InspectorProxyWorker] SEND TO RUNTIME {"method":"Runtime.getIsolateId","id":100001492}
---

--- 2026-06-06T17:28:41.002Z debug
[InspectorProxyWorker] RUNTIME INCOMING MESSAGE { id: 100001493, result: { id: '1eee3444ae586db1' } }
---

--- 2026-06-06T17:28:41.003Z debug
[InspectorProxyWorker] SEND TO RUNTIME {"method":"Runtime.getIsolateId","id":100001493}
---

--- 2026-06-06T17:28:51.004Z debug
[InspectorProxyWorker] SEND TO RUNTIME {"method":"Runtime.getIsolateId","id":100001494}
---

--- 2026-06-06T17:28:51.005Z debug
[InspectorProxyWorker] RUNTIME INCOMING MESSAGE { id: 100001494, result: { id: '1eee3444ae586db1' } }
---

--- 2026-06-06T17:29:01.019Z debug
[InspectorProxyWorker] RUNTIME INCOMING MESSAGE { id: 100001495, result: { id: '1eee3444ae586db1' } }
---

--- 2026-06-06T17:29:01.019Z debug
[InspectorProxyWorker] SEND TO RUNTIME {"method":"Runtime.getIsolateId","id":100001495}
---

--- 2026-06-06T17:29:11.021Z debug
[InspectorProxyWorker] SEND TO RUNTIME {"method":"Runtime.getIsolateId","id":100001496}
---

--- 2026-06-06T17:29:11.021Z debug
[InspectorProxyWorker] RUNTIME INCOMING MESSAGE { id: 100001496, result: { id: '1eee3444ae586db1' } }
---

--- 2026-06-06T17:29:21.037Z debug
[InspectorProxyWorker] SEND TO RUNTIME {"method":"Runtime.getIsolateId","id":100001497}
---

--- 2026-06-06T17:29:21.037Z debug
[InspectorProxyWorker] RUNTIME INCOMING MESSAGE { id: 100001497, result: { id: '1eee3444ae586db1' } }
---

--- 2026-06-06T17:29:31.038Z debug
[InspectorProxyWorker] SEND TO RUNTIME {"method":"Runtime.getIsolateId","id":100001498}
---

--- 2026-06-06T17:29:31.038Z debug
[InspectorProxyWorker] RUNTIME INCOMING MESSAGE { id: 100001498, result: { id: '1eee3444ae586db1' } }
---

--- 2026-06-06T17:29:41.040Z debug
[InspectorProxyWorker] RUNTIME INCOMING MESSAGE { id: 100001499, result: { id: '1eee3444ae586db1' } }
---

--- 2026-06-06T17:29:41.040Z debug
[InspectorProxyWorker] SEND TO RUNTIME {"method":"Runtime.getIsolateId","id":100001499}
---

--- 2026-06-06T17:29:51.052Z debug
[InspectorProxyWorker] SEND TO RUNTIME {"method":"Runtime.getIsolateId","id":100001500}
---

--- 2026-06-06T17:29:51.053Z debug
[InspectorProxyWorker] RUNTIME INCOMING MESSAGE { id: 100001500, result: { id: '1eee3444ae586db1' } }
---

--- 2026-06-06T17:30:01.056Z debug
[InspectorProxyWorker] SEND TO RUNTIME {"method":"Runtime.getIsolateId","id":100001501}
---

--- 2026-06-06T17:30:01.057Z debug
[InspectorProxyWorker] RUNTIME INCOMING MESSAGE { id: 100001501, result: { id: '1eee3444ae586db1' } }
---

--- 2026-06-06T17:30:11.057Z debug
[InspectorProxyWorker] SEND TO RUNTIME {"method":"Runtime.getIsolateId","id":100001502}
---

--- 2026-06-06T17:30:11.057Z debug
[InspectorProxyWorker] RUNTIME INCOMING MESSAGE { id: 100001502, result: { id: '1eee3444ae586db1' } }
---

--- 2026-06-06T17:30:21.070Z debug
[InspectorProxyWorker] SEND TO RUNTIME {"method":"Runtime.getIsolateId","id":100001503}
---

--- 2026-06-06T17:30:21.070Z debug
[InspectorProxyWorker] RUNTIME INCOMING MESSAGE { id: 100001503, result: { id: '1eee3444ae586db1' } }
---

--- 2026-06-06T17:30:31.073Z debug
[InspectorProxyWorker] SEND TO RUNTIME {"method":"Runtime.getIsolateId","id":100001504}
---

--- 2026-06-06T17:30:31.074Z debug
[InspectorProxyWorker] RUNTIME INCOMING MESSAGE { id: 100001504, result: { id: '1eee3444ae586db1' } }
---

--- 2026-06-06T17:30:41.089Z debug
[InspectorProxyWorker] SEND TO RUNTIME {"method":"Runtime.getIsolateId","id":100001505}
---

--- 2026-06-06T17:30:41.090Z debug
[InspectorProxyWorker] RUNTIME INCOMING MESSAGE { id: 100001505, result: { id: '1eee3444ae586db1' } }
---

--- 2026-06-06T17:30:51.105Z debug
[InspectorProxyWorker] RUNTIME INCOMING MESSAGE { id: 100001506, result: { id: '1eee3444ae586db1' } }
---

--- 2026-06-06T17:30:51.105Z debug
[InspectorProxyWorker] SEND TO RUNTIME {"method":"Runtime.getIsolateId","id":100001506}
---

--- 2026-06-06T17:31:01.105Z debug
[InspectorProxyWorker] RUNTIME INCOMING MESSAGE { id: 100001507, result: { id: '1eee3444ae586db1' } }
---

--- 2026-06-06T17:31:01.106Z debug
[InspectorProxyWorker] SEND TO RUNTIME {"method":"Runtime.getIsolateId","id":100001507}
---

--- 2026-06-06T17:31:11.106Z debug
[InspectorProxyWorker] SEND TO RUNTIME {"method":"Runtime.getIsolateId","id":100001508}
---

--- 2026-06-06T17:31:11.107Z debug
[InspectorProxyWorker] RUNTIME INCOMING MESSAGE { id: 100001508, result: { id: '1eee3444ae586db1' } }
---

--- 2026-06-06T17:31:21.108Z debug
[InspectorProxyWorker] RUNTIME INCOMING MESSAGE { id: 100001509, result: { id: '1eee3444ae586db1' } }
---

--- 2026-06-06T17:31:21.108Z debug
[InspectorProxyWorker] SEND TO RUNTIME {"method":"Runtime.getIsolateId","id":100001509}
---

--- 2026-06-06T17:31:31.123Z debug
[InspectorProxyWorker] SEND TO RUNTIME {"method":"Runtime.getIsolateId","id":100001510}
---

--- 2026-06-06T17:31:31.124Z debug
[InspectorProxyWorker] RUNTIME INCOMING MESSAGE { id: 100001510, result: { id: '1eee3444ae586db1' } }
---

--- 2026-06-06T17:31:41.124Z debug
[InspectorProxyWorker] SEND TO RUNTIME {"method":"Runtime.getIsolateId","id":100001511}
---

--- 2026-06-06T17:31:41.125Z debug
[InspectorProxyWorker] RUNTIME INCOMING MESSAGE { id: 100001511, result: { id: '1eee3444ae586db1' } }
---

--- 2026-06-06T17:31:51.139Z debug
[InspectorProxyWorker] SEND TO RUNTIME {"method":"Runtime.getIsolateId","id":100001512}
---

--- 2026-06-06T17:31:51.140Z debug
[InspectorProxyWorker] RUNTIME INCOMING MESSAGE { id: 100001512, result: { id: '1eee3444ae586db1' } }
---

--- 2026-06-06T17:32:01.141Z debug
[InspectorProxyWorker] SEND TO RUNTIME {"method":"Runtime.getIsolateId","id":100001513}
---

--- 2026-06-06T17:32:01.141Z debug
[InspectorProxyWorker] RUNTIME INCOMING MESSAGE { id: 100001513, result: { id: '1eee3444ae586db1' } }
---

--- 2026-06-06T17:32:11.152Z debug
[InspectorProxyWorker] RUNTIME INCOMING MESSAGE { id: 100001514, result: { id: '1eee3444ae586db1' } }
---

--- 2026-06-06T17:32:11.153Z debug
[InspectorProxyWorker] SEND TO RUNTIME {"method":"Runtime.getIsolateId","id":100001514}
---

--- 2026-06-06T17:32:21.156Z debug
[InspectorProxyWorker] SEND TO RUNTIME {"method":"Runtime.getIsolateId","id":100001515}
---

--- 2026-06-06T17:32:21.157Z debug
[InspectorProxyWorker] RUNTIME INCOMING MESSAGE { id: 100001515, result: { id: '1eee3444ae586db1' } }
---

--- 2026-06-06T17:32:31.169Z debug
[InspectorProxyWorker] SEND TO RUNTIME {"method":"Runtime.getIsolateId","id":100001516}
---

--- 2026-06-06T17:32:31.169Z debug
[InspectorProxyWorker] RUNTIME INCOMING MESSAGE { id: 100001516, result: { id: '1eee3444ae586db1' } }
---

--- 2026-06-06T17:32:41.171Z debug
[InspectorProxyWorker] SEND TO RUNTIME {"method":"Runtime.getIsolateId","id":100001517}
---

--- 2026-06-06T17:32:41.171Z debug
[InspectorProxyWorker] RUNTIME INCOMING MESSAGE { id: 100001517, result: { id: '1eee3444ae586db1' } }
---

--- 2026-06-06T17:32:51.184Z debug
[InspectorProxyWorker] SEND TO RUNTIME {"method":"Runtime.getIsolateId","id":100001518}
---

--- 2026-06-06T17:32:51.185Z debug
[InspectorProxyWorker] RUNTIME INCOMING MESSAGE { id: 100001518, result: { id: '1eee3444ae586db1' } }
---

--- 2026-06-06T17:33:01.192Z debug
[InspectorProxyWorker] RUNTIME INCOMING MESSAGE { id: 100001519, result: { id: '1eee3444ae586db1' } }
---

--- 2026-06-06T17:33:01.193Z debug
[InspectorProxyWorker] SEND TO RUNTIME {"method":"Runtime.getIsolateId","id":100001519}
---

--- 2026-06-06T17:33:11.207Z debug
[InspectorProxyWorker] SEND TO RUNTIME {"method":"Runtime.getIsolateId","id":100001520}
---

--- 2026-06-06T17:33:11.207Z debug
[InspectorProxyWorker] RUNTIME INCOMING MESSAGE { id: 100001520, result: { id: '1eee3444ae586db1' } }
---

--- 2026-06-06T17:33:21.222Z debug
[InspectorProxyWorker] RUNTIME INCOMING MESSAGE { id: 100001521, result: { id: '1eee3444ae586db1' } }
---

--- 2026-06-06T17:33:21.222Z debug
[InspectorProxyWorker] SEND TO RUNTIME {"method":"Runtime.getIsolateId","id":100001521}
---

--- 2026-06-06T17:33:31.235Z debug
[InspectorProxyWorker] SEND TO RUNTIME {"method":"Runtime.getIsolateId","id":100001522}
---

--- 2026-06-06T17:33:31.235Z debug
[InspectorProxyWorker] RUNTIME INCOMING MESSAGE { id: 100001522, result: { id: '1eee3444ae586db1' } }
---

--- 2026-06-06T17:33:41.236Z debug
[InspectorProxyWorker] SEND TO RUNTIME {"method":"Runtime.getIsolateId","id":100001523}
---

--- 2026-06-06T17:33:41.237Z debug
[InspectorProxyWorker] RUNTIME INCOMING MESSAGE { id: 100001523, result: { id: '1eee3444ae586db1' } }
---

--- 2026-06-06T17:33:51.240Z debug
[InspectorProxyWorker] SEND TO RUNTIME {"method":"Runtime.getIsolateId","id":100001524}
---

--- 2026-06-06T17:33:51.241Z debug
[InspectorProxyWorker] RUNTIME INCOMING MESSAGE { id: 100001524, result: { id: '1eee3444ae586db1' } }
---

--- 2026-06-06T17:34:01.255Z debug
[InspectorProxyWorker] SEND TO RUNTIME {"method":"Runtime.getIsolateId","id":100001525}
---

--- 2026-06-06T17:34:01.255Z debug
[InspectorProxyWorker] RUNTIME INCOMING MESSAGE { id: 100001525, result: { id: '1eee3444ae586db1' } }
---

--- 2026-06-06T17:34:11.265Z debug
[InspectorProxyWorker] RUNTIME INCOMING MESSAGE { id: 100001526, result: { id: '1eee3444ae586db1' } }
---

--- 2026-06-06T17:34:11.266Z debug
[InspectorProxyWorker] SEND TO RUNTIME {"method":"Runtime.getIsolateId","id":100001526}
---

--- 2026-06-06T17:34:21.271Z debug
[InspectorProxyWorker] RUNTIME INCOMING MESSAGE { id: 100001527, result: { id: '1eee3444ae586db1' } }
---

--- 2026-06-06T17:34:21.272Z debug
[InspectorProxyWorker] SEND TO RUNTIME {"method":"Runtime.getIsolateId","id":100001527}
---

--- 2026-06-06T17:34:31.283Z debug
[InspectorProxyWorker] SEND TO RUNTIME {"method":"Runtime.getIsolateId","id":100001528}
---

--- 2026-06-06T17:34:31.284Z debug
[InspectorProxyWorker] RUNTIME INCOMING MESSAGE { id: 100001528, result: { id: '1eee3444ae586db1' } }
---

--- 2026-06-06T17:34:41.290Z debug
[InspectorProxyWorker] SEND TO RUNTIME {"method":"Runtime.getIsolateId","id":100001529}
---

--- 2026-06-06T17:34:41.291Z debug
[InspectorProxyWorker] RUNTIME INCOMING MESSAGE { id: 100001529, result: { id: '1eee3444ae586db1' } }
---

--- 2026-06-06T17:34:51.305Z debug
[InspectorProxyWorker] SEND TO RUNTIME {"method":"Runtime.getIsolateId","id":100001530}
---

--- 2026-06-06T17:34:51.305Z debug
[InspectorProxyWorker] RUNTIME INCOMING MESSAGE { id: 100001530, result: { id: '1eee3444ae586db1' } }
---

--- 2026-06-06T17:35:01.306Z debug
[InspectorProxyWorker] SEND TO RUNTIME {"method":"Runtime.getIsolateId","id":100001531}
---

--- 2026-06-06T17:35:01.306Z debug
[InspectorProxyWorker] RUNTIME INCOMING MESSAGE { id: 100001531, result: { id: '1eee3444ae586db1' } }
---

--- 2026-06-06T17:35:11.307Z debug
[InspectorProxyWorker] SEND TO RUNTIME {"method":"Runtime.getIsolateId","id":100001532}
---

--- 2026-06-06T17:35:11.308Z debug
[InspectorProxyWorker] RUNTIME INCOMING MESSAGE { id: 100001532, result: { id: '1eee3444ae586db1' } }
---

--- 2026-06-06T17:35:21.312Z debug
[InspectorProxyWorker] SEND TO RUNTIME {"method":"Runtime.getIsolateId","id":100001533}
---

--- 2026-06-06T17:35:21.313Z debug
[InspectorProxyWorker] RUNTIME INCOMING MESSAGE { id: 100001533, result: { id: '1eee3444ae586db1' } }
---

--- 2026-06-06T17:35:31.319Z debug
[InspectorProxyWorker] SEND TO RUNTIME {"method":"Runtime.getIsolateId","id":100001534}
---

--- 2026-06-06T17:35:31.320Z debug
[InspectorProxyWorker] RUNTIME INCOMING MESSAGE { id: 100001534, result: { id: '1eee3444ae586db1' } }
---

--- 2026-06-06T17:35:41.322Z debug
[InspectorProxyWorker] SEND TO RUNTIME {"method":"Runtime.getIsolateId","id":100001535}
---

--- 2026-06-06T17:35:41.323Z debug
[InspectorProxyWorker] RUNTIME INCOMING MESSAGE { id: 100001535, result: { id: '1eee3444ae586db1' } }
---

--- 2026-06-06T17:35:51.331Z debug
[InspectorProxyWorker] SEND TO RUNTIME {"method":"Runtime.getIsolateId","id":100001536}
---

--- 2026-06-06T17:35:51.331Z debug
[InspectorProxyWorker] RUNTIME INCOMING MESSAGE { id: 100001536, result: { id: '1eee3444ae586db1' } }
---

--- 2026-06-06T17:36:01.342Z debug
[InspectorProxyWorker] SEND TO RUNTIME {"method":"Runtime.getIsolateId","id":100001537}
---

--- 2026-06-06T17:36:01.342Z debug
[InspectorProxyWorker] RUNTIME INCOMING MESSAGE { id: 100001537, result: { id: '1eee3444ae586db1' } }
---

--- 2026-06-06T17:36:11.356Z debug
[InspectorProxyWorker] SEND TO RUNTIME {"method":"Runtime.getIsolateId","id":100001538}
---

--- 2026-06-06T17:36:11.356Z debug
[InspectorProxyWorker] RUNTIME INCOMING MESSAGE { id: 100001538, result: { id: '1eee3444ae586db1' } }
---

--- 2026-06-06T17:36:21.367Z debug
[InspectorProxyWorker] RUNTIME INCOMING MESSAGE { id: 100001539, result: { id: '1eee3444ae586db1' } }
---

--- 2026-06-06T17:36:21.367Z debug
[InspectorProxyWorker] SEND TO RUNTIME {"method":"Runtime.getIsolateId","id":100001539}
---

--- 2026-06-06T17:36:31.370Z debug
[InspectorProxyWorker] SEND TO RUNTIME {"method":"Runtime.getIsolateId","id":100001540}
---

--- 2026-06-06T17:36:31.370Z debug
[InspectorProxyWorker] RUNTIME INCOMING MESSAGE { id: 100001540, result: { id: '1eee3444ae586db1' } }
---

--- 2026-06-06T17:36:41.372Z debug
[InspectorProxyWorker] SEND TO RUNTIME {"method":"Runtime.getIsolateId","id":100001541}
---

--- 2026-06-06T17:36:41.372Z debug
[InspectorProxyWorker] RUNTIME INCOMING MESSAGE { id: 100001541, result: { id: '1eee3444ae586db1' } }
---

--- 2026-06-06T17:36:51.384Z debug
[InspectorProxyWorker] RUNTIME INCOMING MESSAGE { id: 100001542, result: { id: '1eee3444ae586db1' } }
---

--- 2026-06-06T17:36:51.385Z debug
[InspectorProxyWorker] SEND TO RUNTIME {"method":"Runtime.getIsolateId","id":100001542}
---

--- 2026-06-06T17:37:01.397Z debug
[InspectorProxyWorker] SEND TO RUNTIME {"method":"Runtime.getIsolateId","id":100001543}
---

--- 2026-06-06T17:37:01.398Z debug
[InspectorProxyWorker] RUNTIME INCOMING MESSAGE { id: 100001543, result: { id: '1eee3444ae586db1' } }
---

--- 2026-06-06T17:37:11.409Z debug
[InspectorProxyWorker] SEND TO RUNTIME {"method":"Runtime.getIsolateId","id":100001544}
---

--- 2026-06-06T17:37:11.410Z debug
[InspectorProxyWorker] RUNTIME INCOMING MESSAGE { id: 100001544, result: { id: '1eee3444ae586db1' } }
---

--- 2026-06-06T17:37:21.415Z debug
[InspectorProxyWorker] SEND TO RUNTIME {"method":"Runtime.getIsolateId","id":100001545}
---

--- 2026-06-06T17:37:21.415Z debug
[InspectorProxyWorker] RUNTIME INCOMING MESSAGE { id: 100001545, result: { id: '1eee3444ae586db1' } }
---

--- 2026-06-06T17:37:31.424Z debug
[InspectorProxyWorker] SEND TO RUNTIME {"method":"Runtime.getIsolateId","id":100001546}
---

--- 2026-06-06T17:37:31.425Z debug
[InspectorProxyWorker] RUNTIME INCOMING MESSAGE { id: 100001546, result: { id: '1eee3444ae586db1' } }
---

--- 2026-06-06T17:37:41.436Z debug
[InspectorProxyWorker] RUNTIME INCOMING MESSAGE { id: 100001547, result: { id: '1eee3444ae586db1' } }
---

--- 2026-06-06T17:37:41.436Z debug
[InspectorProxyWorker] SEND TO RUNTIME {"method":"Runtime.getIsolateId","id":100001547}
---

--- 2026-06-06T17:37:51.444Z debug
[InspectorProxyWorker] RUNTIME INCOMING MESSAGE { id: 100001548, result: { id: '1eee3444ae586db1' } }
---

--- 2026-06-06T17:37:51.444Z debug
[InspectorProxyWorker] SEND TO RUNTIME {"method":"Runtime.getIsolateId","id":100001548}
---

--- 2026-06-06T17:38:01.448Z debug
[InspectorProxyWorker] SEND TO RUNTIME {"method":"Runtime.getIsolateId","id":100001549}
---

--- 2026-06-06T17:38:01.448Z debug
[InspectorProxyWorker] RUNTIME INCOMING MESSAGE { id: 100001549, result: { id: '1eee3444ae586db1' } }
---

--- 2026-06-06T17:38:11.459Z debug
[InspectorProxyWorker] SEND TO RUNTIME {"method":"Runtime.getIsolateId","id":100001550}
---

--- 2026-06-06T17:38:11.460Z debug
[InspectorProxyWorker] RUNTIME INCOMING MESSAGE { id: 100001550, result: { id: '1eee3444ae586db1' } }
---

--- 2026-06-06T17:38:21.471Z debug
[InspectorProxyWorker] SEND TO RUNTIME {"method":"Runtime.getIsolateId","id":100001551}
---

--- 2026-06-06T17:38:21.471Z debug
[InspectorProxyWorker] RUNTIME INCOMING MESSAGE { id: 100001551, result: { id: '1eee3444ae586db1' } }
---

--- 2026-06-06T17:38:31.485Z debug
[InspectorProxyWorker] RUNTIME INCOMING MESSAGE { id: 100001552, result: { id: '1eee3444ae586db1' } }
---

--- 2026-06-06T17:38:31.485Z debug
[InspectorProxyWorker] SEND TO RUNTIME {"method":"Runtime.getIsolateId","id":100001552}
---

--- 2026-06-06T17:38:41.491Z debug
[InspectorProxyWorker] SEND TO RUNTIME {"method":"Runtime.getIsolateId","id":100001553}
---

--- 2026-06-06T17:38:41.491Z debug
[InspectorProxyWorker] RUNTIME INCOMING MESSAGE { id: 100001553, result: { id: '1eee3444ae586db1' } }
---

--- 2026-06-06T17:38:51.500Z debug
[InspectorProxyWorker] RUNTIME INCOMING MESSAGE { id: 100001554, result: { id: '1eee3444ae586db1' } }
---

--- 2026-06-06T17:38:51.500Z debug
[InspectorProxyWorker] SEND TO RUNTIME {"method":"Runtime.getIsolateId","id":100001554}
---

--- 2026-06-06T17:39:01.508Z debug
[InspectorProxyWorker] RUNTIME INCOMING MESSAGE { id: 100001555, result: { id: '1eee3444ae586db1' } }
---

--- 2026-06-06T17:39:01.508Z debug
[InspectorProxyWorker] SEND TO RUNTIME {"method":"Runtime.getIsolateId","id":100001555}
---

--- 2026-06-06T17:39:11.512Z debug
[InspectorProxyWorker] RUNTIME INCOMING MESSAGE { id: 100001556, result: { id: '1eee3444ae586db1' } }
---

--- 2026-06-06T17:39:11.513Z debug
[InspectorProxyWorker] SEND TO RUNTIME {"method":"Runtime.getIsolateId","id":100001556}
---

--- 2026-06-06T17:39:21.517Z debug
[InspectorProxyWorker] SEND TO RUNTIME {"method":"Runtime.getIsolateId","id":100001557}
---

--- 2026-06-06T17:39:21.518Z debug
[InspectorProxyWorker] RUNTIME INCOMING MESSAGE { id: 100001557, result: { id: '1eee3444ae586db1' } }
---

--- 2026-06-06T17:39:31.530Z debug
[InspectorProxyWorker] SEND TO RUNTIME {"method":"Runtime.getIsolateId","id":100001558}
---

--- 2026-06-06T17:39:31.530Z debug
[InspectorProxyWorker] RUNTIME INCOMING MESSAGE { id: 100001558, result: { id: '1eee3444ae586db1' } }
---

--- 2026-06-06T17:39:41.545Z debug
[InspectorProxyWorker] SEND TO RUNTIME {"method":"Runtime.getIsolateId","id":100001559}
---

--- 2026-06-06T17:39:41.546Z debug
[InspectorProxyWorker] RUNTIME INCOMING MESSAGE { id: 100001559, result: { id: '1eee3444ae586db1' } }
---

--- 2026-06-06T17:39:51.547Z debug
[InspectorProxyWorker] SEND TO RUNTIME {"method":"Runtime.getIsolateId","id":100001560}
---

--- 2026-06-06T17:39:51.547Z debug
[InspectorProxyWorker] RUNTIME INCOMING MESSAGE { id: 100001560, result: { id: '1eee3444ae586db1' } }
---

--- 2026-06-06T17:40:01.551Z debug
[InspectorProxyWorker] SEND TO RUNTIME {"method":"Runtime.getIsolateId","id":100001561}
---

--- 2026-06-06T17:40:01.551Z debug
[InspectorProxyWorker] RUNTIME INCOMING MESSAGE { id: 100001561, result: { id: '1eee3444ae586db1' } }
---

--- 2026-06-06T17:40:11.564Z debug
[InspectorProxyWorker] SEND TO RUNTIME {"method":"Runtime.getIsolateId","id":100001562}
---

--- 2026-06-06T17:40:11.565Z debug
[InspectorProxyWorker] RUNTIME INCOMING MESSAGE { id: 100001562, result: { id: '1eee3444ae586db1' } }
---

--- 2026-06-06T17:40:21.568Z debug
[InspectorProxyWorker] SEND TO RUNTIME {"method":"Runtime.getIsolateId","id":100001563}
---

--- 2026-06-06T17:40:21.568Z debug
[InspectorProxyWorker] RUNTIME INCOMING MESSAGE { id: 100001563, result: { id: '1eee3444ae586db1' } }
---

--- 2026-06-06T17:40:31.580Z debug
[InspectorProxyWorker] SEND TO RUNTIME {"method":"Runtime.getIsolateId","id":100001564}
---

--- 2026-06-06T17:40:31.580Z debug
[InspectorProxyWorker] RUNTIME INCOMING MESSAGE { id: 100001564, result: { id: '1eee3444ae586db1' } }
---

--- 2026-06-06T17:40:41.589Z debug
[InspectorProxyWorker] RUNTIME INCOMING MESSAGE { id: 100001565, result: { id: '1eee3444ae586db1' } }
---

--- 2026-06-06T17:40:41.590Z debug
[InspectorProxyWorker] SEND TO RUNTIME {"method":"Runtime.getIsolateId","id":100001565}
---

--- 2026-06-06T17:40:51.598Z debug
[InspectorProxyWorker] SEND TO RUNTIME {"method":"Runtime.getIsolateId","id":100001566}
---

--- 2026-06-06T17:40:51.599Z debug
[InspectorProxyWorker] RUNTIME INCOMING MESSAGE { id: 100001566, result: { id: '1eee3444ae586db1' } }
---

--- 2026-06-06T17:41:01.611Z debug
[InspectorProxyWorker] SEND TO RUNTIME {"method":"Runtime.getIsolateId","id":100001567}
---

--- 2026-06-06T17:41:01.611Z debug
[InspectorProxyWorker] RUNTIME INCOMING MESSAGE { id: 100001567, result: { id: '1eee3444ae586db1' } }
---

--- 2026-06-06T17:41:11.615Z debug
[InspectorProxyWorker] SEND TO RUNTIME {"method":"Runtime.getIsolateId","id":100001568}
---

--- 2026-06-06T17:41:11.616Z debug
[InspectorProxyWorker] RUNTIME INCOMING MESSAGE { id: 100001568, result: { id: '1eee3444ae586db1' } }
---

--- 2026-06-06T17:41:21.627Z debug
[InspectorProxyWorker] SEND TO RUNTIME {"method":"Runtime.getIsolateId","id":100001569}
---

--- 2026-06-06T17:41:21.628Z debug
[InspectorProxyWorker] RUNTIME INCOMING MESSAGE { id: 100001569, result: { id: '1eee3444ae586db1' } }
---

--- 2026-06-06T17:41:31.633Z debug
[InspectorProxyWorker] SEND TO RUNTIME {"method":"Runtime.getIsolateId","id":100001570}
---

--- 2026-06-06T17:41:31.634Z debug
[InspectorProxyWorker] RUNTIME INCOMING MESSAGE { id: 100001570, result: { id: '1eee3444ae586db1' } }
---

--- 2026-06-06T17:41:41.646Z debug
[InspectorProxyWorker] SEND TO RUNTIME {"method":"Runtime.getIsolateId","id":100001571}
---

--- 2026-06-06T17:41:41.647Z debug
[InspectorProxyWorker] RUNTIME INCOMING MESSAGE { id: 100001571, result: { id: '1eee3444ae586db1' } }
---

--- 2026-06-06T17:41:51.660Z debug
[InspectorProxyWorker] RUNTIME INCOMING MESSAGE { id: 100001572, result: { id: '1eee3444ae586db1' } }
---

--- 2026-06-06T17:41:51.661Z debug
[InspectorProxyWorker] SEND TO RUNTIME {"method":"Runtime.getIsolateId","id":100001572}
---

--- 2026-06-06T17:42:01.663Z debug
[InspectorProxyWorker] SEND TO RUNTIME {"method":"Runtime.getIsolateId","id":100001573}
---

--- 2026-06-06T17:42:01.663Z debug
[InspectorProxyWorker] RUNTIME INCOMING MESSAGE { id: 100001573, result: { id: '1eee3444ae586db1' } }
---

--- 2026-06-06T17:42:11.678Z debug
[InspectorProxyWorker] RUNTIME INCOMING MESSAGE { id: 100001574, result: { id: '1eee3444ae586db1' } }
---

--- 2026-06-06T17:42:11.679Z debug
[InspectorProxyWorker] SEND TO RUNTIME {"method":"Runtime.getIsolateId","id":100001574}
---

--- 2026-06-06T17:42:21.693Z debug
[InspectorProxyWorker] SEND TO RUNTIME {"method":"Runtime.getIsolateId","id":100001575}
---

--- 2026-06-06T17:42:21.694Z debug
[InspectorProxyWorker] RUNTIME INCOMING MESSAGE { id: 100001575, result: { id: '1eee3444ae586db1' } }
---

--- 2026-06-06T17:42:31.696Z debug
[InspectorProxyWorker] RUNTIME INCOMING MESSAGE { id: 100001576, result: { id: '1eee3444ae586db1' } }
---

--- 2026-06-06T17:42:31.697Z debug
[InspectorProxyWorker] SEND TO RUNTIME {"method":"Runtime.getIsolateId","id":100001576}
---

--- 2026-06-06T17:42:41.697Z debug
[InspectorProxyWorker] SEND TO RUNTIME {"method":"Runtime.getIsolateId","id":100001577}
---

--- 2026-06-06T17:42:41.697Z debug
[InspectorProxyWorker] RUNTIME INCOMING MESSAGE { id: 100001577, result: { id: '1eee3444ae586db1' } }
---

--- 2026-06-06T17:42:51.698Z debug
[InspectorProxyWorker] SEND TO RUNTIME {"method":"Runtime.getIsolateId","id":100001578}
---

--- 2026-06-06T17:42:51.698Z debug
[InspectorProxyWorker] RUNTIME INCOMING MESSAGE { id: 100001578, result: { id: '1eee3444ae586db1' } }
---

--- 2026-06-06T17:43:01.711Z debug
[InspectorProxyWorker] RUNTIME INCOMING MESSAGE { id: 100001579, result: { id: '1eee3444ae586db1' } }
---

--- 2026-06-06T17:43:01.712Z debug
[InspectorProxyWorker] SEND TO RUNTIME {"method":"Runtime.getIsolateId","id":100001579}
---

--- 2026-06-06T17:43:11.714Z debug
[InspectorProxyWorker] SEND TO RUNTIME {"method":"Runtime.getIsolateId","id":100001580}
---

--- 2026-06-06T17:43:11.715Z debug
[InspectorProxyWorker] RUNTIME INCOMING MESSAGE { id: 100001580, result: { id: '1eee3444ae586db1' } }
---

--- 2026-06-06T17:43:21.730Z debug
[InspectorProxyWorker] RUNTIME INCOMING MESSAGE { id: 100001581, result: { id: '1eee3444ae586db1' } }
---

--- 2026-06-06T17:43:21.730Z debug
[InspectorProxyWorker] SEND TO RUNTIME {"method":"Runtime.getIsolateId","id":100001581}
---

--- 2026-06-06T17:43:31.743Z debug
[InspectorProxyWorker] RUNTIME INCOMING MESSAGE { id: 100001582, result: { id: '1eee3444ae586db1' } }
---

--- 2026-06-06T17:43:31.743Z debug
[InspectorProxyWorker] SEND TO RUNTIME {"method":"Runtime.getIsolateId","id":100001582}
---

--- 2026-06-06T17:43:41.744Z debug
[InspectorProxyWorker] RUNTIME INCOMING MESSAGE { id: 100001583, result: { id: '1eee3444ae586db1' } }
---

--- 2026-06-06T17:43:41.744Z debug
[InspectorProxyWorker] SEND TO RUNTIME {"method":"Runtime.getIsolateId","id":100001583}
---

--- 2026-06-06T17:43:51.747Z debug
[InspectorProxyWorker] SEND TO RUNTIME {"method":"Runtime.getIsolateId","id":100001584}
---

--- 2026-06-06T17:43:51.748Z debug
[InspectorProxyWorker] RUNTIME INCOMING MESSAGE { id: 100001584, result: { id: '1eee3444ae586db1' } }
---

--- 2026-06-06T17:44:01.748Z debug
[InspectorProxyWorker] SEND TO RUNTIME {"method":"Runtime.getIsolateId","id":100001585}
---

--- 2026-06-06T17:44:01.749Z debug
[InspectorProxyWorker] RUNTIME INCOMING MESSAGE { id: 100001585, result: { id: '1eee3444ae586db1' } }
---

--- 2026-06-06T17:44:11.764Z debug
[InspectorProxyWorker] SEND TO RUNTIME {"method":"Runtime.getIsolateId","id":100001586}
---

--- 2026-06-06T17:44:11.765Z debug
[InspectorProxyWorker] RUNTIME INCOMING MESSAGE { id: 100001586, result: { id: '1eee3444ae586db1' } }
---

--- 2026-06-06T17:44:21.765Z debug
[InspectorProxyWorker] SEND TO RUNTIME {"method":"Runtime.getIsolateId","id":100001587}
---

--- 2026-06-06T17:44:21.765Z debug
[InspectorProxyWorker] RUNTIME INCOMING MESSAGE { id: 100001587, result: { id: '1eee3444ae586db1' } }
---

--- 2026-06-06T17:44:31.779Z debug
[InspectorProxyWorker] SEND TO RUNTIME {"method":"Runtime.getIsolateId","id":100001588}
---

--- 2026-06-06T17:44:31.779Z debug
[InspectorProxyWorker] RUNTIME INCOMING MESSAGE { id: 100001588, result: { id: '1eee3444ae586db1' } }
---

--- 2026-06-06T17:44:41.793Z debug
[InspectorProxyWorker] RUNTIME INCOMING MESSAGE { id: 100001589, result: { id: '1eee3444ae586db1' } }
---

--- 2026-06-06T17:44:41.793Z debug
[InspectorProxyWorker] SEND TO RUNTIME {"method":"Runtime.getIsolateId","id":100001589}
---

--- 2026-06-06T17:44:51.797Z debug
[InspectorProxyWorker] SEND TO RUNTIME {"method":"Runtime.getIsolateId","id":100001590}
---

--- 2026-06-06T17:44:51.798Z debug
[InspectorProxyWorker] RUNTIME INCOMING MESSAGE { id: 100001590, result: { id: '1eee3444ae586db1' } }
---

--- 2026-06-06T17:45:01.798Z debug
[InspectorProxyWorker] SEND TO RUNTIME {"method":"Runtime.getIsolateId","id":100001591}
---

--- 2026-06-06T17:45:01.799Z debug
[InspectorProxyWorker] RUNTIME INCOMING MESSAGE { id: 100001591, result: { id: '1eee3444ae586db1' } }
---

--- 2026-06-06T17:45:11.798Z debug
[InspectorProxyWorker] SEND TO RUNTIME {"method":"Runtime.getIsolateId","id":100001592}
---

--- 2026-06-06T17:45:11.799Z debug
[InspectorProxyWorker] RUNTIME INCOMING MESSAGE { id: 100001592, result: { id: '1eee3444ae586db1' } }
---

--- 2026-06-06T17:45:21.812Z debug
[InspectorProxyWorker] SEND TO RUNTIME {"method":"Runtime.getIsolateId","id":100001593}
---

--- 2026-06-06T17:45:21.813Z debug
[InspectorProxyWorker] RUNTIME INCOMING MESSAGE { id: 100001593, result: { id: '1eee3444ae586db1' } }
---

--- 2026-06-06T17:45:31.815Z debug
[InspectorProxyWorker] RUNTIME INCOMING MESSAGE { id: 100001594, result: { id: '1eee3444ae586db1' } }
---

--- 2026-06-06T17:45:31.815Z debug
[InspectorProxyWorker] SEND TO RUNTIME {"method":"Runtime.getIsolateId","id":100001594}
---

--- 2026-06-06T17:45:41.830Z debug
[InspectorProxyWorker] RUNTIME INCOMING MESSAGE { id: 100001595, result: { id: '1eee3444ae586db1' } }
---

--- 2026-06-06T17:45:41.830Z debug
[InspectorProxyWorker] SEND TO RUNTIME {"method":"Runtime.getIsolateId","id":100001595}
---

--- 2026-06-06T17:45:51.832Z debug
[InspectorProxyWorker] RUNTIME INCOMING MESSAGE { id: 100001596, result: { id: '1eee3444ae586db1' } }
---

--- 2026-06-06T17:45:51.832Z debug
[InspectorProxyWorker] SEND TO RUNTIME {"method":"Runtime.getIsolateId","id":100001596}
---

--- 2026-06-06T17:46:01.846Z debug
[InspectorProxyWorker] RUNTIME INCOMING MESSAGE { id: 100001597, result: { id: '1eee3444ae586db1' } }
---

--- 2026-06-06T17:46:01.846Z debug
[InspectorProxyWorker] SEND TO RUNTIME {"method":"Runtime.getIsolateId","id":100001597}
---

--- 2026-06-06T17:46:11.846Z debug
[InspectorProxyWorker] SEND TO RUNTIME {"method":"Runtime.getIsolateId","id":100001598}
---

--- 2026-06-06T17:46:11.847Z debug
[InspectorProxyWorker] RUNTIME INCOMING MESSAGE { id: 100001598, result: { id: '1eee3444ae586db1' } }
---

--- 2026-06-06T17:46:21.847Z debug
[InspectorProxyWorker] SEND TO RUNTIME {"method":"Runtime.getIsolateId","id":100001599}
---

--- 2026-06-06T17:46:21.848Z debug
[InspectorProxyWorker] RUNTIME INCOMING MESSAGE { id: 100001599, result: { id: '1eee3444ae586db1' } }
---

--- 2026-06-06T17:46:31.862Z debug
[InspectorProxyWorker] RUNTIME INCOMING MESSAGE { id: 100001600, result: { id: '1eee3444ae586db1' } }
---

--- 2026-06-06T17:46:31.862Z debug
[InspectorProxyWorker] SEND TO RUNTIME {"method":"Runtime.getIsolateId","id":100001600}
---

--- 2026-06-06T17:46:41.864Z debug
[InspectorProxyWorker] RUNTIME INCOMING MESSAGE { id: 100001601, result: { id: '1eee3444ae586db1' } }
---

--- 2026-06-06T17:46:41.864Z debug
[InspectorProxyWorker] SEND TO RUNTIME {"method":"Runtime.getIsolateId","id":100001601}
---

--- 2026-06-06T17:46:51.865Z debug
[InspectorProxyWorker] SEND TO RUNTIME {"method":"Runtime.getIsolateId","id":100001602}
---

--- 2026-06-06T17:46:51.866Z debug
[InspectorProxyWorker] RUNTIME INCOMING MESSAGE { id: 100001602, result: { id: '1eee3444ae586db1' } }
---

--- 2026-06-06T17:47:01.877Z debug
[InspectorProxyWorker] RUNTIME INCOMING MESSAGE { id: 100001603, result: { id: '1eee3444ae586db1' } }
---

--- 2026-06-06T17:47:01.878Z debug
[InspectorProxyWorker] SEND TO RUNTIME {"method":"Runtime.getIsolateId","id":100001603}
---

--- 2026-06-06T17:47:11.882Z debug
[InspectorProxyWorker] SEND TO RUNTIME {"method":"Runtime.getIsolateId","id":100001604}
---

--- 2026-06-06T17:47:11.882Z debug
[InspectorProxyWorker] RUNTIME INCOMING MESSAGE { id: 100001604, result: { id: '1eee3444ae586db1' } }
---

--- 2026-06-06T17:47:21.883Z debug
[InspectorProxyWorker] SEND TO RUNTIME {"method":"Runtime.getIsolateId","id":100001605}
---

--- 2026-06-06T17:47:21.883Z debug
[InspectorProxyWorker] RUNTIME INCOMING MESSAGE { id: 100001605, result: { id: '1eee3444ae586db1' } }
---

--- 2026-06-06T17:47:31.896Z debug
[InspectorProxyWorker] RUNTIME INCOMING MESSAGE { id: 100001606, result: { id: '1eee3444ae586db1' } }
---

--- 2026-06-06T17:47:31.896Z debug
[InspectorProxyWorker] SEND TO RUNTIME {"method":"Runtime.getIsolateId","id":100001606}
---

--- 2026-06-06T17:47:41.899Z debug
[InspectorProxyWorker] RUNTIME INCOMING MESSAGE { id: 100001607, result: { id: '1eee3444ae586db1' } }
---

--- 2026-06-06T17:47:41.899Z debug
[InspectorProxyWorker] SEND TO RUNTIME {"method":"Runtime.getIsolateId","id":100001607}
---

--- 2026-06-06T17:47:51.900Z debug
[InspectorProxyWorker] SEND TO RUNTIME {"method":"Runtime.getIsolateId","id":100001608}
---

--- 2026-06-06T17:47:51.901Z debug
[InspectorProxyWorker] RUNTIME INCOMING MESSAGE { id: 100001608, result: { id: '1eee3444ae586db1' } }
---

--- 2026-06-06T17:48:01.913Z debug
[InspectorProxyWorker] SEND TO RUNTIME {"method":"Runtime.getIsolateId","id":100001609}
---

--- 2026-06-06T17:48:01.913Z debug
[InspectorProxyWorker] RUNTIME INCOMING MESSAGE { id: 100001609, result: { id: '1eee3444ae586db1' } }
---

--- 2026-06-06T17:48:11.917Z debug
[InspectorProxyWorker] SEND TO RUNTIME {"method":"Runtime.getIsolateId","id":100001610}
---

--- 2026-06-06T17:48:11.918Z debug
[InspectorProxyWorker] RUNTIME INCOMING MESSAGE { id: 100001610, result: { id: '1eee3444ae586db1' } }
---

--- 2026-06-06T17:48:21.930Z debug
[InspectorProxyWorker] SEND TO RUNTIME {"method":"Runtime.getIsolateId","id":100001611}
---

--- 2026-06-06T17:48:21.930Z debug
[InspectorProxyWorker] RUNTIME INCOMING MESSAGE { id: 100001611, result: { id: '1eee3444ae586db1' } }
---

--- 2026-06-06T17:48:31.943Z debug
[InspectorProxyWorker] SEND TO RUNTIME {"method":"Runtime.getIsolateId","id":100001612}
---

--- 2026-06-06T17:48:31.943Z debug
[InspectorProxyWorker] RUNTIME INCOMING MESSAGE { id: 100001612, result: { id: '1eee3444ae586db1' } }
---

--- 2026-06-06T17:48:41.958Z debug
[InspectorProxyWorker] SEND TO RUNTIME {"method":"Runtime.getIsolateId","id":100001613}
---

--- 2026-06-06T17:48:41.958Z debug
[InspectorProxyWorker] RUNTIME INCOMING MESSAGE { id: 100001613, result: { id: '1eee3444ae586db1' } }
---

--- 2026-06-06T17:48:51.964Z debug
[InspectorProxyWorker] RUNTIME INCOMING MESSAGE { id: 100001614, result: { id: '1eee3444ae586db1' } }
---

--- 2026-06-06T17:48:51.965Z debug
[InspectorProxyWorker] SEND TO RUNTIME {"method":"Runtime.getIsolateId","id":100001614}
---

--- 2026-06-06T17:49:01.969Z debug
[InspectorProxyWorker] SEND TO RUNTIME {"method":"Runtime.getIsolateId","id":100001615}
---

--- 2026-06-06T17:49:01.969Z debug
[InspectorProxyWorker] RUNTIME INCOMING MESSAGE { id: 100001615, result: { id: '1eee3444ae586db1' } }
---

--- 2026-06-06T17:49:11.971Z debug
[InspectorProxyWorker] SEND TO RUNTIME {"method":"Runtime.getIsolateId","id":100001616}
---

--- 2026-06-06T17:49:11.972Z debug
[InspectorProxyWorker] RUNTIME INCOMING MESSAGE { id: 100001616, result: { id: '1eee3444ae586db1' } }
---

--- 2026-06-06T17:49:21.986Z debug
[InspectorProxyWorker] SEND TO RUNTIME {"method":"Runtime.getIsolateId","id":100001617}
---

--- 2026-06-06T17:49:21.987Z debug
[InspectorProxyWorker] RUNTIME INCOMING MESSAGE { id: 100001617, result: { id: '1eee3444ae586db1' } }
---

--- 2026-06-06T17:49:31.992Z debug
[InspectorProxyWorker] SEND TO RUNTIME {"method":"Runtime.getIsolateId","id":100001618}
---

--- 2026-06-06T17:49:31.992Z debug
[InspectorProxyWorker] RUNTIME INCOMING MESSAGE { id: 100001618, result: { id: '1eee3444ae586db1' } }
---

--- 2026-06-06T17:49:42.003Z debug
[InspectorProxyWorker] SEND TO RUNTIME {"method":"Runtime.getIsolateId","id":100001619}
---

--- 2026-06-06T17:49:42.004Z debug
[InspectorProxyWorker] RUNTIME INCOMING MESSAGE { id: 100001619, result: { id: '1eee3444ae586db1' } }
---

--- 2026-06-06T17:49:52.013Z debug
[InspectorProxyWorker] RUNTIME INCOMING MESSAGE { id: 100001620, result: { id: '1eee3444ae586db1' } }
---

--- 2026-06-06T17:49:52.013Z debug
[InspectorProxyWorker] SEND TO RUNTIME {"method":"Runtime.getIsolateId","id":100001620}
---

--- 2026-06-06T17:50:02.027Z debug
[InspectorProxyWorker] RUNTIME INCOMING MESSAGE { id: 100001621, result: { id: '1eee3444ae586db1' } }
---

--- 2026-06-06T17:50:02.027Z debug
[InspectorProxyWorker] SEND TO RUNTIME {"method":"Runtime.getIsolateId","id":100001621}
---

--- 2026-06-06T17:50:12.042Z debug
[InspectorProxyWorker] RUNTIME INCOMING MESSAGE { id: 100001622, result: { id: '1eee3444ae586db1' } }
---

--- 2026-06-06T17:50:12.042Z debug
[InspectorProxyWorker] SEND TO RUNTIME {"method":"Runtime.getIsolateId","id":100001622}
---

--- 2026-06-06T17:50:22.052Z debug
[InspectorProxyWorker] SEND TO RUNTIME {"method":"Runtime.getIsolateId","id":100001623}
---

--- 2026-06-06T17:50:22.053Z debug
[InspectorProxyWorker] RUNTIME INCOMING MESSAGE { id: 100001623, result: { id: '1eee3444ae586db1' } }
---

--- 2026-06-06T17:50:32.056Z debug
[InspectorProxyWorker] SEND TO RUNTIME {"method":"Runtime.getIsolateId","id":100001624}
---

--- 2026-06-06T17:50:32.056Z debug
[InspectorProxyWorker] RUNTIME INCOMING MESSAGE { id: 100001624, result: { id: '1eee3444ae586db1' } }
---

--- 2026-06-06T17:50:42.066Z debug
[InspectorProxyWorker] RUNTIME INCOMING MESSAGE { id: 100001625, result: { id: '1eee3444ae586db1' } }
---

--- 2026-06-06T17:50:42.067Z debug
[InspectorProxyWorker] SEND TO RUNTIME {"method":"Runtime.getIsolateId","id":100001625}
---

--- 2026-06-06T17:50:52.081Z debug
[InspectorProxyWorker] SEND TO RUNTIME {"method":"Runtime.getIsolateId","id":100001626}
---

--- 2026-06-06T17:50:52.082Z debug
[InspectorProxyWorker] RUNTIME INCOMING MESSAGE { id: 100001626, result: { id: '1eee3444ae586db1' } }
---

--- 2026-06-06T17:51:02.092Z debug
[InspectorProxyWorker] SEND TO RUNTIME {"method":"Runtime.getIsolateId","id":100001627}
---

--- 2026-06-06T17:51:02.093Z debug
[InspectorProxyWorker] RUNTIME INCOMING MESSAGE { id: 100001627, result: { id: '1eee3444ae586db1' } }
---

--- 2026-06-06T17:51:12.099Z debug
[InspectorProxyWorker] RUNTIME INCOMING MESSAGE { id: 100001628, result: { id: '1eee3444ae586db1' } }
---

--- 2026-06-06T17:51:12.100Z debug
[InspectorProxyWorker] SEND TO RUNTIME {"method":"Runtime.getIsolateId","id":100001628}
---

--- 2026-06-06T17:51:22.113Z debug
[InspectorProxyWorker] SEND TO RUNTIME {"method":"Runtime.getIsolateId","id":100001629}
---

--- 2026-06-06T17:51:22.113Z debug
[InspectorProxyWorker] RUNTIME INCOMING MESSAGE { id: 100001629, result: { id: '1eee3444ae586db1' } }
---

--- 2026-06-06T17:51:32.127Z debug
[InspectorProxyWorker] SEND TO RUNTIME {"method":"Runtime.getIsolateId","id":100001630}
---

--- 2026-06-06T17:51:32.127Z debug
[InspectorProxyWorker] RUNTIME INCOMING MESSAGE { id: 100001630, result: { id: '1eee3444ae586db1' } }
---

--- 2026-06-06T17:51:42.135Z debug
[InspectorProxyWorker] RUNTIME INCOMING MESSAGE { id: 100001631, result: { id: '1eee3444ae586db1' } }
---

--- 2026-06-06T17:51:42.135Z debug
[InspectorProxyWorker] SEND TO RUNTIME {"method":"Runtime.getIsolateId","id":100001631}
---

--- 2026-06-06T17:51:52.137Z debug
[InspectorProxyWorker] RUNTIME INCOMING MESSAGE { id: 100001632, result: { id: '1eee3444ae586db1' } }
---

--- 2026-06-06T17:51:52.137Z debug
[InspectorProxyWorker] SEND TO RUNTIME {"method":"Runtime.getIsolateId","id":100001632}
---

--- 2026-06-06T17:52:02.149Z debug
[InspectorProxyWorker] RUNTIME INCOMING MESSAGE { id: 100001633, result: { id: '1eee3444ae586db1' } }
---

--- 2026-06-06T17:52:02.149Z debug
[InspectorProxyWorker] SEND TO RUNTIME {"method":"Runtime.getIsolateId","id":100001633}
---

--- 2026-06-06T17:52:12.152Z debug
[InspectorProxyWorker] SEND TO RUNTIME {"method":"Runtime.getIsolateId","id":100001634}
---

--- 2026-06-06T17:52:12.153Z debug
[InspectorProxyWorker] RUNTIME INCOMING MESSAGE { id: 100001634, result: { id: '1eee3444ae586db1' } }
---

--- 2026-06-06T17:52:22.162Z debug
[InspectorProxyWorker] RUNTIME INCOMING MESSAGE { id: 100001635, result: { id: '1eee3444ae586db1' } }
---

--- 2026-06-06T17:52:22.162Z debug
[InspectorProxyWorker] SEND TO RUNTIME {"method":"Runtime.getIsolateId","id":100001635}
---

--- 2026-06-06T17:52:32.166Z debug
[InspectorProxyWorker] RUNTIME INCOMING MESSAGE { id: 100001636, result: { id: '1eee3444ae586db1' } }
---

--- 2026-06-06T17:52:32.166Z debug
[InspectorProxyWorker] SEND TO RUNTIME {"method":"Runtime.getIsolateId","id":100001636}
---

--- 2026-06-06T17:52:42.176Z debug
[InspectorProxyWorker] RUNTIME INCOMING MESSAGE { id: 100001637, result: { id: '1eee3444ae586db1' } }
---

--- 2026-06-06T17:52:42.176Z debug
[InspectorProxyWorker] SEND TO RUNTIME {"method":"Runtime.getIsolateId","id":100001637}
---

--- 2026-06-06T17:52:52.184Z debug
[InspectorProxyWorker] RUNTIME INCOMING MESSAGE { id: 100001638, result: { id: '1eee3444ae586db1' } }
---

--- 2026-06-06T17:52:52.184Z debug
[InspectorProxyWorker] SEND TO RUNTIME {"method":"Runtime.getIsolateId","id":100001638}
---

--- 2026-06-06T17:53:02.187Z debug
[InspectorProxyWorker] SEND TO RUNTIME {"method":"Runtime.getIsolateId","id":100001639}
---

--- 2026-06-06T17:53:02.187Z debug
[InspectorProxyWorker] RUNTIME INCOMING MESSAGE { id: 100001639, result: { id: '1eee3444ae586db1' } }
---

--- 2026-06-06T17:53:12.192Z debug
[InspectorProxyWorker] SEND TO RUNTIME {"method":"Runtime.getIsolateId","id":100001640}
---

--- 2026-06-06T17:53:12.193Z debug
[InspectorProxyWorker] RUNTIME INCOMING MESSAGE { id: 100001640, result: { id: '1eee3444ae586db1' } }
---

--- 2026-06-06T17:53:22.203Z debug
[InspectorProxyWorker] RUNTIME INCOMING MESSAGE { id: 100001641, result: { id: '1eee3444ae586db1' } }
---

--- 2026-06-06T17:53:22.203Z debug
[InspectorProxyWorker] SEND TO RUNTIME {"method":"Runtime.getIsolateId","id":100001641}
---

--- 2026-06-06T17:53:32.217Z debug
[InspectorProxyWorker] RUNTIME INCOMING MESSAGE { id: 100001642, result: { id: '1eee3444ae586db1' } }
---

--- 2026-06-06T17:53:32.217Z debug
[InspectorProxyWorker] SEND TO RUNTIME {"method":"Runtime.getIsolateId","id":100001642}
---

--- 2026-06-06T17:53:42.223Z debug
[InspectorProxyWorker] RUNTIME INCOMING MESSAGE { id: 100001643, result: { id: '1eee3444ae586db1' } }
---

--- 2026-06-06T17:53:42.223Z debug
[InspectorProxyWorker] SEND TO RUNTIME {"method":"Runtime.getIsolateId","id":100001643}
---

--- 2026-06-06T17:53:52.229Z debug
[InspectorProxyWorker] SEND TO RUNTIME {"method":"Runtime.getIsolateId","id":100001644}
---

--- 2026-06-06T17:53:52.230Z debug
[InspectorProxyWorker] RUNTIME INCOMING MESSAGE { id: 100001644, result: { id: '1eee3444ae586db1' } }
---

--- 2026-06-06T17:54:02.242Z debug
[InspectorProxyWorker] SEND TO RUNTIME {"method":"Runtime.getIsolateId","id":100001645}
---

--- 2026-06-06T17:54:02.243Z debug
[InspectorProxyWorker] RUNTIME INCOMING MESSAGE { id: 100001645, result: { id: '1eee3444ae586db1' } }
---

--- 2026-06-06T17:54:12.253Z debug
[InspectorProxyWorker] SEND TO RUNTIME {"method":"Runtime.getIsolateId","id":100001646}
---

--- 2026-06-06T17:54:12.254Z debug
[InspectorProxyWorker] RUNTIME INCOMING MESSAGE { id: 100001646, result: { id: '1eee3444ae586db1' } }
---

--- 2026-06-06T17:54:22.255Z debug
[InspectorProxyWorker] RUNTIME INCOMING MESSAGE { id: 100001647, result: { id: '1eee3444ae586db1' } }
---

--- 2026-06-06T17:54:22.256Z debug
[InspectorProxyWorker] SEND TO RUNTIME {"method":"Runtime.getIsolateId","id":100001647}
---

--- 2026-06-06T17:54:32.260Z debug
[InspectorProxyWorker] RUNTIME INCOMING MESSAGE { id: 100001648, result: { id: '1eee3444ae586db1' } }
---

--- 2026-06-06T17:54:32.260Z debug
[InspectorProxyWorker] SEND TO RUNTIME {"method":"Runtime.getIsolateId","id":100001648}
---

--- 2026-06-06T17:54:42.275Z debug
[InspectorProxyWorker] SEND TO RUNTIME {"method":"Runtime.getIsolateId","id":100001649}
---

--- 2026-06-06T17:54:42.276Z debug
[InspectorProxyWorker] RUNTIME INCOMING MESSAGE { id: 100001649, result: { id: '1eee3444ae586db1' } }
---

--- 2026-06-06T17:54:52.278Z debug
[InspectorProxyWorker] RUNTIME INCOMING MESSAGE { id: 100001650, result: { id: '1eee3444ae586db1' } }
---

--- 2026-06-06T17:54:52.279Z debug
[InspectorProxyWorker] SEND TO RUNTIME {"method":"Runtime.getIsolateId","id":100001650}
---

--- 2026-06-06T17:55:02.292Z debug
[InspectorProxyWorker] SEND TO RUNTIME {"method":"Runtime.getIsolateId","id":100001651}
---

--- 2026-06-06T17:55:02.293Z debug
[InspectorProxyWorker] RUNTIME INCOMING MESSAGE { id: 100001651, result: { id: '1eee3444ae586db1' } }
---

--- 2026-06-06T17:55:12.305Z debug
[InspectorProxyWorker] RUNTIME INCOMING MESSAGE { id: 100001652, result: { id: '1eee3444ae586db1' } }
---

--- 2026-06-06T17:55:12.305Z debug
[InspectorProxyWorker] SEND TO RUNTIME {"method":"Runtime.getIsolateId","id":100001652}
---

--- 2026-06-06T17:55:22.310Z debug
[InspectorProxyWorker] RUNTIME INCOMING MESSAGE { id: 100001653, result: { id: '1eee3444ae586db1' } }
---

--- 2026-06-06T17:55:22.310Z debug
[InspectorProxyWorker] SEND TO RUNTIME {"method":"Runtime.getIsolateId","id":100001653}
---

--- 2026-06-06T17:55:32.320Z debug
[InspectorProxyWorker] SEND TO RUNTIME {"method":"Runtime.getIsolateId","id":100001654}
---

--- 2026-06-06T17:55:32.321Z debug
[InspectorProxyWorker] RUNTIME INCOMING MESSAGE { id: 100001654, result: { id: '1eee3444ae586db1' } }
---

--- 2026-06-06T17:55:42.325Z debug
[InspectorProxyWorker] SEND TO RUNTIME {"method":"Runtime.getIsolateId","id":100001655}
---

--- 2026-06-06T17:55:42.326Z debug
[InspectorProxyWorker] RUNTIME INCOMING MESSAGE { id: 100001655, result: { id: '1eee3444ae586db1' } }
---

--- 2026-06-06T17:55:52.327Z debug
[InspectorProxyWorker] RUNTIME INCOMING MESSAGE { id: 100001656, result: { id: '1eee3444ae586db1' } }
---

--- 2026-06-06T17:55:52.327Z debug
[InspectorProxyWorker] SEND TO RUNTIME {"method":"Runtime.getIsolateId","id":100001656}
---

--- 2026-06-06T17:56:02.332Z debug
[InspectorProxyWorker] RUNTIME INCOMING MESSAGE { id: 100001657, result: { id: '1eee3444ae586db1' } }
---

--- 2026-06-06T17:56:02.332Z debug
[InspectorProxyWorker] SEND TO RUNTIME {"method":"Runtime.getIsolateId","id":100001657}
---

--- 2026-06-06T17:56:12.336Z debug
[InspectorProxyWorker] SEND TO RUNTIME {"method":"Runtime.getIsolateId","id":100001658}
---

--- 2026-06-06T17:56:12.337Z debug
[InspectorProxyWorker] RUNTIME INCOMING MESSAGE { id: 100001658, result: { id: '1eee3444ae586db1' } }
---

--- 2026-06-06T17:56:22.345Z debug
[InspectorProxyWorker] SEND TO RUNTIME {"method":"Runtime.getIsolateId","id":100001659}
---

--- 2026-06-06T17:56:22.346Z debug
[InspectorProxyWorker] RUNTIME INCOMING MESSAGE { id: 100001659, result: { id: '1eee3444ae586db1' } }
---

--- 2026-06-06T17:56:32.359Z debug
[InspectorProxyWorker] RUNTIME INCOMING MESSAGE { id: 100001660, result: { id: '1eee3444ae586db1' } }
---

--- 2026-06-06T17:56:32.359Z debug
[InspectorProxyWorker] SEND TO RUNTIME {"method":"Runtime.getIsolateId","id":100001660}
---

--- 2026-06-06T17:56:42.365Z debug
[InspectorProxyWorker] SEND TO RUNTIME {"method":"Runtime.getIsolateId","id":100001661}
---

--- 2026-06-06T17:56:42.366Z debug
[InspectorProxyWorker] RUNTIME INCOMING MESSAGE { id: 100001661, result: { id: '1eee3444ae586db1' } }
---

--- 2026-06-06T17:56:52.368Z debug
[InspectorProxyWorker] SEND TO RUNTIME {"method":"Runtime.getIsolateId","id":100001662}
---

--- 2026-06-06T17:56:52.368Z debug
[InspectorProxyWorker] RUNTIME INCOMING MESSAGE { id: 100001662, result: { id: '1eee3444ae586db1' } }
---

--- 2026-06-06T17:57:02.373Z debug
[InspectorProxyWorker] SEND TO RUNTIME {"method":"Runtime.getIsolateId","id":100001663}
---

--- 2026-06-06T17:57:02.373Z debug
[InspectorProxyWorker] RUNTIME INCOMING MESSAGE { id: 100001663, result: { id: '1eee3444ae586db1' } }
---

--- 2026-06-06T17:57:12.379Z debug
[InspectorProxyWorker] RUNTIME INCOMING MESSAGE { id: 100001664, result: { id: '1eee3444ae586db1' } }
---

--- 2026-06-06T17:57:12.379Z debug
[InspectorProxyWorker] SEND TO RUNTIME {"method":"Runtime.getIsolateId","id":100001664}
---

--- 2026-06-06T17:57:22.389Z debug
[InspectorProxyWorker] RUNTIME INCOMING MESSAGE { id: 100001665, result: { id: '1eee3444ae586db1' } }
---

--- 2026-06-06T17:57:22.389Z debug
[InspectorProxyWorker] SEND TO RUNTIME {"method":"Runtime.getIsolateId","id":100001665}
---

--- 2026-06-06T17:57:32.390Z debug
[InspectorProxyWorker] SEND TO RUNTIME {"method":"Runtime.getIsolateId","id":100001666}
---

--- 2026-06-06T17:57:32.390Z debug
[InspectorProxyWorker] RUNTIME INCOMING MESSAGE { id: 100001666, result: { id: '1eee3444ae586db1' } }
---

--- 2026-06-06T17:57:42.398Z debug
[InspectorProxyWorker] SEND TO RUNTIME {"method":"Runtime.getIsolateId","id":100001667}
---

--- 2026-06-06T17:57:42.398Z debug
[InspectorProxyWorker] RUNTIME INCOMING MESSAGE { id: 100001667, result: { id: '1eee3444ae586db1' } }
---

--- 2026-06-06T17:57:52.404Z debug
[InspectorProxyWorker] SEND TO RUNTIME {"method":"Runtime.getIsolateId","id":100001668}
---

--- 2026-06-06T17:57:52.404Z debug
[InspectorProxyWorker] RUNTIME INCOMING MESSAGE { id: 100001668, result: { id: '1eee3444ae586db1' } }
---

--- 2026-06-06T17:58:02.415Z debug
[InspectorProxyWorker] SEND TO RUNTIME {"method":"Runtime.getIsolateId","id":100001669}
---

--- 2026-06-06T17:58:02.416Z debug
[InspectorProxyWorker] RUNTIME INCOMING MESSAGE { id: 100001669, result: { id: '1eee3444ae586db1' } }
---

--- 2026-06-06T17:58:12.429Z debug
[InspectorProxyWorker] RUNTIME INCOMING MESSAGE { id: 100001670, result: { id: '1eee3444ae586db1' } }
---

--- 2026-06-06T17:58:12.429Z debug
[InspectorProxyWorker] SEND TO RUNTIME {"method":"Runtime.getIsolateId","id":100001670}
---

--- 2026-06-06T17:58:22.432Z debug
[InspectorProxyWorker] SEND TO RUNTIME {"method":"Runtime.getIsolateId","id":100001671}
---

--- 2026-06-06T17:58:22.433Z debug
[InspectorProxyWorker] RUNTIME INCOMING MESSAGE { id: 100001671, result: { id: '1eee3444ae586db1' } }
---

--- 2026-06-06T17:58:32.444Z debug
[InspectorProxyWorker] SEND TO RUNTIME {"method":"Runtime.getIsolateId","id":100001672}
---

--- 2026-06-06T17:58:32.444Z debug
[InspectorProxyWorker] RUNTIME INCOMING MESSAGE { id: 100001672, result: { id: '1eee3444ae586db1' } }
---

--- 2026-06-06T17:58:42.451Z debug
[InspectorProxyWorker] SEND TO RUNTIME {"method":"Runtime.getIsolateId","id":100001673}
---

--- 2026-06-06T17:58:42.452Z debug
[InspectorProxyWorker] RUNTIME INCOMING MESSAGE { id: 100001673, result: { id: '1eee3444ae586db1' } }
---

--- 2026-06-06T17:58:52.454Z debug
[InspectorProxyWorker] SEND TO RUNTIME {"method":"Runtime.getIsolateId","id":100001674}
---

--- 2026-06-06T17:58:52.455Z debug
[InspectorProxyWorker] RUNTIME INCOMING MESSAGE { id: 100001674, result: { id: '1eee3444ae586db1' } }
---

--- 2026-06-06T17:59:02.455Z debug
[InspectorProxyWorker] SEND TO RUNTIME {"method":"Runtime.getIsolateId","id":100001675}
---

--- 2026-06-06T17:59:02.456Z debug
[InspectorProxyWorker] RUNTIME INCOMING MESSAGE { id: 100001675, result: { id: '1eee3444ae586db1' } }
---

--- 2026-06-06T17:59:12.456Z debug
[InspectorProxyWorker] SEND TO RUNTIME {"method":"Runtime.getIsolateId","id":100001676}
---

--- 2026-06-06T17:59:12.457Z debug
[InspectorProxyWorker] RUNTIME INCOMING MESSAGE { id: 100001676, result: { id: '1eee3444ae586db1' } }
---

--- 2026-06-06T17:59:22.471Z debug
[InspectorProxyWorker] SEND TO RUNTIME {"method":"Runtime.getIsolateId","id":100001677}
---

--- 2026-06-06T17:59:22.471Z debug
[InspectorProxyWorker] RUNTIME INCOMING MESSAGE { id: 100001677, result: { id: '1eee3444ae586db1' } }
---

--- 2026-06-06T17:59:32.486Z debug
[InspectorProxyWorker] RUNTIME INCOMING MESSAGE { id: 100001678, result: { id: '1eee3444ae586db1' } }
---

--- 2026-06-06T17:59:32.487Z debug
[InspectorProxyWorker] SEND TO RUNTIME {"method":"Runtime.getIsolateId","id":100001678}
---

--- 2026-06-06T17:59:42.488Z debug
[InspectorProxyWorker] SEND TO RUNTIME {"method":"Runtime.getIsolateId","id":100001679}
---

--- 2026-06-06T17:59:42.489Z debug
[InspectorProxyWorker] RUNTIME INCOMING MESSAGE { id: 100001679, result: { id: '1eee3444ae586db1' } }
---

--- 2026-06-06T17:59:52.490Z debug
[InspectorProxyWorker] SEND TO RUNTIME {"method":"Runtime.getIsolateId","id":100001680}
---

--- 2026-06-06T17:59:52.491Z debug
[InspectorProxyWorker] RUNTIME INCOMING MESSAGE { id: 100001680, result: { id: '1eee3444ae586db1' } }
---

--- 2026-06-06T18:00:02.506Z debug
[InspectorProxyWorker] SEND TO RUNTIME {"method":"Runtime.getIsolateId","id":100001681}
---

--- 2026-06-06T18:00:02.507Z debug
[InspectorProxyWorker] RUNTIME INCOMING MESSAGE { id: 100001681, result: { id: '1eee3444ae586db1' } }
---

--- 2026-06-06T18:00:12.522Z debug
[InspectorProxyWorker] RUNTIME INCOMING MESSAGE { id: 100001682, result: { id: '1eee3444ae586db1' } }
---

--- 2026-06-06T18:00:12.523Z debug
[InspectorProxyWorker] SEND TO RUNTIME {"method":"Runtime.getIsolateId","id":100001682}
---

--- 2026-06-06T18:00:22.523Z debug
[InspectorProxyWorker] SEND TO RUNTIME {"method":"Runtime.getIsolateId","id":100001683}
---

--- 2026-06-06T18:00:22.523Z debug
[InspectorProxyWorker] RUNTIME INCOMING MESSAGE { id: 100001683, result: { id: '1eee3444ae586db1' } }
---

--- 2026-06-06T18:00:32.538Z debug
[InspectorProxyWorker] SEND TO RUNTIME {"method":"Runtime.getIsolateId","id":100001684}
---

--- 2026-06-06T18:00:32.539Z debug
[InspectorProxyWorker] RUNTIME INCOMING MESSAGE { id: 100001684, result: { id: '1eee3444ae586db1' } }
---

--- 2026-06-06T18:00:42.554Z debug
[InspectorProxyWorker] RUNTIME INCOMING MESSAGE { id: 100001685, result: { id: '1eee3444ae586db1' } }
---

--- 2026-06-06T18:00:42.555Z debug
[InspectorProxyWorker] SEND TO RUNTIME {"method":"Runtime.getIsolateId","id":100001685}
---

--- 2026-06-06T18:00:52.555Z debug
[InspectorProxyWorker] RUNTIME INCOMING MESSAGE { id: 100001686, result: { id: '1eee3444ae586db1' } }
---

--- 2026-06-06T18:00:52.556Z debug
[InspectorProxyWorker] SEND TO RUNTIME {"method":"Runtime.getIsolateId","id":100001686}
---

--- 2026-06-06T18:01:02.557Z debug
[InspectorProxyWorker] SEND TO RUNTIME {"method":"Runtime.getIsolateId","id":100001687}
---

--- 2026-06-06T18:01:02.557Z debug
[InspectorProxyWorker] RUNTIME INCOMING MESSAGE { id: 100001687, result: { id: '1eee3444ae586db1' } }
---

--- 2026-06-06T18:01:12.572Z debug
[InspectorProxyWorker] SEND TO RUNTIME {"method":"Runtime.getIsolateId","id":100001688}
---

--- 2026-06-06T18:01:12.572Z debug
[InspectorProxyWorker] RUNTIME INCOMING MESSAGE { id: 100001688, result: { id: '1eee3444ae586db1' } }
---

--- 2026-06-06T18:01:22.574Z debug
[InspectorProxyWorker] SEND TO RUNTIME {"method":"Runtime.getIsolateId","id":100001689}
---

--- 2026-06-06T18:01:22.574Z debug
[InspectorProxyWorker] RUNTIME INCOMING MESSAGE { id: 100001689, result: { id: '1eee3444ae586db1' } }
---

--- 2026-06-06T18:01:32.590Z debug
[InspectorProxyWorker] SEND TO RUNTIME {"method":"Runtime.getIsolateId","id":100001690}
---

--- 2026-06-06T18:01:32.591Z debug
[InspectorProxyWorker] RUNTIME INCOMING MESSAGE { id: 100001690, result: { id: '1eee3444ae586db1' } }
---

--- 2026-06-06T18:01:42.605Z debug
[InspectorProxyWorker] SEND TO RUNTIME {"method":"Runtime.getIsolateId","id":100001691}
---

--- 2026-06-06T18:01:42.605Z debug
[InspectorProxyWorker] RUNTIME INCOMING MESSAGE { id: 100001691, result: { id: '1eee3444ae586db1' } }
---

--- 2026-06-06T18:01:52.606Z debug
[InspectorProxyWorker] SEND TO RUNTIME {"method":"Runtime.getIsolateId","id":100001692}
---

--- 2026-06-06T18:01:52.607Z debug
[InspectorProxyWorker] RUNTIME INCOMING MESSAGE { id: 100001692, result: { id: '1eee3444ae586db1' } }
---

--- 2026-06-06T18:02:02.619Z debug
[InspectorProxyWorker] SEND TO RUNTIME {"method":"Runtime.getIsolateId","id":100001693}
---

--- 2026-06-06T18:02:02.619Z debug
[InspectorProxyWorker] RUNTIME INCOMING MESSAGE { id: 100001693, result: { id: '1eee3444ae586db1' } }
---

--- 2026-06-06T18:02:12.624Z debug
[InspectorProxyWorker] SEND TO RUNTIME {"method":"Runtime.getIsolateId","id":100001694}
---

--- 2026-06-06T18:02:12.624Z debug
[InspectorProxyWorker] RUNTIME INCOMING MESSAGE { id: 100001694, result: { id: '1eee3444ae586db1' } }
---

--- 2026-06-06T18:02:22.637Z debug
[InspectorProxyWorker] RUNTIME INCOMING MESSAGE { id: 100001695, result: { id: '1eee3444ae586db1' } }
---

--- 2026-06-06T18:02:22.638Z debug
[InspectorProxyWorker] SEND TO RUNTIME {"method":"Runtime.getIsolateId","id":100001695}
---

--- 2026-06-06T18:02:32.639Z debug
[InspectorProxyWorker] SEND TO RUNTIME {"method":"Runtime.getIsolateId","id":100001696}
---

--- 2026-06-06T18:02:32.640Z debug
[InspectorProxyWorker] RUNTIME INCOMING MESSAGE { id: 100001696, result: { id: '1eee3444ae586db1' } }
---

--- 2026-06-06T18:02:42.655Z debug
[InspectorProxyWorker] SEND TO RUNTIME {"method":"Runtime.getIsolateId","id":100001697}
---

--- 2026-06-06T18:02:42.655Z debug
[InspectorProxyWorker] RUNTIME INCOMING MESSAGE { id: 100001697, result: { id: '1eee3444ae586db1' } }
---

--- 2026-06-06T18:02:52.658Z debug
[InspectorProxyWorker] RUNTIME INCOMING MESSAGE { id: 100001698, result: { id: '1eee3444ae586db1' } }
---

--- 2026-06-06T18:02:52.658Z debug
[InspectorProxyWorker] SEND TO RUNTIME {"method":"Runtime.getIsolateId","id":100001698}
---

--- 2026-06-06T18:03:02.672Z debug
[InspectorProxyWorker] SEND TO RUNTIME {"method":"Runtime.getIsolateId","id":100001699}
---

--- 2026-06-06T18:03:02.673Z debug
[InspectorProxyWorker] RUNTIME INCOMING MESSAGE { id: 100001699, result: { id: '1eee3444ae586db1' } }
---

--- 2026-06-06T18:03:12.673Z debug
[InspectorProxyWorker] SEND TO RUNTIME {"method":"Runtime.getIsolateId","id":100001700}
---

--- 2026-06-06T18:03:12.674Z debug
[InspectorProxyWorker] RUNTIME INCOMING MESSAGE { id: 100001700, result: { id: '1eee3444ae586db1' } }
---

--- 2026-06-06T18:03:22.674Z debug
[InspectorProxyWorker] SEND TO RUNTIME {"method":"Runtime.getIsolateId","id":100001701}
---

--- 2026-06-06T18:03:22.675Z debug
[InspectorProxyWorker] RUNTIME INCOMING MESSAGE { id: 100001701, result: { id: '1eee3444ae586db1' } }
---

--- 2026-06-06T18:03:32.675Z debug
[InspectorProxyWorker] RUNTIME INCOMING MESSAGE { id: 100001702, result: { id: '1eee3444ae586db1' } }
---

--- 2026-06-06T18:03:32.675Z debug
[InspectorProxyWorker] SEND TO RUNTIME {"method":"Runtime.getIsolateId","id":100001702}
---

--- 2026-06-06T18:03:42.675Z debug
[InspectorProxyWorker] SEND TO RUNTIME {"method":"Runtime.getIsolateId","id":100001703}
---

--- 2026-06-06T18:03:42.676Z debug
[InspectorProxyWorker] RUNTIME INCOMING MESSAGE { id: 100001703, result: { id: '1eee3444ae586db1' } }
---

--- 2026-06-06T18:03:52.675Z debug
[InspectorProxyWorker] SEND TO RUNTIME {"method":"Runtime.getIsolateId","id":100001704}
---

--- 2026-06-06T18:03:52.676Z debug
[InspectorProxyWorker] RUNTIME INCOMING MESSAGE { id: 100001704, result: { id: '1eee3444ae586db1' } }
---

--- 2026-06-06T18:04:02.691Z debug
[InspectorProxyWorker] SEND TO RUNTIME {"method":"Runtime.getIsolateId","id":100001705}
---

--- 2026-06-06T18:04:02.692Z debug
[InspectorProxyWorker] RUNTIME INCOMING MESSAGE { id: 100001705, result: { id: '1eee3444ae586db1' } }
---

--- 2026-06-06T18:04:12.707Z debug
[InspectorProxyWorker] SEND TO RUNTIME {"method":"Runtime.getIsolateId","id":100001706}
---

--- 2026-06-06T18:04:12.708Z debug
[InspectorProxyWorker] RUNTIME INCOMING MESSAGE { id: 100001706, result: { id: '1eee3444ae586db1' } }
---

--- 2026-06-06T18:04:22.708Z debug
[InspectorProxyWorker] SEND TO RUNTIME {"method":"Runtime.getIsolateId","id":100001707}
---

--- 2026-06-06T18:04:22.709Z debug
[InspectorProxyWorker] RUNTIME INCOMING MESSAGE { id: 100001707, result: { id: '1eee3444ae586db1' } }
---

--- 2026-06-06T18:04:32.722Z debug
[InspectorProxyWorker] SEND TO RUNTIME {"method":"Runtime.getIsolateId","id":100001708}
---

--- 2026-06-06T18:04:32.723Z debug
[InspectorProxyWorker] RUNTIME INCOMING MESSAGE { id: 100001708, result: { id: '1eee3444ae586db1' } }
---

--- 2026-06-06T18:04:42.724Z debug
[InspectorProxyWorker] SEND TO RUNTIME {"method":"Runtime.getIsolateId","id":100001709}
---

--- 2026-06-06T18:04:42.725Z debug
[InspectorProxyWorker] RUNTIME INCOMING MESSAGE { id: 100001709, result: { id: '1eee3444ae586db1' } }
---

--- 2026-06-06T18:04:52.725Z debug
[InspectorProxyWorker] RUNTIME INCOMING MESSAGE { id: 100001710, result: { id: '1eee3444ae586db1' } }
---

--- 2026-06-06T18:04:52.726Z debug
[InspectorProxyWorker] SEND TO RUNTIME {"method":"Runtime.getIsolateId","id":100001710}
---

--- 2026-06-06T18:05:02.742Z debug
[InspectorProxyWorker] SEND TO RUNTIME {"method":"Runtime.getIsolateId","id":100001711}
---

--- 2026-06-06T18:05:02.742Z debug
[InspectorProxyWorker] RUNTIME INCOMING MESSAGE { id: 100001711, result: { id: '1eee3444ae586db1' } }
---

--- 2026-06-06T18:05:12.756Z debug
[InspectorProxyWorker] RUNTIME INCOMING MESSAGE { id: 100001712, result: { id: '1eee3444ae586db1' } }
---

--- 2026-06-06T18:05:12.757Z debug
[InspectorProxyWorker] SEND TO RUNTIME {"method":"Runtime.getIsolateId","id":100001712}
---

--- 2026-06-06T18:05:22.759Z debug
[InspectorProxyWorker] SEND TO RUNTIME {"method":"Runtime.getIsolateId","id":100001713}
---

--- 2026-06-06T18:05:22.760Z debug
[InspectorProxyWorker] RUNTIME INCOMING MESSAGE { id: 100001713, result: { id: '1eee3444ae586db1' } }
---

--- 2026-06-06T18:05:32.774Z debug
[InspectorProxyWorker] SEND TO RUNTIME {"method":"Runtime.getIsolateId","id":100001714}
---

--- 2026-06-06T18:05:32.775Z debug
[InspectorProxyWorker] RUNTIME INCOMING MESSAGE { id: 100001714, result: { id: '1eee3444ae586db1' } }
---

--- 2026-06-06T18:05:42.776Z debug
[InspectorProxyWorker] RUNTIME INCOMING MESSAGE { id: 100001715, result: { id: '1eee3444ae586db1' } }
---

--- 2026-06-06T18:05:42.776Z debug
[InspectorProxyWorker] SEND TO RUNTIME {"method":"Runtime.getIsolateId","id":100001715}
---

--- 2026-06-06T18:05:52.793Z debug
[InspectorProxyWorker] SEND TO RUNTIME {"method":"Runtime.getIsolateId","id":100001716}
---

--- 2026-06-06T18:05:52.793Z debug
[InspectorProxyWorker] RUNTIME INCOMING MESSAGE { id: 100001716, result: { id: '1eee3444ae586db1' } }
---

--- 2026-06-06T18:06:02.794Z debug
[InspectorProxyWorker] SEND TO RUNTIME {"method":"Runtime.getIsolateId","id":100001717}
---

--- 2026-06-06T18:06:02.794Z debug
[InspectorProxyWorker] RUNTIME INCOMING MESSAGE { id: 100001717, result: { id: '1eee3444ae586db1' } }
---

--- 2026-06-06T18:06:12.809Z debug
[InspectorProxyWorker] RUNTIME INCOMING MESSAGE { id: 100001718, result: { id: '1eee3444ae586db1' } }
---

--- 2026-06-06T18:06:12.810Z debug
[InspectorProxyWorker] SEND TO RUNTIME {"method":"Runtime.getIsolateId","id":100001718}
---

--- 2026-06-06T18:06:22.826Z debug
[InspectorProxyWorker] RUNTIME INCOMING MESSAGE { id: 100001719, result: { id: '1eee3444ae586db1' } }
---

--- 2026-06-06T18:06:22.827Z debug
[InspectorProxyWorker] SEND TO RUNTIME {"method":"Runtime.getIsolateId","id":100001719}
---

--- 2026-06-06T18:06:32.827Z debug
[InspectorProxyWorker] SEND TO RUNTIME {"method":"Runtime.getIsolateId","id":100001720}
---

--- 2026-06-06T18:06:32.828Z debug
[InspectorProxyWorker] RUNTIME INCOMING MESSAGE { id: 100001720, result: { id: '1eee3444ae586db1' } }
---

--- 2026-06-06T18:06:42.842Z debug
[InspectorProxyWorker] RUNTIME INCOMING MESSAGE { id: 100001721, result: { id: '1eee3444ae586db1' } }
---

--- 2026-06-06T18:06:42.843Z debug
[InspectorProxyWorker] SEND TO RUNTIME {"method":"Runtime.getIsolateId","id":100001721}
---

--- 2026-06-06T18:06:52.844Z debug
[InspectorProxyWorker] RUNTIME INCOMING MESSAGE { id: 100001722, result: { id: '1eee3444ae586db1' } }
---

--- 2026-06-06T18:06:52.845Z debug
[InspectorProxyWorker] SEND TO RUNTIME {"method":"Runtime.getIsolateId","id":100001722}
---

--- 2026-06-06T18:07:02.859Z debug
[InspectorProxyWorker] RUNTIME INCOMING MESSAGE { id: 100001723, result: { id: '1eee3444ae586db1' } }
---

--- 2026-06-06T18:07:02.859Z debug
[InspectorProxyWorker] SEND TO RUNTIME {"method":"Runtime.getIsolateId","id":100001723}
---

--- 2026-06-06T18:07:12.873Z debug
[InspectorProxyWorker] RUNTIME INCOMING MESSAGE { id: 100001724, result: { id: '1eee3444ae586db1' } }
---

--- 2026-06-06T18:07:12.874Z debug
[InspectorProxyWorker] SEND TO RUNTIME {"method":"Runtime.getIsolateId","id":100001724}
---

--- 2026-06-06T18:07:22.875Z debug
[InspectorProxyWorker] RUNTIME INCOMING MESSAGE { id: 100001725, result: { id: '1eee3444ae586db1' } }
---

--- 2026-06-06T18:07:22.875Z debug
[InspectorProxyWorker] SEND TO RUNTIME {"method":"Runtime.getIsolateId","id":100001725}
---

--- 2026-06-06T18:07:32.876Z debug
[InspectorProxyWorker] SEND TO RUNTIME {"method":"Runtime.getIsolateId","id":100001726}
---

--- 2026-06-06T18:07:32.876Z debug
[InspectorProxyWorker] RUNTIME INCOMING MESSAGE { id: 100001726, result: { id: '1eee3444ae586db1' } }
---

--- 2026-06-06T18:07:42.877Z debug
[InspectorProxyWorker] SEND TO RUNTIME {"method":"Runtime.getIsolateId","id":100001727}
---

--- 2026-06-06T18:07:42.878Z debug
[InspectorProxyWorker] RUNTIME INCOMING MESSAGE { id: 100001727, result: { id: '1eee3444ae586db1' } }
---

--- 2026-06-06T18:07:52.890Z debug
[InspectorProxyWorker] SEND TO RUNTIME {"method":"Runtime.getIsolateId","id":100001728}
---

--- 2026-06-06T18:07:52.890Z debug
[InspectorProxyWorker] RUNTIME INCOMING MESSAGE { id: 100001728, result: { id: '1eee3444ae586db1' } }
---

--- 2026-06-06T18:08:02.893Z debug
[InspectorProxyWorker] SEND TO RUNTIME {"method":"Runtime.getIsolateId","id":100001729}
---

--- 2026-06-06T18:08:02.894Z debug
[InspectorProxyWorker] RUNTIME INCOMING MESSAGE { id: 100001729, result: { id: '1eee3444ae586db1' } }
---

--- 2026-06-06T18:08:12.909Z debug
[InspectorProxyWorker] RUNTIME INCOMING MESSAGE { id: 100001730, result: { id: '1eee3444ae586db1' } }
---

--- 2026-06-06T18:08:12.909Z debug
[InspectorProxyWorker] SEND TO RUNTIME {"method":"Runtime.getIsolateId","id":100001730}
---

--- 2026-06-06T18:08:22.910Z debug
[InspectorProxyWorker] SEND TO RUNTIME {"method":"Runtime.getIsolateId","id":100001731}
---

--- 2026-06-06T18:08:22.910Z debug
[InspectorProxyWorker] RUNTIME INCOMING MESSAGE { id: 100001731, result: { id: '1eee3444ae586db1' } }
---

--- 2026-06-06T18:08:32.922Z debug
[InspectorProxyWorker] SEND TO RUNTIME {"method":"Runtime.getIsolateId","id":100001732}
---

--- 2026-06-06T18:08:32.922Z debug
[InspectorProxyWorker] RUNTIME INCOMING MESSAGE { id: 100001732, result: { id: '1eee3444ae586db1' } }
---

--- 2026-06-06T18:08:42.923Z debug
[InspectorProxyWorker] SEND TO RUNTIME {"method":"Runtime.getIsolateId","id":100001733}
---

--- 2026-06-06T18:08:42.924Z debug
[InspectorProxyWorker] RUNTIME INCOMING MESSAGE { id: 100001733, result: { id: '1eee3444ae586db1' } }
---

--- 2026-06-06T18:08:52.924Z debug
[InspectorProxyWorker] RUNTIME INCOMING MESSAGE { id: 100001734, result: { id: '1eee3444ae586db1' } }
---

--- 2026-06-06T18:08:52.925Z debug
[InspectorProxyWorker] SEND TO RUNTIME {"method":"Runtime.getIsolateId","id":100001734}
---

--- 2026-06-06T18:09:02.926Z debug
[InspectorProxyWorker] RUNTIME INCOMING MESSAGE { id: 100001735, result: { id: '1eee3444ae586db1' } }
---

--- 2026-06-06T18:09:02.927Z debug
[InspectorProxyWorker] SEND TO RUNTIME {"method":"Runtime.getIsolateId","id":100001735}
---

--- 2026-06-06T18:09:12.928Z debug
[InspectorProxyWorker] SEND TO RUNTIME {"method":"Runtime.getIsolateId","id":100001736}
---

--- 2026-06-06T18:09:12.929Z debug
[InspectorProxyWorker] RUNTIME INCOMING MESSAGE { id: 100001736, result: { id: '1eee3444ae586db1' } }
---

--- 2026-06-06T18:09:22.941Z debug
[InspectorProxyWorker] RUNTIME INCOMING MESSAGE { id: 100001737, result: { id: '1eee3444ae586db1' } }
---

--- 2026-06-06T18:09:22.942Z debug
[InspectorProxyWorker] SEND TO RUNTIME {"method":"Runtime.getIsolateId","id":100001737}
---

--- 2026-06-06T18:09:32.958Z debug
[InspectorProxyWorker] SEND TO RUNTIME {"method":"Runtime.getIsolateId","id":100001738}
---

--- 2026-06-06T18:09:32.959Z debug
[InspectorProxyWorker] RUNTIME INCOMING MESSAGE { id: 100001738, result: { id: '1eee3444ae586db1' } }
---

--- 2026-06-06T18:09:42.958Z debug
[InspectorProxyWorker] SEND TO RUNTIME {"method":"Runtime.getIsolateId","id":100001739}
---

--- 2026-06-06T18:09:42.959Z debug
[InspectorProxyWorker] RUNTIME INCOMING MESSAGE { id: 100001739, result: { id: '1eee3444ae586db1' } }
---

--- 2026-06-06T18:09:52.974Z debug
[InspectorProxyWorker] RUNTIME INCOMING MESSAGE { id: 100001740, result: { id: '1eee3444ae586db1' } }
---

--- 2026-06-06T18:09:52.975Z debug
[InspectorProxyWorker] SEND TO RUNTIME {"method":"Runtime.getIsolateId","id":100001740}
---

--- 2026-06-06T18:10:02.977Z debug
[InspectorProxyWorker] SEND TO RUNTIME {"method":"Runtime.getIsolateId","id":100001741}
---

--- 2026-06-06T18:10:02.978Z debug
[InspectorProxyWorker] RUNTIME INCOMING MESSAGE { id: 100001741, result: { id: '1eee3444ae586db1' } }
---

--- 2026-06-06T18:10:12.977Z debug
[InspectorProxyWorker] SEND TO RUNTIME {"method":"Runtime.getIsolateId","id":100001742}
---

--- 2026-06-06T18:10:12.978Z debug
[InspectorProxyWorker] RUNTIME INCOMING MESSAGE { id: 100001742, result: { id: '1eee3444ae586db1' } }
---

--- 2026-06-06T18:10:22.993Z debug
[InspectorProxyWorker] RUNTIME INCOMING MESSAGE { id: 100001743, result: { id: '1eee3444ae586db1' } }
---

--- 2026-06-06T18:10:22.993Z debug
[InspectorProxyWorker] SEND TO RUNTIME {"method":"Runtime.getIsolateId","id":100001743}
---

--- 2026-06-06T18:10:32.996Z debug
[InspectorProxyWorker] SEND TO RUNTIME {"method":"Runtime.getIsolateId","id":100001744}
---

--- 2026-06-06T18:10:32.996Z debug
[InspectorProxyWorker] RUNTIME INCOMING MESSAGE { id: 100001744, result: { id: '1eee3444ae586db1' } }
---

--- 2026-06-06T18:10:43.009Z debug
[InspectorProxyWorker] SEND TO RUNTIME {"method":"Runtime.getIsolateId","id":100001745}
---

--- 2026-06-06T18:10:43.010Z debug
[InspectorProxyWorker] RUNTIME INCOMING MESSAGE { id: 100001745, result: { id: '1eee3444ae586db1' } }
---

--- 2026-06-06T18:10:53.013Z debug
[InspectorProxyWorker] SEND TO RUNTIME {"method":"Runtime.getIsolateId","id":100001746}
---

--- 2026-06-06T18:10:53.014Z debug
[InspectorProxyWorker] RUNTIME INCOMING MESSAGE { id: 100001746, result: { id: '1eee3444ae586db1' } }
---

--- 2026-06-06T18:11:03.027Z debug
[InspectorProxyWorker] SEND TO RUNTIME {"method":"Runtime.getIsolateId","id":100001747}
---

--- 2026-06-06T18:11:03.027Z debug
[InspectorProxyWorker] RUNTIME INCOMING MESSAGE { id: 100001747, result: { id: '1eee3444ae586db1' } }
---

--- 2026-06-06T18:11:13.031Z debug
[InspectorProxyWorker] RUNTIME INCOMING MESSAGE { id: 100001748, result: { id: '1eee3444ae586db1' } }
---

--- 2026-06-06T18:11:13.032Z debug
[InspectorProxyWorker] SEND TO RUNTIME {"method":"Runtime.getIsolateId","id":100001748}
---

--- 2026-06-06T18:11:23.046Z debug
[InspectorProxyWorker] SEND TO RUNTIME {"method":"Runtime.getIsolateId","id":100001749}
---

--- 2026-06-06T18:11:23.047Z debug
[InspectorProxyWorker] RUNTIME INCOMING MESSAGE { id: 100001749, result: { id: '1eee3444ae586db1' } }
---

--- 2026-06-06T18:11:33.069Z debug
[InspectorProxyWorker] RUNTIME INCOMING MESSAGE { id: 100001750, result: { id: '1eee3444ae586db1' } }
---

--- 2026-06-06T18:11:33.069Z debug
[InspectorProxyWorker] SEND TO RUNTIME {"method":"Runtime.getIsolateId","id":100001750}
---

--- 2026-06-06T18:11:43.076Z debug
[InspectorProxyWorker] RUNTIME INCOMING MESSAGE { id: 100001751, result: { id: '1eee3444ae586db1' } }
---

--- 2026-06-06T18:11:43.076Z debug
[InspectorProxyWorker] SEND TO RUNTIME {"method":"Runtime.getIsolateId","id":100001751}
---

--- 2026-06-06T18:11:53.080Z debug
[InspectorProxyWorker] SEND TO RUNTIME {"method":"Runtime.getIsolateId","id":100001752}
---

--- 2026-06-06T18:11:53.081Z debug
[InspectorProxyWorker] RUNTIME INCOMING MESSAGE { id: 100001752, result: { id: '1eee3444ae586db1' } }
---

--- 2026-06-06T18:12:03.080Z debug
[InspectorProxyWorker] SEND TO RUNTIME {"method":"Runtime.getIsolateId","id":100001753}
---

--- 2026-06-06T18:12:03.080Z debug
[InspectorProxyWorker] RUNTIME INCOMING MESSAGE { id: 100001753, result: { id: '1eee3444ae586db1' } }
---

--- 2026-06-06T18:12:13.096Z debug
[InspectorProxyWorker] RUNTIME INCOMING MESSAGE { id: 100001754, result: { id: '1eee3444ae586db1' } }
---

--- 2026-06-06T18:12:13.096Z debug
[InspectorProxyWorker] SEND TO RUNTIME {"method":"Runtime.getIsolateId","id":100001754}
---

--- 2026-06-06T18:12:23.097Z debug
[InspectorProxyWorker] SEND TO RUNTIME {"method":"Runtime.getIsolateId","id":100001755}
---

--- 2026-06-06T18:12:23.098Z debug
[InspectorProxyWorker] RUNTIME INCOMING MESSAGE { id: 100001755, result: { id: '1eee3444ae586db1' } }
---

--- 2026-06-06T18:12:33.098Z debug
[InspectorProxyWorker] RUNTIME INCOMING MESSAGE { id: 100001756, result: { id: '1eee3444ae586db1' } }
---

--- 2026-06-06T18:12:33.098Z debug
[InspectorProxyWorker] SEND TO RUNTIME {"method":"Runtime.getIsolateId","id":100001756}
---

--- 2026-06-06T18:12:43.111Z debug
[InspectorProxyWorker] RUNTIME INCOMING MESSAGE { id: 100001757, result: { id: '1eee3444ae586db1' } }
---

--- 2026-06-06T18:12:43.112Z debug
[InspectorProxyWorker] SEND TO RUNTIME {"method":"Runtime.getIsolateId","id":100001757}
---

--- 2026-06-06T18:12:53.114Z debug
[InspectorProxyWorker] SEND TO RUNTIME {"method":"Runtime.getIsolateId","id":100001758}
---

--- 2026-06-06T18:12:53.115Z debug
[InspectorProxyWorker] RUNTIME INCOMING MESSAGE { id: 100001758, result: { id: '1eee3444ae586db1' } }
---

--- 2026-06-06T18:13:03.128Z debug
[InspectorProxyWorker] RUNTIME INCOMING MESSAGE { id: 100001759, result: { id: '1eee3444ae586db1' } }
---

--- 2026-06-06T18:13:03.128Z debug
[InspectorProxyWorker] SEND TO RUNTIME {"method":"Runtime.getIsolateId","id":100001759}
---

--- 2026-06-06T18:13:13.129Z debug
[InspectorProxyWorker] SEND TO RUNTIME {"method":"Runtime.getIsolateId","id":100001760}
---

--- 2026-06-06T18:13:13.129Z debug
[InspectorProxyWorker] RUNTIME INCOMING MESSAGE { id: 100001760, result: { id: '1eee3444ae586db1' } }
---

--- 2026-06-06T18:13:23.131Z debug
[InspectorProxyWorker] SEND TO RUNTIME {"method":"Runtime.getIsolateId","id":100001761}
---

--- 2026-06-06T18:13:23.132Z debug
[InspectorProxyWorker] RUNTIME INCOMING MESSAGE { id: 100001761, result: { id: '1eee3444ae586db1' } }
---

--- 2026-06-06T18:13:33.144Z debug
[InspectorProxyWorker] RUNTIME INCOMING MESSAGE { id: 100001762, result: { id: '1eee3444ae586db1' } }
---

--- 2026-06-06T18:13:33.144Z debug
[InspectorProxyWorker] SEND TO RUNTIME {"method":"Runtime.getIsolateId","id":100001762}
---

--- 2026-06-06T18:13:43.148Z debug
[InspectorProxyWorker] SEND TO RUNTIME {"method":"Runtime.getIsolateId","id":100001763}
---

--- 2026-06-06T18:13:43.148Z debug
[InspectorProxyWorker] RUNTIME INCOMING MESSAGE { id: 100001763, result: { id: '1eee3444ae586db1' } }
---

--- 2026-06-06T18:13:53.163Z debug
[InspectorProxyWorker] SEND TO RUNTIME {"method":"Runtime.getIsolateId","id":100001764}
---

--- 2026-06-06T18:13:53.164Z debug
[InspectorProxyWorker] RUNTIME INCOMING MESSAGE { id: 100001764, result: { id: '1eee3444ae586db1' } }
---

--- 2026-06-06T18:14:03.164Z debug
[InspectorProxyWorker] SEND TO RUNTIME {"method":"Runtime.getIsolateId","id":100001765}
---

--- 2026-06-06T18:14:03.164Z debug
[InspectorProxyWorker] RUNTIME INCOMING MESSAGE { id: 100001765, result: { id: '1eee3444ae586db1' } }
---

--- 2026-06-06T18:14:13.177Z debug
[InspectorProxyWorker] SEND TO RUNTIME {"method":"Runtime.getIsolateId","id":100001766}
---

--- 2026-06-06T18:14:13.178Z debug
[InspectorProxyWorker] RUNTIME INCOMING MESSAGE { id: 100001766, result: { id: '1eee3444ae586db1' } }
---

--- 2026-06-06T18:14:23.194Z debug
[InspectorProxyWorker] SEND TO RUNTIME {"method":"Runtime.getIsolateId","id":100001767}
---

--- 2026-06-06T18:14:23.195Z debug
[InspectorProxyWorker] RUNTIME INCOMING MESSAGE { id: 100001767, result: { id: '1eee3444ae586db1' } }
---

--- 2026-06-06T18:14:33.194Z debug
[InspectorProxyWorker] RUNTIME INCOMING MESSAGE { id: 100001768, result: { id: '1eee3444ae586db1' } }
---

--- 2026-06-06T18:14:33.195Z debug
[InspectorProxyWorker] SEND TO RUNTIME {"method":"Runtime.getIsolateId","id":100001768}
---

--- 2026-06-06T18:14:43.197Z debug
[InspectorProxyWorker] SEND TO RUNTIME {"method":"Runtime.getIsolateId","id":100001769}
---

--- 2026-06-06T18:14:43.198Z debug
[InspectorProxyWorker] RUNTIME INCOMING MESSAGE { id: 100001769, result: { id: '1eee3444ae586db1' } }
---

--- 2026-06-06T18:14:53.199Z debug
[InspectorProxyWorker] RUNTIME INCOMING MESSAGE { id: 100001770, result: { id: '1eee3444ae586db1' } }
---

--- 2026-06-06T18:14:53.199Z debug
[InspectorProxyWorker] SEND TO RUNTIME {"method":"Runtime.getIsolateId","id":100001770}
---

--- 2026-06-06T18:15:03.204Z debug
[InspectorProxyWorker] SEND TO RUNTIME {"method":"Runtime.getIsolateId","id":100001771}
---

--- 2026-06-06T18:15:03.204Z debug
[InspectorProxyWorker] RUNTIME INCOMING MESSAGE { id: 100001771, result: { id: '1eee3444ae586db1' } }
---

--- 2026-06-06T18:15:13.211Z debug
[InspectorProxyWorker] RUNTIME INCOMING MESSAGE { id: 100001772, result: { id: '1eee3444ae586db1' } }
---

--- 2026-06-06T18:15:13.212Z debug
[InspectorProxyWorker] SEND TO RUNTIME {"method":"Runtime.getIsolateId","id":100001772}
---

--- 2026-06-06T18:15:23.227Z debug
[InspectorProxyWorker] SEND TO RUNTIME {"method":"Runtime.getIsolateId","id":100001773}
---

--- 2026-06-06T18:15:23.228Z debug
[InspectorProxyWorker] RUNTIME INCOMING MESSAGE { id: 100001773, result: { id: '1eee3444ae586db1' } }
---

--- 2026-06-06T18:15:33.238Z debug
[InspectorProxyWorker] RUNTIME INCOMING MESSAGE { id: 100001774, result: { id: '1eee3444ae586db1' } }
---

--- 2026-06-06T18:15:33.238Z debug
[InspectorProxyWorker] SEND TO RUNTIME {"method":"Runtime.getIsolateId","id":100001774}
---

--- 2026-06-06T18:15:43.251Z debug
[InspectorProxyWorker] SEND TO RUNTIME {"method":"Runtime.getIsolateId","id":100001775}
---

--- 2026-06-06T18:15:43.251Z debug
[InspectorProxyWorker] RUNTIME INCOMING MESSAGE { id: 100001775, result: { id: '1eee3444ae586db1' } }
---

--- 2026-06-06T18:15:53.260Z debug
[InspectorProxyWorker] SEND TO RUNTIME {"method":"Runtime.getIsolateId","id":100001776}
---

--- 2026-06-06T18:15:53.261Z debug
[InspectorProxyWorker] RUNTIME INCOMING MESSAGE { id: 100001776, result: { id: '1eee3444ae586db1' } }
---

--- 2026-06-06T18:16:03.264Z debug
[InspectorProxyWorker] SEND TO RUNTIME {"method":"Runtime.getIsolateId","id":100001777}
---

--- 2026-06-06T18:16:03.264Z debug
[InspectorProxyWorker] RUNTIME INCOMING MESSAGE { id: 100001777, result: { id: '1eee3444ae586db1' } }
---

--- 2026-06-06T18:16:13.266Z debug
[InspectorProxyWorker] SEND TO RUNTIME {"method":"Runtime.getIsolateId","id":100001778}
---

--- 2026-06-06T18:16:13.267Z debug
[InspectorProxyWorker] RUNTIME INCOMING MESSAGE { id: 100001778, result: { id: '1eee3444ae586db1' } }
---

--- 2026-06-06T18:16:23.279Z debug
[InspectorProxyWorker] RUNTIME INCOMING MESSAGE { id: 100001779, result: { id: '1eee3444ae586db1' } }
---

--- 2026-06-06T18:16:23.279Z debug
[InspectorProxyWorker] SEND TO RUNTIME {"method":"Runtime.getIsolateId","id":100001779}
---

--- 2026-06-06T18:16:33.286Z debug
[InspectorProxyWorker] SEND TO RUNTIME {"method":"Runtime.getIsolateId","id":100001780}
---

--- 2026-06-06T18:16:33.287Z debug
[InspectorProxyWorker] RUNTIME INCOMING MESSAGE { id: 100001780, result: { id: '1eee3444ae586db1' } }
---

--- 2026-06-06T18:16:43.295Z debug
[InspectorProxyWorker] SEND TO RUNTIME {"method":"Runtime.getIsolateId","id":100001781}
---

--- 2026-06-06T18:16:43.295Z debug
[InspectorProxyWorker] RUNTIME INCOMING MESSAGE { id: 100001781, result: { id: '1eee3444ae586db1' } }
---

--- 2026-06-06T18:16:53.296Z debug
[InspectorProxyWorker] SEND TO RUNTIME {"method":"Runtime.getIsolateId","id":100001782}
---

--- 2026-06-06T18:16:53.296Z debug
[InspectorProxyWorker] RUNTIME INCOMING MESSAGE { id: 100001782, result: { id: '1eee3444ae586db1' } }
---

--- 2026-06-06T18:17:03.305Z debug
[InspectorProxyWorker] SEND TO RUNTIME {"method":"Runtime.getIsolateId","id":100001783}
---

--- 2026-06-06T18:17:03.306Z debug
[InspectorProxyWorker] RUNTIME INCOMING MESSAGE { id: 100001783, result: { id: '1eee3444ae586db1' } }
---

--- 2026-06-06T18:17:13.308Z debug
[InspectorProxyWorker] RUNTIME INCOMING MESSAGE { id: 100001784, result: { id: '1eee3444ae586db1' } }
---

--- 2026-06-06T18:17:13.308Z debug
[InspectorProxyWorker] SEND TO RUNTIME {"method":"Runtime.getIsolateId","id":100001784}
---

--- 2026-06-06T18:17:23.312Z debug
[InspectorProxyWorker] SEND TO RUNTIME {"method":"Runtime.getIsolateId","id":100001785}
---

--- 2026-06-06T18:17:23.312Z debug
[InspectorProxyWorker] RUNTIME INCOMING MESSAGE { id: 100001785, result: { id: '1eee3444ae586db1' } }
---

--- 2026-06-06T18:17:33.312Z debug
[InspectorProxyWorker] SEND TO RUNTIME {"method":"Runtime.getIsolateId","id":100001786}
---

--- 2026-06-06T18:17:33.312Z debug
[InspectorProxyWorker] RUNTIME INCOMING MESSAGE { id: 100001786, result: { id: '1eee3444ae586db1' } }
---

--- 2026-06-06T18:17:43.314Z debug
[InspectorProxyWorker] SEND TO RUNTIME {"method":"Runtime.getIsolateId","id":100001787}
---

--- 2026-06-06T18:17:43.314Z debug
[InspectorProxyWorker] RUNTIME INCOMING MESSAGE { id: 100001787, result: { id: '1eee3444ae586db1' } }
---

--- 2026-06-06T18:17:53.317Z debug
[InspectorProxyWorker] SEND TO RUNTIME {"method":"Runtime.getIsolateId","id":100001788}
---

--- 2026-06-06T18:17:53.317Z debug
[InspectorProxyWorker] RUNTIME INCOMING MESSAGE { id: 100001788, result: { id: '1eee3444ae586db1' } }
---

--- 2026-06-06T18:18:03.320Z debug
[InspectorProxyWorker] RUNTIME INCOMING MESSAGE { id: 100001789, result: { id: '1eee3444ae586db1' } }
---

--- 2026-06-06T18:18:03.320Z debug
[InspectorProxyWorker] SEND TO RUNTIME {"method":"Runtime.getIsolateId","id":100001789}
---

--- 2026-06-06T18:18:13.330Z debug
[InspectorProxyWorker] SEND TO RUNTIME {"method":"Runtime.getIsolateId","id":100001790}
---

--- 2026-06-06T18:18:13.330Z debug
[InspectorProxyWorker] RUNTIME INCOMING MESSAGE { id: 100001790, result: { id: '1eee3444ae586db1' } }
---

--- 2026-06-06T18:18:23.346Z debug
[InspectorProxyWorker] SEND TO RUNTIME {"method":"Runtime.getIsolateId","id":100001791}
---

--- 2026-06-06T18:18:23.347Z debug
[InspectorProxyWorker] RUNTIME INCOMING MESSAGE { id: 100001791, result: { id: '1eee3444ae586db1' } }
---

--- 2026-06-06T18:18:33.353Z debug
[InspectorProxyWorker] SEND TO RUNTIME {"method":"Runtime.getIsolateId","id":100001792}
---

--- 2026-06-06T18:18:33.353Z debug
[InspectorProxyWorker] RUNTIME INCOMING MESSAGE { id: 100001792, result: { id: '1eee3444ae586db1' } }
---

--- 2026-06-06T18:18:43.357Z debug
[InspectorProxyWorker] RUNTIME INCOMING MESSAGE { id: 100001793, result: { id: '1eee3444ae586db1' } }
---

--- 2026-06-06T18:18:43.357Z debug
[InspectorProxyWorker] SEND TO RUNTIME {"method":"Runtime.getIsolateId","id":100001793}
---

--- 2026-06-06T18:18:53.367Z debug
[InspectorProxyWorker] SEND TO RUNTIME {"method":"Runtime.getIsolateId","id":100001794}
---

--- 2026-06-06T18:18:53.368Z debug
[InspectorProxyWorker] RUNTIME INCOMING MESSAGE { id: 100001794, result: { id: '1eee3444ae586db1' } }
---

--- 2026-06-06T18:19:03.380Z debug
[InspectorProxyWorker] SEND TO RUNTIME {"method":"Runtime.getIsolateId","id":100001795}
---

--- 2026-06-06T18:19:03.380Z debug
[InspectorProxyWorker] RUNTIME INCOMING MESSAGE { id: 100001795, result: { id: '1eee3444ae586db1' } }
---

--- 2026-06-06T18:19:13.388Z debug
[InspectorProxyWorker] SEND TO RUNTIME {"method":"Runtime.getIsolateId","id":100001796}
---

--- 2026-06-06T18:19:13.388Z debug
[InspectorProxyWorker] RUNTIME INCOMING MESSAGE { id: 100001796, result: { id: '1eee3444ae586db1' } }
---

--- 2026-06-06T18:19:23.397Z debug
[InspectorProxyWorker] SEND TO RUNTIME {"method":"Runtime.getIsolateId","id":100001797}
---

--- 2026-06-06T18:19:23.397Z debug
[InspectorProxyWorker] RUNTIME INCOMING MESSAGE { id: 100001797, result: { id: '1eee3444ae586db1' } }
---

--- 2026-06-06T18:19:33.402Z debug
[InspectorProxyWorker] SEND TO RUNTIME {"method":"Runtime.getIsolateId","id":100001798}
---

--- 2026-06-06T18:19:33.403Z debug
[InspectorProxyWorker] RUNTIME INCOMING MESSAGE { id: 100001798, result: { id: '1eee3444ae586db1' } }
---

--- 2026-06-06T18:19:43.415Z debug
[InspectorProxyWorker] RUNTIME INCOMING MESSAGE { id: 100001799, result: { id: '1eee3444ae586db1' } }
---

--- 2026-06-06T18:19:43.416Z debug
[InspectorProxyWorker] SEND TO RUNTIME {"method":"Runtime.getIsolateId","id":100001799}
---

--- 2026-06-06T18:19:53.428Z debug
[InspectorProxyWorker] SEND TO RUNTIME {"method":"Runtime.getIsolateId","id":100001800}
---

--- 2026-06-06T18:19:53.429Z debug
[InspectorProxyWorker] RUNTIME INCOMING MESSAGE { id: 100001800, result: { id: '1eee3444ae586db1' } }
---

--- 2026-06-06T18:20:03.429Z debug
[InspectorProxyWorker] RUNTIME INCOMING MESSAGE { id: 100001801, result: { id: '1eee3444ae586db1' } }
---

--- 2026-06-06T18:20:03.429Z debug
[InspectorProxyWorker] SEND TO RUNTIME {"method":"Runtime.getIsolateId","id":100001801}
---

--- 2026-06-06T18:20:13.437Z debug
[InspectorProxyWorker] SEND TO RUNTIME {"method":"Runtime.getIsolateId","id":100001802}
---

--- 2026-06-06T18:20:13.437Z debug
[InspectorProxyWorker] RUNTIME INCOMING MESSAGE { id: 100001802, result: { id: '1eee3444ae586db1' } }
---

--- 2026-06-06T18:20:23.447Z debug
[InspectorProxyWorker] SEND TO RUNTIME {"method":"Runtime.getIsolateId","id":100001803}
---

--- 2026-06-06T18:20:23.448Z debug
[InspectorProxyWorker] RUNTIME INCOMING MESSAGE { id: 100001803, result: { id: '1eee3444ae586db1' } }
---

--- 2026-06-06T18:20:33.460Z debug
[InspectorProxyWorker] SEND TO RUNTIME {"method":"Runtime.getIsolateId","id":100001804}
---

--- 2026-06-06T18:20:33.460Z debug
[InspectorProxyWorker] RUNTIME INCOMING MESSAGE { id: 100001804, result: { id: '1eee3444ae586db1' } }
---

--- 2026-06-06T18:20:43.470Z debug
[InspectorProxyWorker] SEND TO RUNTIME {"method":"Runtime.getIsolateId","id":100001805}
---

--- 2026-06-06T18:20:43.470Z debug
[InspectorProxyWorker] RUNTIME INCOMING MESSAGE { id: 100001805, result: { id: '1eee3444ae586db1' } }
---

--- 2026-06-06T18:20:53.481Z debug
[InspectorProxyWorker] SEND TO RUNTIME {"method":"Runtime.getIsolateId","id":100001806}
---

--- 2026-06-06T18:20:53.481Z debug
[InspectorProxyWorker] RUNTIME INCOMING MESSAGE { id: 100001806, result: { id: '1eee3444ae586db1' } }
---

--- 2026-06-06T18:21:03.494Z debug
[InspectorProxyWorker] RUNTIME INCOMING MESSAGE { id: 100001807, result: { id: '1eee3444ae586db1' } }
---

--- 2026-06-06T18:21:03.494Z debug
[InspectorProxyWorker] SEND TO RUNTIME {"method":"Runtime.getIsolateId","id":100001807}
---

--- 2026-06-06T18:21:13.505Z debug
[InspectorProxyWorker] RUNTIME INCOMING MESSAGE { id: 100001808, result: { id: '1eee3444ae586db1' } }
---

--- 2026-06-06T18:21:13.505Z debug
[InspectorProxyWorker] SEND TO RUNTIME {"method":"Runtime.getIsolateId","id":100001808}
---

--- 2026-06-06T18:21:23.514Z debug
[InspectorProxyWorker] RUNTIME INCOMING MESSAGE { id: 100001809, result: { id: '1eee3444ae586db1' } }
---

--- 2026-06-06T18:21:23.514Z debug
[InspectorProxyWorker] SEND TO RUNTIME {"method":"Runtime.getIsolateId","id":100001809}
---

--- 2026-06-06T18:21:33.529Z debug
[InspectorProxyWorker] SEND TO RUNTIME {"method":"Runtime.getIsolateId","id":100001810}
---

--- 2026-06-06T18:21:33.529Z debug
[InspectorProxyWorker] RUNTIME INCOMING MESSAGE { id: 100001810, result: { id: '1eee3444ae586db1' } }
---

--- 2026-06-06T18:21:43.539Z debug
[InspectorProxyWorker] SEND TO RUNTIME {"method":"Runtime.getIsolateId","id":100001811}
---

--- 2026-06-06T18:21:43.539Z debug
[InspectorProxyWorker] RUNTIME INCOMING MESSAGE { id: 100001811, result: { id: '1eee3444ae586db1' } }
---

--- 2026-06-06T18:21:53.545Z debug
[InspectorProxyWorker] SEND TO RUNTIME {"method":"Runtime.getIsolateId","id":100001812}
---

--- 2026-06-06T18:21:53.545Z debug
[InspectorProxyWorker] RUNTIME INCOMING MESSAGE { id: 100001812, result: { id: '1eee3444ae586db1' } }
---

--- 2026-06-06T18:22:03.556Z debug
[InspectorProxyWorker] RUNTIME INCOMING MESSAGE { id: 100001813, result: { id: '1eee3444ae586db1' } }
---

--- 2026-06-06T18:22:03.557Z debug
[InspectorProxyWorker] SEND TO RUNTIME {"method":"Runtime.getIsolateId","id":100001813}
---

--- 2026-06-06T18:22:13.561Z debug
[InspectorProxyWorker] SEND TO RUNTIME {"method":"Runtime.getIsolateId","id":100001814}
---

--- 2026-06-06T18:22:13.561Z debug
[InspectorProxyWorker] RUNTIME INCOMING MESSAGE { id: 100001814, result: { id: '1eee3444ae586db1' } }
---

--- 2026-06-06T18:22:23.576Z debug
[InspectorProxyWorker] RUNTIME INCOMING MESSAGE { id: 100001815, result: { id: '1eee3444ae586db1' } }
---

--- 2026-06-06T18:22:23.577Z debug
[InspectorProxyWorker] SEND TO RUNTIME {"method":"Runtime.getIsolateId","id":100001815}
---

--- 2026-06-06T18:22:33.590Z debug
[InspectorProxyWorker] RUNTIME INCOMING MESSAGE { id: 100001816, result: { id: '1eee3444ae586db1' } }
---

--- 2026-06-06T18:22:33.590Z debug
[InspectorProxyWorker] SEND TO RUNTIME {"method":"Runtime.getIsolateId","id":100001816}
---

--- 2026-06-06T18:22:43.597Z debug
[InspectorProxyWorker] RUNTIME INCOMING MESSAGE { id: 100001817, result: { id: '1eee3444ae586db1' } }
---

--- 2026-06-06T18:22:43.597Z debug
[InspectorProxyWorker] SEND TO RUNTIME {"method":"Runtime.getIsolateId","id":100001817}
---

--- 2026-06-06T18:22:53.607Z debug
[InspectorProxyWorker] SEND TO RUNTIME {"method":"Runtime.getIsolateId","id":100001818}
---

--- 2026-06-06T18:22:53.607Z debug
[InspectorProxyWorker] RUNTIME INCOMING MESSAGE { id: 100001818, result: { id: '1eee3444ae586db1' } }
---

--- 2026-06-06T18:23:03.619Z debug
[InspectorProxyWorker] SEND TO RUNTIME {"method":"Runtime.getIsolateId","id":100001819}
---

--- 2026-06-06T18:23:03.620Z debug
[InspectorProxyWorker] RUNTIME INCOMING MESSAGE { id: 100001819, result: { id: '1eee3444ae586db1' } }
---

--- 2026-06-06T18:23:13.633Z debug
[InspectorProxyWorker] RUNTIME INCOMING MESSAGE { id: 100001820, result: { id: '1eee3444ae586db1' } }
---

--- 2026-06-06T18:23:13.634Z debug
[InspectorProxyWorker] SEND TO RUNTIME {"method":"Runtime.getIsolateId","id":100001820}
---

--- 2026-06-06T18:23:23.643Z debug
[InspectorProxyWorker] SEND TO RUNTIME {"method":"Runtime.getIsolateId","id":100001821}
---

--- 2026-06-06T18:23:23.643Z debug
[InspectorProxyWorker] RUNTIME INCOMING MESSAGE { id: 100001821, result: { id: '1eee3444ae586db1' } }
---

--- 2026-06-06T18:23:33.646Z debug
[InspectorProxyWorker] RUNTIME INCOMING MESSAGE { id: 100001822, result: { id: '1eee3444ae586db1' } }
---

--- 2026-06-06T18:23:33.647Z debug
[InspectorProxyWorker] SEND TO RUNTIME {"method":"Runtime.getIsolateId","id":100001822}
---

--- 2026-06-06T18:23:43.654Z debug
[InspectorProxyWorker] SEND TO RUNTIME {"method":"Runtime.getIsolateId","id":100001823}
---

--- 2026-06-06T18:23:43.655Z debug
[InspectorProxyWorker] RUNTIME INCOMING MESSAGE { id: 100001823, result: { id: '1eee3444ae586db1' } }
---

--- 2026-06-06T18:23:53.667Z debug
[InspectorProxyWorker] SEND TO RUNTIME {"method":"Runtime.getIsolateId","id":100001824}
---

--- 2026-06-06T18:23:53.667Z debug
[InspectorProxyWorker] RUNTIME INCOMING MESSAGE { id: 100001824, result: { id: '1eee3444ae586db1' } }
---

--- 2026-06-06T18:24:03.668Z debug
[InspectorProxyWorker] SEND TO RUNTIME {"method":"Runtime.getIsolateId","id":100001825}
---

--- 2026-06-06T18:24:03.669Z debug
[InspectorProxyWorker] RUNTIME INCOMING MESSAGE { id: 100001825, result: { id: '1eee3444ae586db1' } }
---

--- 2026-06-06T18:24:13.680Z debug
[InspectorProxyWorker] RUNTIME INCOMING MESSAGE { id: 100001826, result: { id: '1eee3444ae586db1' } }
---

--- 2026-06-06T18:24:13.681Z debug
[InspectorProxyWorker] SEND TO RUNTIME {"method":"Runtime.getIsolateId","id":100001826}
---

--- 2026-06-06T18:24:23.683Z debug
[InspectorProxyWorker] SEND TO RUNTIME {"method":"Runtime.getIsolateId","id":100001827}
---

--- 2026-06-06T18:24:23.684Z debug
[InspectorProxyWorker] RUNTIME INCOMING MESSAGE { id: 100001827, result: { id: '1eee3444ae586db1' } }
---

--- 2026-06-06T18:24:33.698Z debug
[InspectorProxyWorker] SEND TO RUNTIME {"method":"Runtime.getIsolateId","id":100001828}
---

--- 2026-06-06T18:24:33.699Z debug
[InspectorProxyWorker] RUNTIME INCOMING MESSAGE { id: 100001828, result: { id: '1eee3444ae586db1' } }
---

--- 2026-06-06T18:24:43.701Z debug
[InspectorProxyWorker] RUNTIME INCOMING MESSAGE { id: 100001829, result: { id: '1eee3444ae586db1' } }
---

--- 2026-06-06T18:24:43.701Z debug
[InspectorProxyWorker] SEND TO RUNTIME {"method":"Runtime.getIsolateId","id":100001829}
---

--- 2026-06-06T18:24:53.703Z debug
[InspectorProxyWorker] SEND TO RUNTIME {"method":"Runtime.getIsolateId","id":100001830}
---

--- 2026-06-06T18:24:53.704Z debug
[InspectorProxyWorker] RUNTIME INCOMING MESSAGE { id: 100001830, result: { id: '1eee3444ae586db1' } }
---

--- 2026-06-06T18:25:03.709Z debug
[InspectorProxyWorker] RUNTIME INCOMING MESSAGE { id: 100001831, result: { id: '1eee3444ae586db1' } }
---

--- 2026-06-06T18:25:03.710Z debug
[InspectorProxyWorker] SEND TO RUNTIME {"method":"Runtime.getIsolateId","id":100001831}
---

--- 2026-06-06T18:25:13.713Z debug
[InspectorProxyWorker] SEND TO RUNTIME {"method":"Runtime.getIsolateId","id":100001832}
---

--- 2026-06-06T18:25:13.713Z debug
[InspectorProxyWorker] RUNTIME INCOMING MESSAGE { id: 100001832, result: { id: '1eee3444ae586db1' } }
---

--- 2026-06-06T18:25:23.716Z debug
[InspectorProxyWorker] RUNTIME INCOMING MESSAGE { id: 100001833, result: { id: '1eee3444ae586db1' } }
---

--- 2026-06-06T18:25:23.716Z debug
[InspectorProxyWorker] SEND TO RUNTIME {"method":"Runtime.getIsolateId","id":100001833}
---

--- 2026-06-06T18:25:33.719Z debug
[InspectorProxyWorker] SEND TO RUNTIME {"method":"Runtime.getIsolateId","id":100001834}
---

--- 2026-06-06T18:25:33.719Z debug
[InspectorProxyWorker] RUNTIME INCOMING MESSAGE { id: 100001834, result: { id: '1eee3444ae586db1' } }
---

--- 2026-06-06T18:25:43.733Z debug
[InspectorProxyWorker] SEND TO RUNTIME {"method":"Runtime.getIsolateId","id":100001835}
---

--- 2026-06-06T18:25:43.733Z debug
[InspectorProxyWorker] RUNTIME INCOMING MESSAGE { id: 100001835, result: { id: '1eee3444ae586db1' } }
---

--- 2026-06-06T18:25:53.737Z debug
[InspectorProxyWorker] SEND TO RUNTIME {"method":"Runtime.getIsolateId","id":100001836}
---

--- 2026-06-06T18:25:53.738Z debug
[InspectorProxyWorker] RUNTIME INCOMING MESSAGE { id: 100001836, result: { id: '1eee3444ae586db1' } }
---

--- 2026-06-06T18:26:03.738Z debug
[InspectorProxyWorker] SEND TO RUNTIME {"method":"Runtime.getIsolateId","id":100001837}
---

--- 2026-06-06T18:26:03.739Z debug
[InspectorProxyWorker] RUNTIME INCOMING MESSAGE { id: 100001837, result: { id: '1eee3444ae586db1' } }
---

--- 2026-06-06T18:26:13.753Z debug
[InspectorProxyWorker] RUNTIME INCOMING MESSAGE { id: 100001838, result: { id: '1eee3444ae586db1' } }
---

--- 2026-06-06T18:26:13.754Z debug
[InspectorProxyWorker] SEND TO RUNTIME {"method":"Runtime.getIsolateId","id":100001838}
---

--- 2026-06-06T18:26:23.755Z debug
[InspectorProxyWorker] RUNTIME INCOMING MESSAGE { id: 100001839, result: { id: '1eee3444ae586db1' } }
---

--- 2026-06-06T18:26:23.756Z debug
[InspectorProxyWorker] SEND TO RUNTIME {"method":"Runtime.getIsolateId","id":100001839}
---

--- 2026-06-06T18:26:33.770Z debug
[InspectorProxyWorker] SEND TO RUNTIME {"method":"Runtime.getIsolateId","id":100001840}
---

--- 2026-06-06T18:26:33.771Z debug
[InspectorProxyWorker] RUNTIME INCOMING MESSAGE { id: 100001840, result: { id: '1eee3444ae586db1' } }
---

--- 2026-06-06T18:26:43.773Z debug
[InspectorProxyWorker] SEND TO RUNTIME {"method":"Runtime.getIsolateId","id":100001841}
---

--- 2026-06-06T18:26:43.773Z debug
[InspectorProxyWorker] RUNTIME INCOMING MESSAGE { id: 100001841, result: { id: '1eee3444ae586db1' } }
---

--- 2026-06-06T18:26:53.786Z debug
[InspectorProxyWorker] SEND TO RUNTIME {"method":"Runtime.getIsolateId","id":100001842}
---

--- 2026-06-06T18:26:53.787Z debug
[InspectorProxyWorker] RUNTIME INCOMING MESSAGE { id: 100001842, result: { id: '1eee3444ae586db1' } }
---

--- 2026-06-06T18:27:03.788Z debug
[InspectorProxyWorker] SEND TO RUNTIME {"method":"Runtime.getIsolateId","id":100001843}
---

--- 2026-06-06T18:27:03.789Z debug
[InspectorProxyWorker] RUNTIME INCOMING MESSAGE { id: 100001843, result: { id: '1eee3444ae586db1' } }
---

--- 2026-06-06T18:27:13.803Z debug
[InspectorProxyWorker] SEND TO RUNTIME {"method":"Runtime.getIsolateId","id":100001844}
---

--- 2026-06-06T18:27:13.804Z debug
[InspectorProxyWorker] RUNTIME INCOMING MESSAGE { id: 100001844, result: { id: '1eee3444ae586db1' } }
---

--- 2026-06-06T18:27:23.804Z debug
[InspectorProxyWorker] SEND TO RUNTIME {"method":"Runtime.getIsolateId","id":100001845}
---

--- 2026-06-06T18:27:23.805Z debug
[InspectorProxyWorker] RUNTIME INCOMING MESSAGE { id: 100001845, result: { id: '1eee3444ae586db1' } }
---

--- 2026-06-06T18:27:33.818Z debug
[InspectorProxyWorker] SEND TO RUNTIME {"method":"Runtime.getIsolateId","id":100001846}
---

--- 2026-06-06T18:27:33.819Z debug
[InspectorProxyWorker] RUNTIME INCOMING MESSAGE { id: 100001846, result: { id: '1eee3444ae586db1' } }
---

--- 2026-06-06T18:27:43.820Z debug
[InspectorProxyWorker] RUNTIME INCOMING MESSAGE { id: 100001847, result: { id: '1eee3444ae586db1' } }
---

--- 2026-06-06T18:27:43.820Z debug
[InspectorProxyWorker] SEND TO RUNTIME {"method":"Runtime.getIsolateId","id":100001847}
---

--- 2026-06-06T18:27:53.830Z debug
[InspectorProxyWorker] SEND TO RUNTIME {"method":"Runtime.getIsolateId","id":100001848}
---

--- 2026-06-06T18:27:53.830Z debug
[InspectorProxyWorker] RUNTIME INCOMING MESSAGE { id: 100001848, result: { id: '1eee3444ae586db1' } }
---

--- 2026-06-06T18:28:03.835Z debug
[InspectorProxyWorker] RUNTIME INCOMING MESSAGE { id: 100001849, result: { id: '1eee3444ae586db1' } }
---

--- 2026-06-06T18:28:03.835Z debug
[InspectorProxyWorker] SEND TO RUNTIME {"method":"Runtime.getIsolateId","id":100001849}
---

--- 2026-06-06T18:28:13.843Z debug
[InspectorProxyWorker] SEND TO RUNTIME {"method":"Runtime.getIsolateId","id":100001850}
---

--- 2026-06-06T18:28:13.843Z debug
[InspectorProxyWorker] RUNTIME INCOMING MESSAGE { id: 100001850, result: { id: '1eee3444ae586db1' } }
---

--- 2026-06-06T18:28:23.853Z debug
[InspectorProxyWorker] SEND TO RUNTIME {"method":"Runtime.getIsolateId","id":100001851}
---

--- 2026-06-06T18:28:23.853Z debug
[InspectorProxyWorker] RUNTIME INCOMING MESSAGE { id: 100001851, result: { id: '1eee3444ae586db1' } }
---

--- 2026-06-06T18:28:33.854Z debug
[InspectorProxyWorker] SEND TO RUNTIME {"method":"Runtime.getIsolateId","id":100001852}
---

--- 2026-06-06T18:28:33.855Z debug
[InspectorProxyWorker] RUNTIME INCOMING MESSAGE { id: 100001852, result: { id: '1eee3444ae586db1' } }
---

--- 2026-06-06T18:28:43.854Z debug
[InspectorProxyWorker] RUNTIME INCOMING MESSAGE { id: 100001853, result: { id: '1eee3444ae586db1' } }
---

--- 2026-06-06T18:28:43.855Z debug
[InspectorProxyWorker] SEND TO RUNTIME {"method":"Runtime.getIsolateId","id":100001853}
---

--- 2026-06-06T18:28:53.856Z debug
[InspectorProxyWorker] SEND TO RUNTIME {"method":"Runtime.getIsolateId","id":100001854}
---

--- 2026-06-06T18:28:53.857Z debug
[InspectorProxyWorker] RUNTIME INCOMING MESSAGE { id: 100001854, result: { id: '1eee3444ae586db1' } }
---

--- 2026-06-06T18:29:03.864Z debug
[InspectorProxyWorker] SEND TO RUNTIME {"method":"Runtime.getIsolateId","id":100001855}
---

--- 2026-06-06T18:29:03.864Z debug
[InspectorProxyWorker] RUNTIME INCOMING MESSAGE { id: 100001855, result: { id: '1eee3444ae586db1' } }
---

--- 2026-06-06T18:29:13.871Z debug
[InspectorProxyWorker] RUNTIME INCOMING MESSAGE { id: 100001856, result: { id: '1eee3444ae586db1' } }
---

--- 2026-06-06T18:29:13.872Z debug
[InspectorProxyWorker] SEND TO RUNTIME {"method":"Runtime.getIsolateId","id":100001856}
---

--- 2026-06-06T18:29:23.873Z debug
[InspectorProxyWorker] SEND TO RUNTIME {"method":"Runtime.getIsolateId","id":100001857}
---

--- 2026-06-06T18:29:23.873Z debug
[InspectorProxyWorker] RUNTIME INCOMING MESSAGE { id: 100001857, result: { id: '1eee3444ae586db1' } }
---

--- 2026-06-06T18:29:33.888Z debug
[InspectorProxyWorker] SEND TO RUNTIME {"method":"Runtime.getIsolateId","id":100001858}
---

--- 2026-06-06T18:29:33.888Z debug
[InspectorProxyWorker] RUNTIME INCOMING MESSAGE { id: 100001858, result: { id: '1eee3444ae586db1' } }
---

--- 2026-06-06T18:29:43.903Z debug
[InspectorProxyWorker] SEND TO RUNTIME {"method":"Runtime.getIsolateId","id":100001859}
---

--- 2026-06-06T18:29:43.903Z debug
[InspectorProxyWorker] RUNTIME INCOMING MESSAGE { id: 100001859, result: { id: '1eee3444ae586db1' } }
---

--- 2026-06-06T18:29:53.907Z debug
[InspectorProxyWorker] RUNTIME INCOMING MESSAGE { id: 100001860, result: { id: '1eee3444ae586db1' } }
---

--- 2026-06-06T18:29:53.907Z debug
[InspectorProxyWorker] SEND TO RUNTIME {"method":"Runtime.getIsolateId","id":100001860}
---

--- 2026-06-06T18:30:03.908Z debug
[InspectorProxyWorker] SEND TO RUNTIME {"method":"Runtime.getIsolateId","id":100001861}
---

--- 2026-06-06T18:30:03.908Z debug
[InspectorProxyWorker] RUNTIME INCOMING MESSAGE { id: 100001861, result: { id: '1eee3444ae586db1' } }
---

--- 2026-06-06T18:30:13.919Z debug
[InspectorProxyWorker] SEND TO RUNTIME {"method":"Runtime.getIsolateId","id":100001862}
---

--- 2026-06-06T18:30:13.919Z debug
[InspectorProxyWorker] RUNTIME INCOMING MESSAGE { id: 100001862, result: { id: '1eee3444ae586db1' } }
---

--- 2026-06-06T18:30:23.935Z debug
[InspectorProxyWorker] RUNTIME INCOMING MESSAGE { id: 100001863, result: { id: '1eee3444ae586db1' } }
---

--- 2026-06-06T18:30:23.935Z debug
[InspectorProxyWorker] SEND TO RUNTIME {"method":"Runtime.getIsolateId","id":100001863}
---

--- 2026-06-06T18:30:33.939Z debug
[InspectorProxyWorker] RUNTIME INCOMING MESSAGE { id: 100001864, result: { id: '1eee3444ae586db1' } }
---

--- 2026-06-06T18:30:33.939Z debug
[InspectorProxyWorker] SEND TO RUNTIME {"method":"Runtime.getIsolateId","id":100001864}
---

--- 2026-06-06T18:30:43.940Z debug
[InspectorProxyWorker] SEND TO RUNTIME {"method":"Runtime.getIsolateId","id":100001865}
---

--- 2026-06-06T18:30:43.941Z debug
[InspectorProxyWorker] RUNTIME INCOMING MESSAGE { id: 100001865, result: { id: '1eee3444ae586db1' } }
---

--- 2026-06-06T18:30:53.955Z debug
[InspectorProxyWorker] SEND TO RUNTIME {"method":"Runtime.getIsolateId","id":100001866}
---

--- 2026-06-06T18:30:53.956Z debug
[InspectorProxyWorker] RUNTIME INCOMING MESSAGE { id: 100001866, result: { id: '1eee3444ae586db1' } }
---

--- 2026-06-06T18:31:03.957Z debug
[InspectorProxyWorker] SEND TO RUNTIME {"method":"Runtime.getIsolateId","id":100001867}
---

--- 2026-06-06T18:31:03.958Z debug
[InspectorProxyWorker] RUNTIME INCOMING MESSAGE { id: 100001867, result: { id: '1eee3444ae586db1' } }
---

--- 2026-06-06T18:31:13.971Z debug
[InspectorProxyWorker] SEND TO RUNTIME {"method":"Runtime.getIsolateId","id":100001868}
---

--- 2026-06-06T18:31:13.971Z debug
[InspectorProxyWorker] RUNTIME INCOMING MESSAGE { id: 100001868, result: { id: '1eee3444ae586db1' } }
---

--- 2026-06-06T18:31:23.973Z debug
[InspectorProxyWorker] RUNTIME INCOMING MESSAGE { id: 100001869, result: { id: '1eee3444ae586db1' } }
---

--- 2026-06-06T18:31:23.973Z debug
[InspectorProxyWorker] SEND TO RUNTIME {"method":"Runtime.getIsolateId","id":100001869}
---

--- 2026-06-06T18:31:33.975Z debug
[InspectorProxyWorker] SEND TO RUNTIME {"method":"Runtime.getIsolateId","id":100001870}
---

--- 2026-06-06T18:31:33.975Z debug
[InspectorProxyWorker] RUNTIME INCOMING MESSAGE { id: 100001870, result: { id: '1eee3444ae586db1' } }
---

--- 2026-06-06T18:31:43.989Z debug
[InspectorProxyWorker] RUNTIME INCOMING MESSAGE { id: 100001871, result: { id: '1eee3444ae586db1' } }
---

--- 2026-06-06T18:31:43.990Z debug
[InspectorProxyWorker] SEND TO RUNTIME {"method":"Runtime.getIsolateId","id":100001871}
---

--- 2026-06-06T18:31:53.991Z debug
[InspectorProxyWorker] RUNTIME INCOMING MESSAGE { id: 100001872, result: { id: '1eee3444ae586db1' } }
---

--- 2026-06-06T18:31:53.992Z debug
[InspectorProxyWorker] SEND TO RUNTIME {"method":"Runtime.getIsolateId","id":100001872}
---

--- 2026-06-06T18:32:04.004Z debug
[InspectorProxyWorker] SEND TO RUNTIME {"method":"Runtime.getIsolateId","id":100001873}
---

--- 2026-06-06T18:32:04.004Z debug
[InspectorProxyWorker] RUNTIME INCOMING MESSAGE { id: 100001873, result: { id: '1eee3444ae586db1' } }
---

--- 2026-06-06T18:32:14.007Z debug
[InspectorProxyWorker] RUNTIME INCOMING MESSAGE { id: 100001874, result: { id: '1eee3444ae586db1' } }
---

--- 2026-06-06T18:32:14.008Z debug
[InspectorProxyWorker] SEND TO RUNTIME {"method":"Runtime.getIsolateId","id":100001874}
---

--- 2026-06-06T18:32:24.008Z debug
[InspectorProxyWorker] RUNTIME INCOMING MESSAGE { id: 100001875, result: { id: '1eee3444ae586db1' } }
---

--- 2026-06-06T18:32:24.009Z debug
[InspectorProxyWorker] SEND TO RUNTIME {"method":"Runtime.getIsolateId","id":100001875}
---

--- 2026-06-06T18:32:34.024Z debug
[InspectorProxyWorker] SEND TO RUNTIME {"method":"Runtime.getIsolateId","id":100001876}
---

--- 2026-06-06T18:32:34.024Z debug
[InspectorProxyWorker] RUNTIME INCOMING MESSAGE { id: 100001876, result: { id: '1eee3444ae586db1' } }
---

--- 2026-06-06T18:32:44.025Z debug
[InspectorProxyWorker] RUNTIME INCOMING MESSAGE { id: 100001877, result: { id: '1eee3444ae586db1' } }
---

--- 2026-06-06T18:32:44.025Z debug
[InspectorProxyWorker] SEND TO RUNTIME {"method":"Runtime.getIsolateId","id":100001877}
---

--- 2026-06-06T18:32:54.040Z debug
[InspectorProxyWorker] SEND TO RUNTIME {"method":"Runtime.getIsolateId","id":100001878}
---

--- 2026-06-06T18:32:54.041Z debug
[InspectorProxyWorker] RUNTIME INCOMING MESSAGE { id: 100001878, result: { id: '1eee3444ae586db1' } }
---

--- 2026-06-06T18:33:04.041Z debug
[InspectorProxyWorker] RUNTIME INCOMING MESSAGE { id: 100001879, result: { id: '1eee3444ae586db1' } }
---

--- 2026-06-06T18:33:04.042Z debug
[InspectorProxyWorker] SEND TO RUNTIME {"method":"Runtime.getIsolateId","id":100001879}
---

--- 2026-06-06T18:33:14.056Z debug
[InspectorProxyWorker] RUNTIME INCOMING MESSAGE { id: 100001880, result: { id: '1eee3444ae586db1' } }
---

--- 2026-06-06T18:33:14.057Z debug
[InspectorProxyWorker] SEND TO RUNTIME {"method":"Runtime.getIsolateId","id":100001880}
---

--- 2026-06-06T18:33:24.058Z debug
[InspectorProxyWorker] SEND TO RUNTIME {"method":"Runtime.getIsolateId","id":100001881}
---

--- 2026-06-06T18:33:24.059Z debug
[InspectorProxyWorker] RUNTIME INCOMING MESSAGE { id: 100001881, result: { id: '1eee3444ae586db1' } }
---

--- 2026-06-06T18:33:34.072Z debug
[InspectorProxyWorker] SEND TO RUNTIME {"method":"Runtime.getIsolateId","id":100001882}
---

--- 2026-06-06T18:33:34.073Z debug
[InspectorProxyWorker] RUNTIME INCOMING MESSAGE { id: 100001882, result: { id: '1eee3444ae586db1' } }
---

--- 2026-06-06T18:33:44.075Z debug
[InspectorProxyWorker] RUNTIME INCOMING MESSAGE { id: 100001883, result: { id: '1eee3444ae586db1' } }
---

--- 2026-06-06T18:33:44.075Z debug
[InspectorProxyWorker] SEND TO RUNTIME {"method":"Runtime.getIsolateId","id":100001883}
---

--- 2026-06-06T18:33:54.090Z debug
[InspectorProxyWorker] SEND TO RUNTIME {"method":"Runtime.getIsolateId","id":100001884}
---

--- 2026-06-06T18:33:54.091Z debug
[InspectorProxyWorker] RUNTIME INCOMING MESSAGE { id: 100001884, result: { id: '1eee3444ae586db1' } }
---

--- 2026-06-06T18:34:04.091Z debug
[InspectorProxyWorker] SEND TO RUNTIME {"method":"Runtime.getIsolateId","id":100001885}
---

--- 2026-06-06T18:34:04.092Z debug
[InspectorProxyWorker] RUNTIME INCOMING MESSAGE { id: 100001885, result: { id: '1eee3444ae586db1' } }
---

--- 2026-06-06T18:34:14.092Z debug
[InspectorProxyWorker] SEND TO RUNTIME {"method":"Runtime.getIsolateId","id":100001886}
---

--- 2026-06-06T18:34:14.093Z debug
[InspectorProxyWorker] RUNTIME INCOMING MESSAGE { id: 100001886, result: { id: '1eee3444ae586db1' } }
---

--- 2026-06-06T18:34:24.106Z debug
[InspectorProxyWorker] RUNTIME INCOMING MESSAGE { id: 100001887, result: { id: '1eee3444ae586db1' } }
---

--- 2026-06-06T18:34:24.107Z debug
[InspectorProxyWorker] SEND TO RUNTIME {"method":"Runtime.getIsolateId","id":100001887}
---

--- 2026-06-06T18:34:34.107Z debug
[InspectorProxyWorker] SEND TO RUNTIME {"method":"Runtime.getIsolateId","id":100001888}
---

--- 2026-06-06T18:34:34.108Z debug
[InspectorProxyWorker] RUNTIME INCOMING MESSAGE { id: 100001888, result: { id: '1eee3444ae586db1' } }
---

--- 2026-06-06T18:34:44.109Z debug
[InspectorProxyWorker] SEND TO RUNTIME {"method":"Runtime.getIsolateId","id":100001889}
---

--- 2026-06-06T18:34:44.110Z debug
[InspectorProxyWorker] RUNTIME INCOMING MESSAGE { id: 100001889, result: { id: '1eee3444ae586db1' } }
---

--- 2026-06-06T18:34:54.125Z debug
[InspectorProxyWorker] SEND TO RUNTIME {"method":"Runtime.getIsolateId","id":100001890}
---

--- 2026-06-06T18:34:54.126Z debug
[InspectorProxyWorker] RUNTIME INCOMING MESSAGE { id: 100001890, result: { id: '1eee3444ae586db1' } }
---

--- 2026-06-06T18:35:04.126Z debug
[InspectorProxyWorker] SEND TO RUNTIME {"method":"Runtime.getIsolateId","id":100001891}
---

--- 2026-06-06T18:35:04.126Z debug
[InspectorProxyWorker] RUNTIME INCOMING MESSAGE { id: 100001891, result: { id: '1eee3444ae586db1' } }
---

--- 2026-06-06T18:35:14.139Z debug
[InspectorProxyWorker] RUNTIME INCOMING MESSAGE { id: 100001892, result: { id: '1eee3444ae586db1' } }
---

--- 2026-06-06T18:35:14.140Z debug
[InspectorProxyWorker] SEND TO RUNTIME {"method":"Runtime.getIsolateId","id":100001892}
---

--- 2026-06-06T18:35:24.144Z debug
[InspectorProxyWorker] SEND TO RUNTIME {"method":"Runtime.getIsolateId","id":100001893}
---

--- 2026-06-06T18:35:24.145Z debug
[InspectorProxyWorker] RUNTIME INCOMING MESSAGE { id: 100001893, result: { id: '1eee3444ae586db1' } }
---

--- 2026-06-06T18:35:34.158Z debug
[InspectorProxyWorker] RUNTIME INCOMING MESSAGE { id: 100001894, result: { id: '1eee3444ae586db1' } }
---

--- 2026-06-06T18:35:34.159Z debug
[InspectorProxyWorker] SEND TO RUNTIME {"method":"Runtime.getIsolateId","id":100001894}
---

--- 2026-06-06T18:35:44.160Z debug
[InspectorProxyWorker] SEND TO RUNTIME {"method":"Runtime.getIsolateId","id":100001895}
---

--- 2026-06-06T18:35:44.160Z debug
[InspectorProxyWorker] RUNTIME INCOMING MESSAGE { id: 100001895, result: { id: '1eee3444ae586db1' } }
---

--- 2026-06-06T18:35:54.171Z debug
[InspectorProxyWorker] SEND TO RUNTIME {"method":"Runtime.getIsolateId","id":100001896}
---

--- 2026-06-06T18:35:54.171Z debug
[InspectorProxyWorker] RUNTIME INCOMING MESSAGE { id: 100001896, result: { id: '1eee3444ae586db1' } }
---

--- 2026-06-06T18:36:04.175Z debug
[InspectorProxyWorker] RUNTIME INCOMING MESSAGE { id: 100001897, result: { id: '1eee3444ae586db1' } }
---

--- 2026-06-06T18:36:04.175Z debug
[InspectorProxyWorker] SEND TO RUNTIME {"method":"Runtime.getIsolateId","id":100001897}
---

--- 2026-06-06T18:36:14.175Z debug
[InspectorProxyWorker] SEND TO RUNTIME {"method":"Runtime.getIsolateId","id":100001898}
---

--- 2026-06-06T18:36:14.176Z debug
[InspectorProxyWorker] RUNTIME INCOMING MESSAGE { id: 100001898, result: { id: '1eee3444ae586db1' } }
---

--- 2026-06-06T18:36:24.191Z debug
[InspectorProxyWorker] SEND TO RUNTIME {"method":"Runtime.getIsolateId","id":100001899}
---

--- 2026-06-06T18:36:24.192Z debug
[InspectorProxyWorker] RUNTIME INCOMING MESSAGE { id: 100001899, result: { id: '1eee3444ae586db1' } }
---

--- 2026-06-06T18:36:34.192Z debug
[InspectorProxyWorker] RUNTIME INCOMING MESSAGE { id: 100001900, result: { id: '1eee3444ae586db1' } }
---

--- 2026-06-06T18:36:34.193Z debug
[InspectorProxyWorker] SEND TO RUNTIME {"method":"Runtime.getIsolateId","id":100001900}
---

--- 2026-06-06T18:36:44.208Z debug
[InspectorProxyWorker] SEND TO RUNTIME {"method":"Runtime.getIsolateId","id":100001901}
---

--- 2026-06-06T18:36:44.209Z debug
[InspectorProxyWorker] RUNTIME INCOMING MESSAGE { id: 100001901, result: { id: '1eee3444ae586db1' } }
---

--- 2026-06-06T18:36:54.224Z debug
[InspectorProxyWorker] SEND TO RUNTIME {"method":"Runtime.getIsolateId","id":100001902}
---

--- 2026-06-06T18:36:54.224Z debug
[InspectorProxyWorker] RUNTIME INCOMING MESSAGE { id: 100001902, result: { id: '1eee3444ae586db1' } }
---

--- 2026-06-06T18:37:04.224Z debug
[InspectorProxyWorker] RUNTIME INCOMING MESSAGE { id: 100001903, result: { id: '1eee3444ae586db1' } }
---

--- 2026-06-06T18:37:04.224Z debug
[InspectorProxyWorker] SEND TO RUNTIME {"method":"Runtime.getIsolateId","id":100001903}
---

--- 2026-06-06T18:37:14.227Z debug
[InspectorProxyWorker] SEND TO RUNTIME {"method":"Runtime.getIsolateId","id":100001904}
---

--- 2026-06-06T18:37:14.227Z debug
[InspectorProxyWorker] RUNTIME INCOMING MESSAGE { id: 100001904, result: { id: '1eee3444ae586db1' } }
---

--- 2026-06-06T18:37:24.240Z debug
[InspectorProxyWorker] SEND TO RUNTIME {"method":"Runtime.getIsolateId","id":100001905}
---

--- 2026-06-06T18:37:24.241Z debug
[InspectorProxyWorker] RUNTIME INCOMING MESSAGE { id: 100001905, result: { id: '1eee3444ae586db1' } }
---

--- 2026-06-06T18:37:34.256Z debug
[InspectorProxyWorker] SEND TO RUNTIME {"method":"Runtime.getIsolateId","id":100001906}
---

--- 2026-06-06T18:37:34.257Z debug
[InspectorProxyWorker] RUNTIME INCOMING MESSAGE { id: 100001906, result: { id: '1eee3444ae586db1' } }
---

--- 2026-06-06T18:37:44.259Z debug
[InspectorProxyWorker] SEND TO RUNTIME {"method":"Runtime.getIsolateId","id":100001907}
---

--- 2026-06-06T18:37:44.259Z debug
[InspectorProxyWorker] RUNTIME INCOMING MESSAGE { id: 100001907, result: { id: '1eee3444ae586db1' } }
---

--- 2026-06-06T18:37:54.262Z debug
[InspectorProxyWorker] SEND TO RUNTIME {"method":"Runtime.getIsolateId","id":100001908}
---

--- 2026-06-06T18:37:54.262Z debug
[InspectorProxyWorker] RUNTIME INCOMING MESSAGE { id: 100001908, result: { id: '1eee3444ae586db1' } }
---

--- 2026-06-06T18:38:04.277Z debug
[InspectorProxyWorker] SEND TO RUNTIME {"method":"Runtime.getIsolateId","id":100001909}
---

--- 2026-06-06T18:38:04.277Z debug
[InspectorProxyWorker] RUNTIME INCOMING MESSAGE { id: 100001909, result: { id: '1eee3444ae586db1' } }
---

--- 2026-06-06T18:38:14.293Z debug
[InspectorProxyWorker] SEND TO RUNTIME {"method":"Runtime.getIsolateId","id":100001910}
---

--- 2026-06-06T18:38:14.293Z debug
[InspectorProxyWorker] RUNTIME INCOMING MESSAGE { id: 100001910, result: { id: '1eee3444ae586db1' } }
---

--- 2026-06-06T18:38:24.295Z debug
[InspectorProxyWorker] SEND TO RUNTIME {"method":"Runtime.getIsolateId","id":100001911}
---

--- 2026-06-06T18:38:24.296Z debug
[InspectorProxyWorker] RUNTIME INCOMING MESSAGE { id: 100001911, result: { id: '1eee3444ae586db1' } }
---

--- 2026-06-06T18:38:34.309Z debug
[InspectorProxyWorker] SEND TO RUNTIME {"method":"Runtime.getIsolateId","id":100001912}
---

--- 2026-06-06T18:38:34.310Z debug
[InspectorProxyWorker] RUNTIME INCOMING MESSAGE { id: 100001912, result: { id: '1eee3444ae586db1' } }
---

--- 2026-06-06T18:38:44.311Z debug
[InspectorProxyWorker] RUNTIME INCOMING MESSAGE { id: 100001913, result: { id: '1eee3444ae586db1' } }
---

--- 2026-06-06T18:38:44.311Z debug
[InspectorProxyWorker] SEND TO RUNTIME {"method":"Runtime.getIsolateId","id":100001913}
---

--- 2026-06-06T18:38:54.328Z debug
[InspectorProxyWorker] SEND TO RUNTIME {"method":"Runtime.getIsolateId","id":100001914}
---

--- 2026-06-06T18:38:54.328Z debug
[InspectorProxyWorker] RUNTIME INCOMING MESSAGE { id: 100001914, result: { id: '1eee3444ae586db1' } }
---

--- 2026-06-06T18:39:04.328Z debug
[InspectorProxyWorker] SEND TO RUNTIME {"method":"Runtime.getIsolateId","id":100001915}
---

--- 2026-06-06T18:39:04.329Z debug
[InspectorProxyWorker] RUNTIME INCOMING MESSAGE { id: 100001915, result: { id: '1eee3444ae586db1' } }
---

--- 2026-06-06T18:39:14.338Z debug
[InspectorProxyWorker] SEND TO RUNTIME {"method":"Runtime.getIsolateId","id":100001916}
---

--- 2026-06-06T18:39:14.338Z debug
[InspectorProxyWorker] RUNTIME INCOMING MESSAGE { id: 100001916, result: { id: '1eee3444ae586db1' } }
---

--- 2026-06-06T18:39:24.346Z debug
[InspectorProxyWorker] SEND TO RUNTIME {"method":"Runtime.getIsolateId","id":100001917}
---

--- 2026-06-06T18:39:24.347Z debug
[InspectorProxyWorker] RUNTIME INCOMING MESSAGE { id: 100001917, result: { id: '1eee3444ae586db1' } }
---

--- 2026-06-06T18:39:34.358Z debug
[InspectorProxyWorker] RUNTIME INCOMING MESSAGE { id: 100001918, result: { id: '1eee3444ae586db1' } }
---

--- 2026-06-06T18:39:34.359Z debug
[InspectorProxyWorker] SEND TO RUNTIME {"method":"Runtime.getIsolateId","id":100001918}
---

--- 2026-06-06T18:39:44.359Z debug
[InspectorProxyWorker] RUNTIME INCOMING MESSAGE { id: 100001919, result: { id: '1eee3444ae586db1' } }
---

--- 2026-06-06T18:39:44.359Z debug
[InspectorProxyWorker] SEND TO RUNTIME {"method":"Runtime.getIsolateId","id":100001919}
---

--- 2026-06-06T18:39:54.362Z debug
[InspectorProxyWorker] SEND TO RUNTIME {"method":"Runtime.getIsolateId","id":100001920}
---

--- 2026-06-06T18:39:54.363Z debug
[InspectorProxyWorker] RUNTIME INCOMING MESSAGE { id: 100001920, result: { id: '1eee3444ae586db1' } }
---

--- 2026-06-06T18:40:04.376Z debug
[InspectorProxyWorker] RUNTIME INCOMING MESSAGE { id: 100001921, result: { id: '1eee3444ae586db1' } }
---

--- 2026-06-06T18:40:04.376Z debug
[InspectorProxyWorker] SEND TO RUNTIME {"method":"Runtime.getIsolateId","id":100001921}
---

--- 2026-06-06T18:40:14.378Z debug
[InspectorProxyWorker] SEND TO RUNTIME {"method":"Runtime.getIsolateId","id":100001922}
---

--- 2026-06-06T18:40:14.379Z debug
[InspectorProxyWorker] RUNTIME INCOMING MESSAGE { id: 100001922, result: { id: '1eee3444ae586db1' } }
---

--- 2026-06-06T18:40:24.379Z debug
[InspectorProxyWorker] SEND TO RUNTIME {"method":"Runtime.getIsolateId","id":100001923}
---

--- 2026-06-06T18:40:24.380Z debug
[InspectorProxyWorker] RUNTIME INCOMING MESSAGE { id: 100001923, result: { id: '1eee3444ae586db1' } }
---

--- 2026-06-06T18:40:34.394Z debug
[InspectorProxyWorker] RUNTIME INCOMING MESSAGE { id: 100001924, result: { id: '1eee3444ae586db1' } }
---

--- 2026-06-06T18:40:34.394Z debug
[InspectorProxyWorker] SEND TO RUNTIME {"method":"Runtime.getIsolateId","id":100001924}
---

--- 2026-06-06T18:40:44.396Z debug
[InspectorProxyWorker] SEND TO RUNTIME {"method":"Runtime.getIsolateId","id":100001925}
---

--- 2026-06-06T18:40:44.396Z debug
[InspectorProxyWorker] RUNTIME INCOMING MESSAGE { id: 100001925, result: { id: '1eee3444ae586db1' } }
---

--- 2026-06-06T18:40:54.411Z debug
[InspectorProxyWorker] SEND TO RUNTIME {"method":"Runtime.getIsolateId","id":100001926}
---

--- 2026-06-06T18:40:54.411Z debug
[InspectorProxyWorker] RUNTIME INCOMING MESSAGE { id: 100001926, result: { id: '1eee3444ae586db1' } }
---

--- 2026-06-06T18:41:04.413Z debug
[InspectorProxyWorker] SEND TO RUNTIME {"method":"Runtime.getIsolateId","id":100001927}
---

--- 2026-06-06T18:41:04.414Z debug
[InspectorProxyWorker] RUNTIME INCOMING MESSAGE { id: 100001927, result: { id: '1eee3444ae586db1' } }
---

--- 2026-06-06T18:41:14.428Z debug
[InspectorProxyWorker] SEND TO RUNTIME {"method":"Runtime.getIsolateId","id":100001928}
---

--- 2026-06-06T18:41:14.429Z debug
[InspectorProxyWorker] RUNTIME INCOMING MESSAGE { id: 100001928, result: { id: '1eee3444ae586db1' } }
---

--- 2026-06-06T18:41:24.431Z debug
[InspectorProxyWorker] SEND TO RUNTIME {"method":"Runtime.getIsolateId","id":100001929}
---

--- 2026-06-06T18:41:24.431Z debug
[InspectorProxyWorker] RUNTIME INCOMING MESSAGE { id: 100001929, result: { id: '1eee3444ae586db1' } }
---

--- 2026-06-06T18:41:34.443Z debug
[InspectorProxyWorker] SEND TO RUNTIME {"method":"Runtime.getIsolateId","id":100001930}
---

--- 2026-06-06T18:41:34.444Z debug
[InspectorProxyWorker] RUNTIME INCOMING MESSAGE { id: 100001930, result: { id: '1eee3444ae586db1' } }
---

--- 2026-06-06T18:41:44.445Z debug
[InspectorProxyWorker] SEND TO RUNTIME {"method":"Runtime.getIsolateId","id":100001931}
---

--- 2026-06-06T18:41:44.445Z debug
[InspectorProxyWorker] RUNTIME INCOMING MESSAGE { id: 100001931, result: { id: '1eee3444ae586db1' } }
---

--- 2026-06-06T18:41:54.446Z debug
[InspectorProxyWorker] SEND TO RUNTIME {"method":"Runtime.getIsolateId","id":100001932}
---

--- 2026-06-06T18:41:54.446Z debug
[InspectorProxyWorker] RUNTIME INCOMING MESSAGE { id: 100001932, result: { id: '1eee3444ae586db1' } }
---

--- 2026-06-06T18:42:04.459Z debug
[InspectorProxyWorker] RUNTIME INCOMING MESSAGE { id: 100001933, result: { id: '1eee3444ae586db1' } }
---

--- 2026-06-06T18:42:04.459Z debug
[InspectorProxyWorker] SEND TO RUNTIME {"method":"Runtime.getIsolateId","id":100001933}
---

--- 2026-06-06T18:42:14.463Z debug
[InspectorProxyWorker] RUNTIME INCOMING MESSAGE { id: 100001934, result: { id: '1eee3444ae586db1' } }
---

--- 2026-06-06T18:42:14.463Z debug
[InspectorProxyWorker] SEND TO RUNTIME {"method":"Runtime.getIsolateId","id":100001934}
---

--- 2026-06-06T18:42:24.477Z debug
[InspectorProxyWorker] SEND TO RUNTIME {"method":"Runtime.getIsolateId","id":100001935}
---

--- 2026-06-06T18:42:24.478Z debug
[InspectorProxyWorker] RUNTIME INCOMING MESSAGE { id: 100001935, result: { id: '1eee3444ae586db1' } }
---

--- 2026-06-06T18:42:34.481Z debug
[InspectorProxyWorker] SEND TO RUNTIME {"method":"Runtime.getIsolateId","id":100001936}
---

--- 2026-06-06T18:42:34.481Z debug
[InspectorProxyWorker] RUNTIME INCOMING MESSAGE { id: 100001936, result: { id: '1eee3444ae586db1' } }
---

--- 2026-06-06T18:42:44.490Z debug
[InspectorProxyWorker] RUNTIME INCOMING MESSAGE { id: 100001937, result: { id: '1eee3444ae586db1' } }
---

--- 2026-06-06T18:42:44.491Z debug
[InspectorProxyWorker] SEND TO RUNTIME {"method":"Runtime.getIsolateId","id":100001937}
---

--- 2026-06-06T18:42:54.495Z debug
[InspectorProxyWorker] SEND TO RUNTIME {"method":"Runtime.getIsolateId","id":100001938}
---

--- 2026-06-06T18:42:54.496Z debug
[InspectorProxyWorker] RUNTIME INCOMING MESSAGE { id: 100001938, result: { id: '1eee3444ae586db1' } }
---

--- 2026-06-06T18:43:04.497Z debug
[InspectorProxyWorker] SEND TO RUNTIME {"method":"Runtime.getIsolateId","id":100001939}
---

--- 2026-06-06T18:43:04.497Z debug
[InspectorProxyWorker] RUNTIME INCOMING MESSAGE { id: 100001939, result: { id: '1eee3444ae586db1' } }
---

--- 2026-06-06T18:43:14.511Z debug
[InspectorProxyWorker] SEND TO RUNTIME {"method":"Runtime.getIsolateId","id":100001940}
---

--- 2026-06-06T18:43:14.512Z debug
[InspectorProxyWorker] RUNTIME INCOMING MESSAGE { id: 100001940, result: { id: '1eee3444ae586db1' } }
---

--- 2026-06-06T18:43:24.513Z debug
[InspectorProxyWorker] SEND TO RUNTIME {"method":"Runtime.getIsolateId","id":100001941}
---

--- 2026-06-06T18:43:24.513Z debug
[InspectorProxyWorker] RUNTIME INCOMING MESSAGE { id: 100001941, result: { id: '1eee3444ae586db1' } }
---

--- 2026-06-06T18:43:34.513Z debug
[InspectorProxyWorker] SEND TO RUNTIME {"method":"Runtime.getIsolateId","id":100001942}
---

--- 2026-06-06T18:43:34.514Z debug
[InspectorProxyWorker] RUNTIME INCOMING MESSAGE { id: 100001942, result: { id: '1eee3444ae586db1' } }
---

--- 2026-06-06T18:43:44.529Z debug
[InspectorProxyWorker] SEND TO RUNTIME {"method":"Runtime.getIsolateId","id":100001943}
---

--- 2026-06-06T18:43:44.530Z debug
[InspectorProxyWorker] RUNTIME INCOMING MESSAGE { id: 100001943, result: { id: '1eee3444ae586db1' } }
---

--- 2026-06-06T18:43:54.544Z debug
[InspectorProxyWorker] SEND TO RUNTIME {"method":"Runtime.getIsolateId","id":100001944}
---

--- 2026-06-06T18:43:54.544Z debug
[InspectorProxyWorker] RUNTIME INCOMING MESSAGE { id: 100001944, result: { id: '1eee3444ae586db1' } }
---

--- 2026-06-06T18:44:04.546Z debug
[InspectorProxyWorker] SEND TO RUNTIME {"method":"Runtime.getIsolateId","id":100001945}
---

--- 2026-06-06T18:44:04.547Z debug
[InspectorProxyWorker] RUNTIME INCOMING MESSAGE { id: 100001945, result: { id: '1eee3444ae586db1' } }
---

--- 2026-06-06T18:44:14.548Z debug
[InspectorProxyWorker] SEND TO RUNTIME {"method":"Runtime.getIsolateId","id":100001946}
---

--- 2026-06-06T18:44:14.548Z debug
[InspectorProxyWorker] RUNTIME INCOMING MESSAGE { id: 100001946, result: { id: '1eee3444ae586db1' } }
---

--- 2026-06-06T18:44:24.563Z debug
[InspectorProxyWorker] SEND TO RUNTIME {"method":"Runtime.getIsolateId","id":100001947}
---

--- 2026-06-06T18:44:24.564Z debug
[InspectorProxyWorker] RUNTIME INCOMING MESSAGE { id: 100001947, result: { id: '1eee3444ae586db1' } }
---

--- 2026-06-06T18:44:34.577Z debug
[InspectorProxyWorker] RUNTIME INCOMING MESSAGE { id: 100001948, result: { id: '1eee3444ae586db1' } }
---

--- 2026-06-06T18:44:34.577Z debug
[InspectorProxyWorker] SEND TO RUNTIME {"method":"Runtime.getIsolateId","id":100001948}
---

--- 2026-06-06T18:44:44.580Z debug
[InspectorProxyWorker] SEND TO RUNTIME {"method":"Runtime.getIsolateId","id":100001949}
---

--- 2026-06-06T18:44:44.581Z debug
[InspectorProxyWorker] RUNTIME INCOMING MESSAGE { id: 100001949, result: { id: '1eee3444ae586db1' } }
---

--- 2026-06-06T18:44:54.582Z debug
[InspectorProxyWorker] SEND TO RUNTIME {"method":"Runtime.getIsolateId","id":100001950}
---

--- 2026-06-06T18:44:54.583Z debug
[InspectorProxyWorker] RUNTIME INCOMING MESSAGE { id: 100001950, result: { id: '1eee3444ae586db1' } }
---

--- 2026-06-06T18:45:04.597Z debug
[InspectorProxyWorker] SEND TO RUNTIME {"method":"Runtime.getIsolateId","id":100001951}
---

--- 2026-06-06T18:45:04.598Z debug
[InspectorProxyWorker] RUNTIME INCOMING MESSAGE { id: 100001951, result: { id: '1eee3444ae586db1' } }
---

--- 2026-06-06T18:45:14.613Z debug
[InspectorProxyWorker] RUNTIME INCOMING MESSAGE { id: 100001952, result: { id: '1eee3444ae586db1' } }
---

--- 2026-06-06T18:45:14.614Z debug
[InspectorProxyWorker] SEND TO RUNTIME {"method":"Runtime.getIsolateId","id":100001952}
---

--- 2026-06-06T18:45:24.618Z debug
[InspectorProxyWorker] SEND TO RUNTIME {"method":"Runtime.getIsolateId","id":100001953}
---

--- 2026-06-06T18:45:24.618Z debug
[InspectorProxyWorker] RUNTIME INCOMING MESSAGE { id: 100001953, result: { id: '1eee3444ae586db1' } }
---

--- 2026-06-06T18:45:34.629Z debug
[InspectorProxyWorker] SEND TO RUNTIME {"method":"Runtime.getIsolateId","id":100001954}
---

--- 2026-06-06T18:45:34.629Z debug
[InspectorProxyWorker] RUNTIME INCOMING MESSAGE { id: 100001954, result: { id: '1eee3444ae586db1' } }
---

--- 2026-06-06T18:45:44.630Z debug
[InspectorProxyWorker] RUNTIME INCOMING MESSAGE { id: 100001955, result: { id: '1eee3444ae586db1' } }
---

--- 2026-06-06T18:45:44.630Z debug
[InspectorProxyWorker] SEND TO RUNTIME {"method":"Runtime.getIsolateId","id":100001955}
---

--- 2026-06-06T18:45:54.631Z debug
[InspectorProxyWorker] SEND TO RUNTIME {"method":"Runtime.getIsolateId","id":100001956}
---

--- 2026-06-06T18:45:54.632Z debug
[InspectorProxyWorker] RUNTIME INCOMING MESSAGE { id: 100001956, result: { id: '1eee3444ae586db1' } }
---

--- 2026-06-06T18:46:04.632Z debug
[InspectorProxyWorker] SEND TO RUNTIME {"method":"Runtime.getIsolateId","id":100001957}
---

--- 2026-06-06T18:46:04.632Z debug
[InspectorProxyWorker] RUNTIME INCOMING MESSAGE { id: 100001957, result: { id: '1eee3444ae586db1' } }
---

--- 2026-06-06T18:46:14.633Z debug
[InspectorProxyWorker] RUNTIME INCOMING MESSAGE { id: 100001958, result: { id: '1eee3444ae586db1' } }
---

--- 2026-06-06T18:46:14.633Z debug
[InspectorProxyWorker] SEND TO RUNTIME {"method":"Runtime.getIsolateId","id":100001958}
---

--- 2026-06-06T18:46:24.634Z debug
[InspectorProxyWorker] SEND TO RUNTIME {"method":"Runtime.getIsolateId","id":100001959}
---

--- 2026-06-06T18:46:24.634Z debug
[InspectorProxyWorker] RUNTIME INCOMING MESSAGE { id: 100001959, result: { id: '1eee3444ae586db1' } }
---

--- 2026-06-06T18:46:34.648Z debug
[InspectorProxyWorker] SEND TO RUNTIME {"method":"Runtime.getIsolateId","id":100001960}
---

--- 2026-06-06T18:46:34.649Z debug
[InspectorProxyWorker] RUNTIME INCOMING MESSAGE { id: 100001960, result: { id: '1eee3444ae586db1' } }
---

--- 2026-06-06T18:46:44.649Z debug
[InspectorProxyWorker] SEND TO RUNTIME {"method":"Runtime.getIsolateId","id":100001961}
---

--- 2026-06-06T18:46:44.650Z debug
[InspectorProxyWorker] RUNTIME INCOMING MESSAGE { id: 100001961, result: { id: '1eee3444ae586db1' } }
---

--- 2026-06-06T18:46:54.650Z debug
[InspectorProxyWorker] RUNTIME INCOMING MESSAGE { id: 100001962, result: { id: '1eee3444ae586db1' } }
---

--- 2026-06-06T18:46:54.650Z debug
[InspectorProxyWorker] SEND TO RUNTIME {"method":"Runtime.getIsolateId","id":100001962}
---

--- 2026-06-06T18:47:04.664Z debug
[InspectorProxyWorker] RUNTIME INCOMING MESSAGE { id: 100001963, result: { id: '1eee3444ae586db1' } }
---

--- 2026-06-06T18:47:04.664Z debug
[InspectorProxyWorker] SEND TO RUNTIME {"method":"Runtime.getIsolateId","id":100001963}
---

--- 2026-06-06T18:47:14.667Z debug
[InspectorProxyWorker] SEND TO RUNTIME {"method":"Runtime.getIsolateId","id":100001964}
---

--- 2026-06-06T18:47:14.667Z debug
[InspectorProxyWorker] RUNTIME INCOMING MESSAGE { id: 100001964, result: { id: '1eee3444ae586db1' } }
---

--- 2026-06-06T18:47:24.667Z debug
[InspectorProxyWorker] SEND TO RUNTIME {"method":"Runtime.getIsolateId","id":100001965}
---

--- 2026-06-06T18:47:24.668Z debug
[InspectorProxyWorker] RUNTIME INCOMING MESSAGE { id: 100001965, result: { id: '1eee3444ae586db1' } }
---

--- 2026-06-06T18:47:34.682Z debug
[InspectorProxyWorker] SEND TO RUNTIME {"method":"Runtime.getIsolateId","id":100001966}
---

--- 2026-06-06T18:47:34.682Z debug
[InspectorProxyWorker] RUNTIME INCOMING MESSAGE { id: 100001966, result: { id: '1eee3444ae586db1' } }
---

--- 2026-06-06T18:47:44.683Z debug
[InspectorProxyWorker] SEND TO RUNTIME {"method":"Runtime.getIsolateId","id":100001967}
---

--- 2026-06-06T18:47:44.684Z debug
[InspectorProxyWorker] RUNTIME INCOMING MESSAGE { id: 100001967, result: { id: '1eee3444ae586db1' } }
---

--- 2026-06-06T18:47:54.684Z debug
[InspectorProxyWorker] SEND TO RUNTIME {"method":"Runtime.getIsolateId","id":100001968}
---

--- 2026-06-06T18:47:54.685Z debug
[InspectorProxyWorker] RUNTIME INCOMING MESSAGE { id: 100001968, result: { id: '1eee3444ae586db1' } }
---

--- 2026-06-06T18:48:04.698Z debug
[InspectorProxyWorker] SEND TO RUNTIME {"method":"Runtime.getIsolateId","id":100001969}
---

--- 2026-06-06T18:48:04.699Z debug
[InspectorProxyWorker] RUNTIME INCOMING MESSAGE { id: 100001969, result: { id: '1eee3444ae586db1' } }
---

--- 2026-06-06T18:48:14.700Z debug
[InspectorProxyWorker] SEND TO RUNTIME {"method":"Runtime.getIsolateId","id":100001970}
---

--- 2026-06-06T18:48:14.700Z debug
[InspectorProxyWorker] RUNTIME INCOMING MESSAGE { id: 100001970, result: { id: '1eee3444ae586db1' } }
---

--- 2026-06-06T18:48:24.713Z debug
[InspectorProxyWorker] SEND TO RUNTIME {"method":"Runtime.getIsolateId","id":100001971}
---

--- 2026-06-06T18:48:24.713Z debug
[InspectorProxyWorker] RUNTIME INCOMING MESSAGE { id: 100001971, result: { id: '1eee3444ae586db1' } }
---

--- 2026-06-06T18:48:34.714Z debug
[InspectorProxyWorker] SEND TO RUNTIME {"method":"Runtime.getIsolateId","id":100001972}
---

--- 2026-06-06T18:48:34.714Z debug
[InspectorProxyWorker] RUNTIME INCOMING MESSAGE { id: 100001972, result: { id: '1eee3444ae586db1' } }
---

--- 2026-06-06T18:48:44.728Z debug
[InspectorProxyWorker] RUNTIME INCOMING MESSAGE { id: 100001973, result: { id: '1eee3444ae586db1' } }
---

--- 2026-06-06T18:48:44.729Z debug
[InspectorProxyWorker] SEND TO RUNTIME {"method":"Runtime.getIsolateId","id":100001973}
---

--- 2026-06-06T18:48:54.733Z debug
[InspectorProxyWorker] SEND TO RUNTIME {"method":"Runtime.getIsolateId","id":100001974}
---

--- 2026-06-06T18:48:54.734Z debug
[InspectorProxyWorker] RUNTIME INCOMING MESSAGE { id: 100001974, result: { id: '1eee3444ae586db1' } }
---

--- 2026-06-06T18:49:04.734Z debug
[InspectorProxyWorker] SEND TO RUNTIME {"method":"Runtime.getIsolateId","id":100001975}
---

--- 2026-06-06T18:49:04.734Z debug
[InspectorProxyWorker] RUNTIME INCOMING MESSAGE { id: 100001975, result: { id: '1eee3444ae586db1' } }
---

--- 2026-06-06T18:49:14.748Z debug
[InspectorProxyWorker] RUNTIME INCOMING MESSAGE { id: 100001976, result: { id: '1eee3444ae586db1' } }
---

--- 2026-06-06T18:49:14.748Z debug
[InspectorProxyWorker] SEND TO RUNTIME {"method":"Runtime.getIsolateId","id":100001976}
---

--- 2026-06-06T18:49:24.751Z debug
[InspectorProxyWorker] SEND TO RUNTIME {"method":"Runtime.getIsolateId","id":100001977}
---

--- 2026-06-06T18:49:24.752Z debug
[InspectorProxyWorker] RUNTIME INCOMING MESSAGE { id: 100001977, result: { id: '1eee3444ae586db1' } }
---

--- 2026-06-06T18:49:34.765Z debug
[InspectorProxyWorker] SEND TO RUNTIME {"method":"Runtime.getIsolateId","id":100001978}
---

--- 2026-06-06T18:49:34.766Z debug
[InspectorProxyWorker] RUNTIME INCOMING MESSAGE { id: 100001978, result: { id: '1eee3444ae586db1' } }
---

--- 2026-06-06T18:49:44.768Z debug
[InspectorProxyWorker] SEND TO RUNTIME {"method":"Runtime.getIsolateId","id":100001979}
---

--- 2026-06-06T18:49:44.768Z debug
[InspectorProxyWorker] RUNTIME INCOMING MESSAGE { id: 100001979, result: { id: '1eee3444ae586db1' } }
---

--- 2026-06-06T18:49:54.768Z debug
[InspectorProxyWorker] SEND TO RUNTIME {"method":"Runtime.getIsolateId","id":100001980}
---

--- 2026-06-06T18:49:54.768Z debug
[InspectorProxyWorker] RUNTIME INCOMING MESSAGE { id: 100001980, result: { id: '1eee3444ae586db1' } }
---

--- 2026-06-06T18:50:04.778Z debug
[InspectorProxyWorker] RUNTIME INCOMING MESSAGE { id: 100001981, result: { id: '1eee3444ae586db1' } }
---

--- 2026-06-06T18:50:04.779Z debug
[InspectorProxyWorker] SEND TO RUNTIME {"method":"Runtime.getIsolateId","id":100001981}
---

--- 2026-06-06T18:50:14.784Z debug
[InspectorProxyWorker] SEND TO RUNTIME {"method":"Runtime.getIsolateId","id":100001982}
---

--- 2026-06-06T18:50:14.784Z debug
[InspectorProxyWorker] RUNTIME INCOMING MESSAGE { id: 100001982, result: { id: '1eee3444ae586db1' } }
---

--- 2026-06-06T18:50:24.784Z debug
[InspectorProxyWorker] SEND TO RUNTIME {"method":"Runtime.getIsolateId","id":100001983}
---

--- 2026-06-06T18:50:24.785Z debug
[InspectorProxyWorker] RUNTIME INCOMING MESSAGE { id: 100001983, result: { id: '1eee3444ae586db1' } }
---

--- 2026-06-06T18:50:34.800Z debug
[InspectorProxyWorker] SEND TO RUNTIME {"method":"Runtime.getIsolateId","id":100001984}
---

--- 2026-06-06T18:50:34.801Z debug
[InspectorProxyWorker] RUNTIME INCOMING MESSAGE { id: 100001984, result: { id: '1eee3444ae586db1' } }
---

--- 2026-06-06T18:50:44.802Z debug
[InspectorProxyWorker] SEND TO RUNTIME {"method":"Runtime.getIsolateId","id":100001985}
---

--- 2026-06-06T18:50:44.802Z debug
[InspectorProxyWorker] RUNTIME INCOMING MESSAGE { id: 100001985, result: { id: '1eee3444ae586db1' } }
---

--- 2026-06-06T18:50:54.816Z debug
[InspectorProxyWorker] SEND TO RUNTIME {"method":"Runtime.getIsolateId","id":100001986}
---

--- 2026-06-06T18:50:54.817Z debug
[InspectorProxyWorker] RUNTIME INCOMING MESSAGE { id: 100001986, result: { id: '1eee3444ae586db1' } }
---

--- 2026-06-06T18:51:04.820Z debug
[InspectorProxyWorker] SEND TO RUNTIME {"method":"Runtime.getIsolateId","id":100001987}
---

--- 2026-06-06T18:51:04.821Z debug
[InspectorProxyWorker] RUNTIME INCOMING MESSAGE { id: 100001987, result: { id: '1eee3444ae586db1' } }
---

--- 2026-06-06T18:51:14.831Z debug
[InspectorProxyWorker] RUNTIME INCOMING MESSAGE { id: 100001988, result: { id: '1eee3444ae586db1' } }
---

--- 2026-06-06T18:51:14.832Z debug
[InspectorProxyWorker] SEND TO RUNTIME {"method":"Runtime.getIsolateId","id":100001988}
---

--- 2026-06-06T18:51:24.833Z debug
[InspectorProxyWorker] RUNTIME INCOMING MESSAGE { id: 100001989, result: { id: '1eee3444ae586db1' } }
---

--- 2026-06-06T18:51:24.834Z debug
[InspectorProxyWorker] SEND TO RUNTIME {"method":"Runtime.getIsolateId","id":100001989}
---

--- 2026-06-06T18:51:34.834Z debug
[InspectorProxyWorker] SEND TO RUNTIME {"method":"Runtime.getIsolateId","id":100001990}
---

--- 2026-06-06T18:51:34.835Z debug
[InspectorProxyWorker] RUNTIME INCOMING MESSAGE { id: 100001990, result: { id: '1eee3444ae586db1' } }
---

--- 2026-06-06T18:51:44.835Z debug
[InspectorProxyWorker] SEND TO RUNTIME {"method":"Runtime.getIsolateId","id":100001991}
---

--- 2026-06-06T18:51:44.835Z debug
[InspectorProxyWorker] RUNTIME INCOMING MESSAGE { id: 100001991, result: { id: '1eee3444ae586db1' } }
---

--- 2026-06-06T18:51:54.849Z debug
[InspectorProxyWorker] RUNTIME INCOMING MESSAGE { id: 100001992, result: { id: '1eee3444ae586db1' } }
---

--- 2026-06-06T18:51:54.849Z debug
[InspectorProxyWorker] SEND TO RUNTIME {"method":"Runtime.getIsolateId","id":100001992}
---

--- 2026-06-06T18:52:04.852Z debug
[InspectorProxyWorker] SEND TO RUNTIME {"method":"Runtime.getIsolateId","id":100001993}
---

--- 2026-06-06T18:52:04.852Z debug
[InspectorProxyWorker] RUNTIME INCOMING MESSAGE { id: 100001993, result: { id: '1eee3444ae586db1' } }
---

--- 2026-06-06T18:52:14.866Z debug
[InspectorProxyWorker] RUNTIME INCOMING MESSAGE { id: 100001994, result: { id: '1eee3444ae586db1' } }
---

--- 2026-06-06T18:52:14.866Z debug
[InspectorProxyWorker] SEND TO RUNTIME {"method":"Runtime.getIsolateId","id":100001994}
---

--- 2026-06-06T18:52:24.867Z debug
[InspectorProxyWorker] SEND TO RUNTIME {"method":"Runtime.getIsolateId","id":100001995}
---

--- 2026-06-06T18:52:24.868Z debug
[InspectorProxyWorker] RUNTIME INCOMING MESSAGE { id: 100001995, result: { id: '1eee3444ae586db1' } }
---

--- 2026-06-06T18:52:34.869Z debug
[InspectorProxyWorker] SEND TO RUNTIME {"method":"Runtime.getIsolateId","id":100001996}
---

--- 2026-06-06T18:52:34.869Z debug
[InspectorProxyWorker] RUNTIME INCOMING MESSAGE { id: 100001996, result: { id: '1eee3444ae586db1' } }
---

--- 2026-06-06T18:52:44.883Z debug
[InspectorProxyWorker] SEND TO RUNTIME {"method":"Runtime.getIsolateId","id":100001997}
---

--- 2026-06-06T18:52:44.883Z debug
[InspectorProxyWorker] RUNTIME INCOMING MESSAGE { id: 100001997, result: { id: '1eee3444ae586db1' } }
---

--- 2026-06-06T18:52:54.884Z debug
[InspectorProxyWorker] RUNTIME INCOMING MESSAGE { id: 100001998, result: { id: '1eee3444ae586db1' } }
---

--- 2026-06-06T18:52:54.885Z debug
[InspectorProxyWorker] SEND TO RUNTIME {"method":"Runtime.getIsolateId","id":100001998}
---

--- 2026-06-06T18:53:04.886Z debug
[InspectorProxyWorker] SEND TO RUNTIME {"method":"Runtime.getIsolateId","id":100001999}
---

--- 2026-06-06T18:53:04.887Z debug
[InspectorProxyWorker] RUNTIME INCOMING MESSAGE { id: 100001999, result: { id: '1eee3444ae586db1' } }
---

--- 2026-06-06T18:53:14.902Z debug
[InspectorProxyWorker] SEND TO RUNTIME {"method":"Runtime.getIsolateId","id":100002000}
---

--- 2026-06-06T18:53:14.902Z debug
[InspectorProxyWorker] RUNTIME INCOMING MESSAGE { id: 100002000, result: { id: '1eee3444ae586db1' } }
---

--- 2026-06-06T18:53:24.916Z debug
[InspectorProxyWorker] RUNTIME INCOMING MESSAGE { id: 100002001, result: { id: '1eee3444ae586db1' } }
---

--- 2026-06-06T18:53:24.916Z debug
[InspectorProxyWorker] SEND TO RUNTIME {"method":"Runtime.getIsolateId","id":100002001}
---

--- 2026-06-06T18:53:34.918Z debug
[InspectorProxyWorker] SEND TO RUNTIME {"method":"Runtime.getIsolateId","id":100002002}
---

--- 2026-06-06T18:53:34.919Z debug
[InspectorProxyWorker] RUNTIME INCOMING MESSAGE { id: 100002002, result: { id: '1eee3444ae586db1' } }
---

--- 2026-06-06T18:53:44.932Z debug
[InspectorProxyWorker] RUNTIME INCOMING MESSAGE { id: 100002003, result: { id: '1eee3444ae586db1' } }
---

--- 2026-06-06T18:53:44.932Z debug
[InspectorProxyWorker] SEND TO RUNTIME {"method":"Runtime.getIsolateId","id":100002003}
---

--- 2026-06-06T18:53:54.936Z debug
[InspectorProxyWorker] RUNTIME INCOMING MESSAGE { id: 100002004, result: { id: '1eee3444ae586db1' } }
---

--- 2026-06-06T18:53:54.936Z debug
[InspectorProxyWorker] SEND TO RUNTIME {"method":"Runtime.getIsolateId","id":100002004}
---

--- 2026-06-06T18:54:04.951Z debug
[InspectorProxyWorker] SEND TO RUNTIME {"method":"Runtime.getIsolateId","id":100002005}
---

--- 2026-06-06T18:54:04.952Z debug
[InspectorProxyWorker] RUNTIME INCOMING MESSAGE { id: 100002005, result: { id: '1eee3444ae586db1' } }
---

--- 2026-06-06T18:54:14.953Z debug
[InspectorProxyWorker] SEND TO RUNTIME {"method":"Runtime.getIsolateId","id":100002006}
---

--- 2026-06-06T18:54:14.953Z debug
[InspectorProxyWorker] RUNTIME INCOMING MESSAGE { id: 100002006, result: { id: '1eee3444ae586db1' } }
---

--- 2026-06-06T18:54:24.953Z debug
[InspectorProxyWorker] SEND TO RUNTIME {"method":"Runtime.getIsolateId","id":100002007}
---

--- 2026-06-06T18:54:24.954Z debug
[InspectorProxyWorker] RUNTIME INCOMING MESSAGE { id: 100002007, result: { id: '1eee3444ae586db1' } }
---

--- 2026-06-06T18:54:34.967Z debug
[InspectorProxyWorker] RUNTIME INCOMING MESSAGE { id: 100002008, result: { id: '1eee3444ae586db1' } }
---

--- 2026-06-06T18:54:34.967Z debug
[InspectorProxyWorker] SEND TO RUNTIME {"method":"Runtime.getIsolateId","id":100002008}
---

--- 2026-06-06T18:54:44.969Z debug
[InspectorProxyWorker] SEND TO RUNTIME {"method":"Runtime.getIsolateId","id":100002009}
---

--- 2026-06-06T18:54:44.970Z debug
[InspectorProxyWorker] RUNTIME INCOMING MESSAGE { id: 100002009, result: { id: '1eee3444ae586db1' } }
---

--- 2026-06-06T18:54:54.970Z debug
[InspectorProxyWorker] SEND TO RUNTIME {"method":"Runtime.getIsolateId","id":100002010}
---

--- 2026-06-06T18:54:54.970Z debug
[InspectorProxyWorker] RUNTIME INCOMING MESSAGE { id: 100002010, result: { id: '1eee3444ae586db1' } }
---

--- 2026-06-06T18:55:04.985Z debug
[InspectorProxyWorker] RUNTIME INCOMING MESSAGE { id: 100002011, result: { id: '1eee3444ae586db1' } }
---

--- 2026-06-06T18:55:04.985Z debug
[InspectorProxyWorker] SEND TO RUNTIME {"method":"Runtime.getIsolateId","id":100002011}
---

--- 2026-06-06T18:55:14.987Z debug
[InspectorProxyWorker] RUNTIME INCOMING MESSAGE { id: 100002012, result: { id: '1eee3444ae586db1' } }
---

--- 2026-06-06T18:55:14.987Z debug
[InspectorProxyWorker] SEND TO RUNTIME {"method":"Runtime.getIsolateId","id":100002012}
---

--- 2026-06-06T18:55:25.002Z debug
[InspectorProxyWorker] SEND TO RUNTIME {"method":"Runtime.getIsolateId","id":100002013}
---

--- 2026-06-06T18:55:25.002Z debug
[InspectorProxyWorker] RUNTIME INCOMING MESSAGE { id: 100002013, result: { id: '1eee3444ae586db1' } }
---

--- 2026-06-06T18:55:35.003Z debug
[InspectorProxyWorker] SEND TO RUNTIME {"method":"Runtime.getIsolateId","id":100002014}
---

--- 2026-06-06T18:55:35.004Z debug
[InspectorProxyWorker] RUNTIME INCOMING MESSAGE { id: 100002014, result: { id: '1eee3444ae586db1' } }
---

--- 2026-06-06T18:55:45.019Z debug
[InspectorProxyWorker] SEND TO RUNTIME {"method":"Runtime.getIsolateId","id":100002015}
---

--- 2026-06-06T18:55:45.020Z debug
[InspectorProxyWorker] RUNTIME INCOMING MESSAGE { id: 100002015, result: { id: '1eee3444ae586db1' } }
---

--- 2026-06-06T18:55:55.020Z debug
[InspectorProxyWorker] SEND TO RUNTIME {"method":"Runtime.getIsolateId","id":100002016}
---

--- 2026-06-06T18:55:55.021Z debug
[InspectorProxyWorker] RUNTIME INCOMING MESSAGE { id: 100002016, result: { id: '1eee3444ae586db1' } }
---

--- 2026-06-06T18:56:05.034Z debug
[InspectorProxyWorker] RUNTIME INCOMING MESSAGE { id: 100002017, result: { id: '1eee3444ae586db1' } }
---

--- 2026-06-06T18:56:05.034Z debug
[InspectorProxyWorker] SEND TO RUNTIME {"method":"Runtime.getIsolateId","id":100002017}
---

--- 2026-06-06T18:56:15.049Z debug
[InspectorProxyWorker] RUNTIME INCOMING MESSAGE { id: 100002018, result: { id: '1eee3444ae586db1' } }
---

--- 2026-06-06T18:56:15.049Z debug
[InspectorProxyWorker] SEND TO RUNTIME {"method":"Runtime.getIsolateId","id":100002018}
---

--- 2026-06-06T18:56:25.059Z debug
[InspectorProxyWorker] SEND TO RUNTIME {"method":"Runtime.getIsolateId","id":100002019}
---

--- 2026-06-06T18:56:25.060Z debug
[InspectorProxyWorker] RUNTIME INCOMING MESSAGE { id: 100002019, result: { id: '1eee3444ae586db1' } }
---

--- 2026-06-06T18:56:35.064Z debug
[InspectorProxyWorker] SEND TO RUNTIME {"method":"Runtime.getIsolateId","id":100002020}
---

--- 2026-06-06T18:56:35.065Z debug
[InspectorProxyWorker] RUNTIME INCOMING MESSAGE { id: 100002020, result: { id: '1eee3444ae586db1' } }
---

--- 2026-06-06T18:56:45.078Z debug
[InspectorProxyWorker] RUNTIME INCOMING MESSAGE { id: 100002021, result: { id: '1eee3444ae586db1' } }
---

--- 2026-06-06T18:56:45.079Z debug
[InspectorProxyWorker] SEND TO RUNTIME {"method":"Runtime.getIsolateId","id":100002021}
---

--- 2026-06-06T18:56:55.081Z debug
[InspectorProxyWorker] RUNTIME INCOMING MESSAGE { id: 100002022, result: { id: '1eee3444ae586db1' } }
---

--- 2026-06-06T18:56:55.081Z debug
[InspectorProxyWorker] SEND TO RUNTIME {"method":"Runtime.getIsolateId","id":100002022}
---

--- 2026-06-06T18:57:05.090Z debug
[InspectorProxyWorker] SEND TO RUNTIME {"method":"Runtime.getIsolateId","id":100002023}
---

--- 2026-06-06T18:57:05.090Z debug
[InspectorProxyWorker] RUNTIME INCOMING MESSAGE { id: 100002023, result: { id: '1eee3444ae586db1' } }
---

--- 2026-06-06T18:57:15.101Z debug
[InspectorProxyWorker] RUNTIME INCOMING MESSAGE { id: 100002024, result: { id: '1eee3444ae586db1' } }
---

--- 2026-06-06T18:57:15.101Z debug
[InspectorProxyWorker] SEND TO RUNTIME {"method":"Runtime.getIsolateId","id":100002024}
---

--- 2026-06-06T18:57:25.105Z debug
[InspectorProxyWorker] SEND TO RUNTIME {"method":"Runtime.getIsolateId","id":100002025}
---

--- 2026-06-06T18:57:25.105Z debug
[InspectorProxyWorker] RUNTIME INCOMING MESSAGE { id: 100002025, result: { id: '1eee3444ae586db1' } }
---

--- 2026-06-06T18:57:35.120Z debug
[InspectorProxyWorker] SEND TO RUNTIME {"method":"Runtime.getIsolateId","id":100002026}
---

--- 2026-06-06T18:57:35.120Z debug
[InspectorProxyWorker] RUNTIME INCOMING MESSAGE { id: 100002026, result: { id: '1eee3444ae586db1' } }
---

--- 2026-06-06T18:57:45.135Z debug
[InspectorProxyWorker] RUNTIME INCOMING MESSAGE { id: 100002027, result: { id: '1eee3444ae586db1' } }
---

--- 2026-06-06T18:57:45.135Z debug
[InspectorProxyWorker] SEND TO RUNTIME {"method":"Runtime.getIsolateId","id":100002027}
---

--- 2026-06-06T18:57:55.140Z debug
[InspectorProxyWorker] SEND TO RUNTIME {"method":"Runtime.getIsolateId","id":100002028}
---

--- 2026-06-06T18:57:55.140Z debug
[InspectorProxyWorker] RUNTIME INCOMING MESSAGE { id: 100002028, result: { id: '1eee3444ae586db1' } }
---

--- 2026-06-06T18:58:05.148Z debug
[InspectorProxyWorker] RUNTIME INCOMING MESSAGE { id: 100002029, result: { id: '1eee3444ae586db1' } }
---

--- 2026-06-06T18:58:05.148Z debug
[InspectorProxyWorker] SEND TO RUNTIME {"method":"Runtime.getIsolateId","id":100002029}
---

--- 2026-06-06T18:58:15.163Z debug
[InspectorProxyWorker] SEND TO RUNTIME {"method":"Runtime.getIsolateId","id":100002030}
---

--- 2026-06-06T18:58:15.163Z debug
[InspectorProxyWorker] RUNTIME INCOMING MESSAGE { id: 100002030, result: { id: '1eee3444ae586db1' } }
---

--- 2026-06-06T18:58:25.167Z debug
[InspectorProxyWorker] RUNTIME INCOMING MESSAGE { id: 100002031, result: { id: '1eee3444ae586db1' } }
---

--- 2026-06-06T18:58:25.168Z debug
[InspectorProxyWorker] SEND TO RUNTIME {"method":"Runtime.getIsolateId","id":100002031}
---

--- 2026-06-06T18:58:35.171Z debug
[InspectorProxyWorker] SEND TO RUNTIME {"method":"Runtime.getIsolateId","id":100002032}
---

--- 2026-06-06T18:58:35.172Z debug
[InspectorProxyWorker] RUNTIME INCOMING MESSAGE { id: 100002032, result: { id: '1eee3444ae586db1' } }
---

--- 2026-06-06T18:58:45.185Z debug
[InspectorProxyWorker] RUNTIME INCOMING MESSAGE { id: 100002033, result: { id: '1eee3444ae586db1' } }
---

--- 2026-06-06T18:58:45.185Z debug
[InspectorProxyWorker] SEND TO RUNTIME {"method":"Runtime.getIsolateId","id":100002033}
---

--- 2026-06-06T18:58:55.186Z debug
[InspectorProxyWorker] RUNTIME INCOMING MESSAGE { id: 100002034, result: { id: '1eee3444ae586db1' } }
---

--- 2026-06-06T18:58:55.186Z debug
[InspectorProxyWorker] SEND TO RUNTIME {"method":"Runtime.getIsolateId","id":100002034}
---

--- 2026-06-06T18:59:05.189Z debug
[InspectorProxyWorker] SEND TO RUNTIME {"method":"Runtime.getIsolateId","id":100002035}
---

--- 2026-06-06T18:59:05.189Z debug
[InspectorProxyWorker] RUNTIME INCOMING MESSAGE { id: 100002035, result: { id: '1eee3444ae586db1' } }
---

--- 2026-06-06T18:59:15.203Z debug
[InspectorProxyWorker] RUNTIME INCOMING MESSAGE { id: 100002036, result: { id: '1eee3444ae586db1' } }
---

--- 2026-06-06T18:59:15.204Z debug
[InspectorProxyWorker] SEND TO RUNTIME {"method":"Runtime.getIsolateId","id":100002036}
---

--- 2026-06-06T18:59:25.206Z debug
[InspectorProxyWorker] SEND TO RUNTIME {"method":"Runtime.getIsolateId","id":100002037}
---

--- 2026-06-06T18:59:25.206Z debug
[InspectorProxyWorker] RUNTIME INCOMING MESSAGE { id: 100002037, result: { id: '1eee3444ae586db1' } }
---

--- 2026-06-06T18:59:35.219Z debug
[InspectorProxyWorker] SEND TO RUNTIME {"method":"Runtime.getIsolateId","id":100002038}
---

--- 2026-06-06T18:59:35.220Z debug
[InspectorProxyWorker] RUNTIME INCOMING MESSAGE { id: 100002038, result: { id: '1eee3444ae586db1' } }
---

--- 2026-06-06T18:59:45.222Z debug
[InspectorProxyWorker] SEND TO RUNTIME {"method":"Runtime.getIsolateId","id":100002039}
---

--- 2026-06-06T18:59:45.223Z debug
[InspectorProxyWorker] RUNTIME INCOMING MESSAGE { id: 100002039, result: { id: '1eee3444ae586db1' } }
---

--- 2026-06-06T18:59:55.236Z debug
[InspectorProxyWorker] RUNTIME INCOMING MESSAGE { id: 100002040, result: { id: '1eee3444ae586db1' } }
---

--- 2026-06-06T18:59:55.236Z debug
[InspectorProxyWorker] SEND TO RUNTIME {"method":"Runtime.getIsolateId","id":100002040}
---

--- 2026-06-06T19:00:05.240Z debug
[InspectorProxyWorker] SEND TO RUNTIME {"method":"Runtime.getIsolateId","id":100002041}
---

--- 2026-06-06T19:00:05.240Z debug
[InspectorProxyWorker] RUNTIME INCOMING MESSAGE { id: 100002041, result: { id: '1eee3444ae586db1' } }
---

--- 2026-06-06T19:00:15.253Z debug
[InspectorProxyWorker] RUNTIME INCOMING MESSAGE { id: 100002042, result: { id: '1eee3444ae586db1' } }
---

--- 2026-06-06T19:00:15.253Z debug
[InspectorProxyWorker] SEND TO RUNTIME {"method":"Runtime.getIsolateId","id":100002042}
---

--- 2026-06-06T19:00:25.255Z debug
[InspectorProxyWorker] RUNTIME INCOMING MESSAGE { id: 100002043, result: { id: '1eee3444ae586db1' } }
---

--- 2026-06-06T19:00:25.255Z debug
[InspectorProxyWorker] SEND TO RUNTIME {"method":"Runtime.getIsolateId","id":100002043}
---

--- 2026-06-06T19:00:35.257Z debug
[InspectorProxyWorker] SEND TO RUNTIME {"method":"Runtime.getIsolateId","id":100002044}
---

--- 2026-06-06T19:00:35.257Z debug
[InspectorProxyWorker] RUNTIME INCOMING MESSAGE { id: 100002044, result: { id: '1eee3444ae586db1' } }
---

--- 2026-06-06T19:00:45.270Z debug
[InspectorProxyWorker] SEND TO RUNTIME {"method":"Runtime.getIsolateId","id":100002045}
---

--- 2026-06-06T19:00:45.271Z debug
[InspectorProxyWorker] RUNTIME INCOMING MESSAGE { id: 100002045, result: { id: '1eee3444ae586db1' } }
---

--- 2026-06-06T19:00:55.271Z debug
[InspectorProxyWorker] SEND TO RUNTIME {"method":"Runtime.getIsolateId","id":100002046}
---

--- 2026-06-06T19:00:55.272Z debug
[InspectorProxyWorker] RUNTIME INCOMING MESSAGE { id: 100002046, result: { id: '1eee3444ae586db1' } }
---

--- 2026-06-06T19:01:05.272Z debug
[InspectorProxyWorker] SEND TO RUNTIME {"method":"Runtime.getIsolateId","id":100002047}
---

--- 2026-06-06T19:01:05.272Z debug
[InspectorProxyWorker] RUNTIME INCOMING MESSAGE { id: 100002047, result: { id: '1eee3444ae586db1' } }
---

--- 2026-06-06T19:01:15.274Z debug
[InspectorProxyWorker] RUNTIME INCOMING MESSAGE { id: 100002048, result: { id: '1eee3444ae586db1' } }
---

--- 2026-06-06T19:01:15.275Z debug
[InspectorProxyWorker] SEND TO RUNTIME {"method":"Runtime.getIsolateId","id":100002048}
---

--- 2026-06-06T19:01:25.289Z debug
[InspectorProxyWorker] SEND TO RUNTIME {"method":"Runtime.getIsolateId","id":100002049}
---

--- 2026-06-06T19:01:25.289Z debug
[InspectorProxyWorker] RUNTIME INCOMING MESSAGE { id: 100002049, result: { id: '1eee3444ae586db1' } }
---

--- 2026-06-06T19:01:35.291Z debug
[InspectorProxyWorker] SEND TO RUNTIME {"method":"Runtime.getIsolateId","id":100002050}
---

--- 2026-06-06T19:01:35.291Z debug
[InspectorProxyWorker] RUNTIME INCOMING MESSAGE { id: 100002050, result: { id: '1eee3444ae586db1' } }
---

--- 2026-06-06T19:01:45.305Z debug
[InspectorProxyWorker] SEND TO RUNTIME {"method":"Runtime.getIsolateId","id":100002051}
---

--- 2026-06-06T19:01:45.306Z debug
[InspectorProxyWorker] RUNTIME INCOMING MESSAGE { id: 100002051, result: { id: '1eee3444ae586db1' } }
---

--- 2026-06-06T19:01:55.307Z debug
[InspectorProxyWorker] SEND TO RUNTIME {"method":"Runtime.getIsolateId","id":100002052}
---

--- 2026-06-06T19:01:55.308Z debug
[InspectorProxyWorker] RUNTIME INCOMING MESSAGE { id: 100002052, result: { id: '1eee3444ae586db1' } }
---

--- 2026-06-06T19:02:05.321Z debug
[InspectorProxyWorker] RUNTIME INCOMING MESSAGE { id: 100002053, result: { id: '1eee3444ae586db1' } }
---

--- 2026-06-06T19:02:05.321Z debug
[InspectorProxyWorker] SEND TO RUNTIME {"method":"Runtime.getIsolateId","id":100002053}
---

--- 2026-06-06T19:02:15.323Z debug
[InspectorProxyWorker] SEND TO RUNTIME {"method":"Runtime.getIsolateId","id":100002054}
---

--- 2026-06-06T19:02:15.323Z debug
[InspectorProxyWorker] RUNTIME INCOMING MESSAGE { id: 100002054, result: { id: '1eee3444ae586db1' } }
---

--- 2026-06-06T19:02:25.324Z debug
[InspectorProxyWorker] SEND TO RUNTIME {"method":"Runtime.getIsolateId","id":100002055}
---

--- 2026-06-06T19:02:25.324Z debug
[InspectorProxyWorker] RUNTIME INCOMING MESSAGE { id: 100002055, result: { id: '1eee3444ae586db1' } }
---

--- 2026-06-06T19:02:35.327Z debug
[InspectorProxyWorker] RUNTIME INCOMING MESSAGE { id: 100002056, result: { id: '1eee3444ae586db1' } }
---

--- 2026-06-06T19:02:35.327Z debug
[InspectorProxyWorker] SEND TO RUNTIME {"method":"Runtime.getIsolateId","id":100002056}
---

--- 2026-06-06T19:02:45.340Z debug
[InspectorProxyWorker] SEND TO RUNTIME {"method":"Runtime.getIsolateId","id":100002057}
---

--- 2026-06-06T19:02:45.340Z debug
[InspectorProxyWorker] RUNTIME INCOMING MESSAGE { id: 100002057, result: { id: '1eee3444ae586db1' } }
---

--- 2026-06-06T19:02:55.342Z debug
[InspectorProxyWorker] SEND TO RUNTIME {"method":"Runtime.getIsolateId","id":100002058}
---

--- 2026-06-06T19:02:55.342Z debug
[InspectorProxyWorker] RUNTIME INCOMING MESSAGE { id: 100002058, result: { id: '1eee3444ae586db1' } }
---

--- 2026-06-06T19:03:05.354Z debug
[InspectorProxyWorker] RUNTIME INCOMING MESSAGE { id: 100002059, result: { id: '1eee3444ae586db1' } }
---

--- 2026-06-06T19:03:05.355Z debug
[InspectorProxyWorker] SEND TO RUNTIME {"method":"Runtime.getIsolateId","id":100002059}
---

--- 2026-06-06T19:03:15.359Z debug
[InspectorProxyWorker] SEND TO RUNTIME {"method":"Runtime.getIsolateId","id":100002060}
---

--- 2026-06-06T19:03:15.359Z debug
[InspectorProxyWorker] RUNTIME INCOMING MESSAGE { id: 100002060, result: { id: '1eee3444ae586db1' } }
---

--- 2026-06-06T19:03:25.373Z debug
[InspectorProxyWorker] RUNTIME INCOMING MESSAGE { id: 100002061, result: { id: '1eee3444ae586db1' } }
---

--- 2026-06-06T19:03:25.373Z debug
[InspectorProxyWorker] SEND TO RUNTIME {"method":"Runtime.getIsolateId","id":100002061}
---

--- 2026-06-06T19:03:35.376Z debug
[InspectorProxyWorker] SEND TO RUNTIME {"method":"Runtime.getIsolateId","id":100002062}
---

--- 2026-06-06T19:03:35.376Z debug
[InspectorProxyWorker] RUNTIME INCOMING MESSAGE { id: 100002062, result: { id: '1eee3444ae586db1' } }
---

--- 2026-06-06T19:03:45.390Z debug
[InspectorProxyWorker] SEND TO RUNTIME {"method":"Runtime.getIsolateId","id":100002063}
---

--- 2026-06-06T19:03:45.391Z debug
[InspectorProxyWorker] RUNTIME INCOMING MESSAGE { id: 100002063, result: { id: '1eee3444ae586db1' } }
---

--- 2026-06-06T19:03:55.391Z debug
[InspectorProxyWorker] SEND TO RUNTIME {"method":"Runtime.getIsolateId","id":100002064}
---

--- 2026-06-06T19:03:55.392Z debug
[InspectorProxyWorker] RUNTIME INCOMING MESSAGE { id: 100002064, result: { id: '1eee3444ae586db1' } }
---

--- 2026-06-06T19:04:05.406Z debug
[InspectorProxyWorker] RUNTIME INCOMING MESSAGE { id: 100002065, result: { id: '1eee3444ae586db1' } }
---

--- 2026-06-06T19:04:05.407Z debug
[InspectorProxyWorker] SEND TO RUNTIME {"method":"Runtime.getIsolateId","id":100002065}
---

--- 2026-06-06T19:04:15.409Z debug
[InspectorProxyWorker] SEND TO RUNTIME {"method":"Runtime.getIsolateId","id":100002066}
---

--- 2026-06-06T19:04:15.409Z debug
[InspectorProxyWorker] RUNTIME INCOMING MESSAGE { id: 100002066, result: { id: '1eee3444ae586db1' } }
---

--- 2026-06-06T19:04:25.422Z debug
[InspectorProxyWorker] RUNTIME INCOMING MESSAGE { id: 100002067, result: { id: '1eee3444ae586db1' } }
---

--- 2026-06-06T19:04:25.422Z debug
[InspectorProxyWorker] SEND TO RUNTIME {"method":"Runtime.getIsolateId","id":100002067}
---

--- 2026-06-06T19:04:35.422Z debug
[InspectorProxyWorker] SEND TO RUNTIME {"method":"Runtime.getIsolateId","id":100002068}
---

--- 2026-06-06T19:04:35.422Z debug
[InspectorProxyWorker] RUNTIME INCOMING MESSAGE { id: 100002068, result: { id: '1eee3444ae586db1' } }
---

--- 2026-06-06T19:04:45.422Z debug
[InspectorProxyWorker] SEND TO RUNTIME {"method":"Runtime.getIsolateId","id":100002069}
---

--- 2026-06-06T19:04:45.422Z debug
[InspectorProxyWorker] RUNTIME INCOMING MESSAGE { id: 100002069, result: { id: '1eee3444ae586db1' } }
---

--- 2026-06-06T19:04:55.425Z debug
[InspectorProxyWorker] SEND TO RUNTIME {"method":"Runtime.getIsolateId","id":100002070}
---

--- 2026-06-06T19:04:55.426Z debug
[InspectorProxyWorker] RUNTIME INCOMING MESSAGE { id: 100002070, result: { id: '1eee3444ae586db1' } }
---

--- 2026-06-06T19:05:05.441Z debug
[InspectorProxyWorker] SEND TO RUNTIME {"method":"Runtime.getIsolateId","id":100002071}
---

--- 2026-06-06T19:05:05.441Z debug
[InspectorProxyWorker] RUNTIME INCOMING MESSAGE { id: 100002071, result: { id: '1eee3444ae586db1' } }
---

--- 2026-06-06T19:05:15.457Z debug
[InspectorProxyWorker] SEND TO RUNTIME {"method":"Runtime.getIsolateId","id":100002072}
---

--- 2026-06-06T19:05:15.457Z debug
[InspectorProxyWorker] RUNTIME INCOMING MESSAGE { id: 100002072, result: { id: '1eee3444ae586db1' } }
---

--- 2026-06-06T19:05:25.459Z debug
[InspectorProxyWorker] SEND TO RUNTIME {"method":"Runtime.getIsolateId","id":100002073}
---

--- 2026-06-06T19:05:25.460Z debug
[InspectorProxyWorker] RUNTIME INCOMING MESSAGE { id: 100002073, result: { id: '1eee3444ae586db1' } }
---

--- 2026-06-06T19:05:35.474Z debug
[InspectorProxyWorker] RUNTIME INCOMING MESSAGE { id: 100002074, result: { id: '1eee3444ae586db1' } }
---

--- 2026-06-06T19:05:35.474Z debug
[InspectorProxyWorker] SEND TO RUNTIME {"method":"Runtime.getIsolateId","id":100002074}
---

--- 2026-06-06T19:05:45.476Z debug
[InspectorProxyWorker] SEND TO RUNTIME {"method":"Runtime.getIsolateId","id":100002075}
---

--- 2026-06-06T19:05:45.477Z debug
[InspectorProxyWorker] RUNTIME INCOMING MESSAGE { id: 100002075, result: { id: '1eee3444ae586db1' } }
---

--- 2026-06-06T19:05:55.490Z debug
[InspectorProxyWorker] RUNTIME INCOMING MESSAGE { id: 100002076, result: { id: '1eee3444ae586db1' } }
---

--- 2026-06-06T19:05:55.491Z debug
[InspectorProxyWorker] SEND TO RUNTIME {"method":"Runtime.getIsolateId","id":100002076}
---

--- 2026-06-06T19:06:05.493Z debug
[InspectorProxyWorker] SEND TO RUNTIME {"method":"Runtime.getIsolateId","id":100002077}
---

--- 2026-06-06T19:06:05.494Z debug
[InspectorProxyWorker] RUNTIME INCOMING MESSAGE { id: 100002077, result: { id: '1eee3444ae586db1' } }
---

--- 2026-06-06T19:06:15.507Z debug
[InspectorProxyWorker] RUNTIME INCOMING MESSAGE { id: 100002078, result: { id: '1eee3444ae586db1' } }
---

--- 2026-06-06T19:06:15.507Z debug
[InspectorProxyWorker] SEND TO RUNTIME {"method":"Runtime.getIsolateId","id":100002078}
---

--- 2026-06-06T19:06:25.510Z debug
[InspectorProxyWorker] SEND TO RUNTIME {"method":"Runtime.getIsolateId","id":100002079}
---

--- 2026-06-06T19:06:25.510Z debug
[InspectorProxyWorker] RUNTIME INCOMING MESSAGE { id: 100002079, result: { id: '1eee3444ae586db1' } }
---

--- 2026-06-06T19:06:35.511Z debug
[InspectorProxyWorker] SEND TO RUNTIME {"method":"Runtime.getIsolateId","id":100002080}
---

--- 2026-06-06T19:06:35.511Z debug
[InspectorProxyWorker] RUNTIME INCOMING MESSAGE { id: 100002080, result: { id: '1eee3444ae586db1' } }
---

--- 2026-06-06T19:06:45.525Z debug
[InspectorProxyWorker] RUNTIME INCOMING MESSAGE { id: 100002081, result: { id: '1eee3444ae586db1' } }
---

--- 2026-06-06T19:06:45.526Z debug
[InspectorProxyWorker] SEND TO RUNTIME {"method":"Runtime.getIsolateId","id":100002081}
---

--- 2026-06-06T19:06:55.540Z debug
[InspectorProxyWorker] RUNTIME INCOMING MESSAGE { id: 100002082, result: { id: '1eee3444ae586db1' } }
---

--- 2026-06-06T19:06:55.540Z debug
[InspectorProxyWorker] SEND TO RUNTIME {"method":"Runtime.getIsolateId","id":100002082}
---

--- 2026-06-06T19:07:05.542Z debug
[InspectorProxyWorker] SEND TO RUNTIME {"method":"Runtime.getIsolateId","id":100002083}
---

--- 2026-06-06T19:07:05.542Z debug
[InspectorProxyWorker] RUNTIME INCOMING MESSAGE { id: 100002083, result: { id: '1eee3444ae586db1' } }
---

--- 2026-06-06T19:07:15.542Z debug
[InspectorProxyWorker] SEND TO RUNTIME {"method":"Runtime.getIsolateId","id":100002084}
---

--- 2026-06-06T19:07:15.543Z debug
[InspectorProxyWorker] RUNTIME INCOMING MESSAGE { id: 100002084, result: { id: '1eee3444ae586db1' } }
---

--- 2026-06-06T19:07:25.544Z debug
[InspectorProxyWorker] SEND TO RUNTIME {"method":"Runtime.getIsolateId","id":100002085}
---

--- 2026-06-06T19:07:25.545Z debug
[InspectorProxyWorker] RUNTIME INCOMING MESSAGE { id: 100002085, result: { id: '1eee3444ae586db1' } }
---

--- 2026-06-06T19:07:35.559Z debug
[InspectorProxyWorker] SEND TO RUNTIME {"method":"Runtime.getIsolateId","id":100002086}
---

--- 2026-06-06T19:07:35.560Z debug
[InspectorProxyWorker] RUNTIME INCOMING MESSAGE { id: 100002086, result: { id: '1eee3444ae586db1' } }
---

--- 2026-06-06T19:07:45.560Z debug
[InspectorProxyWorker] SEND TO RUNTIME {"method":"Runtime.getIsolateId","id":100002087}
---

--- 2026-06-06T19:07:45.561Z debug
[InspectorProxyWorker] RUNTIME INCOMING MESSAGE { id: 100002087, result: { id: '1eee3444ae586db1' } }
---

--- 2026-06-06T19:07:55.575Z debug
[InspectorProxyWorker] RUNTIME INCOMING MESSAGE { id: 100002088, result: { id: '1eee3444ae586db1' } }
---

--- 2026-06-06T19:07:55.575Z debug
[InspectorProxyWorker] SEND TO RUNTIME {"method":"Runtime.getIsolateId","id":100002088}
---

--- 2026-06-06T19:08:05.577Z debug
[InspectorProxyWorker] RUNTIME INCOMING MESSAGE { id: 100002089, result: { id: '1eee3444ae586db1' } }
---

--- 2026-06-06T19:08:05.578Z debug
[InspectorProxyWorker] SEND TO RUNTIME {"method":"Runtime.getIsolateId","id":100002089}
---

--- 2026-06-06T19:08:15.593Z debug
[InspectorProxyWorker] SEND TO RUNTIME {"method":"Runtime.getIsolateId","id":100002090}
---

--- 2026-06-06T19:08:15.594Z debug
[InspectorProxyWorker] RUNTIME INCOMING MESSAGE { id: 100002090, result: { id: '1eee3444ae586db1' } }
---

--- 2026-06-06T19:08:25.605Z debug
[InspectorProxyWorker] SEND TO RUNTIME {"method":"Runtime.getIsolateId","id":100002091}
---

--- 2026-06-06T19:08:25.605Z debug
[InspectorProxyWorker] RUNTIME INCOMING MESSAGE { id: 100002091, result: { id: '1eee3444ae586db1' } }
---

--- 2026-06-06T19:08:35.620Z debug
[InspectorProxyWorker] SEND TO RUNTIME {"method":"Runtime.getIsolateId","id":100002092}
---

--- 2026-06-06T19:08:35.620Z debug
[InspectorProxyWorker] RUNTIME INCOMING MESSAGE { id: 100002092, result: { id: '1eee3444ae586db1' } }
---

--- 2026-06-06T19:08:45.623Z debug
[InspectorProxyWorker] RUNTIME INCOMING MESSAGE { id: 100002093, result: { id: '1eee3444ae586db1' } }
---

--- 2026-06-06T19:08:45.624Z debug
[InspectorProxyWorker] SEND TO RUNTIME {"method":"Runtime.getIsolateId","id":100002093}
---

--- 2026-06-06T19:08:55.626Z debug
[InspectorProxyWorker] RUNTIME INCOMING MESSAGE { id: 100002094, result: { id: '1eee3444ae586db1' } }
---

--- 2026-06-06T19:08:55.627Z debug
[InspectorProxyWorker] SEND TO RUNTIME {"method":"Runtime.getIsolateId","id":100002094}
---

--- 2026-06-06T19:09:05.628Z debug
[InspectorProxyWorker] SEND TO RUNTIME {"method":"Runtime.getIsolateId","id":100002095}
---

--- 2026-06-06T19:09:05.629Z debug
[InspectorProxyWorker] RUNTIME INCOMING MESSAGE { id: 100002095, result: { id: '1eee3444ae586db1' } }
---

--- 2026-06-06T19:09:15.643Z debug
[InspectorProxyWorker] RUNTIME INCOMING MESSAGE { id: 100002096, result: { id: '1eee3444ae586db1' } }
---

--- 2026-06-06T19:09:15.644Z debug
[InspectorProxyWorker] SEND TO RUNTIME {"method":"Runtime.getIsolateId","id":100002096}
---

--- 2026-06-06T19:09:25.645Z debug
[InspectorProxyWorker] SEND TO RUNTIME {"method":"Runtime.getIsolateId","id":100002097}
---

--- 2026-06-06T19:09:25.645Z debug
[InspectorProxyWorker] RUNTIME INCOMING MESSAGE { id: 100002097, result: { id: '1eee3444ae586db1' } }
---

--- 2026-06-06T19:09:35.660Z debug
[InspectorProxyWorker] RUNTIME INCOMING MESSAGE { id: 100002098, result: { id: '1eee3444ae586db1' } }
---

--- 2026-06-06T19:09:35.660Z debug
[InspectorProxyWorker] SEND TO RUNTIME {"method":"Runtime.getIsolateId","id":100002098}
---

--- 2026-06-06T19:09:45.661Z debug
[InspectorProxyWorker] SEND TO RUNTIME {"method":"Runtime.getIsolateId","id":100002099}
---

--- 2026-06-06T19:09:45.662Z debug
[InspectorProxyWorker] RUNTIME INCOMING MESSAGE { id: 100002099, result: { id: '1eee3444ae586db1' } }
---

--- 2026-06-06T19:09:55.675Z debug
[InspectorProxyWorker] RUNTIME INCOMING MESSAGE { id: 100002100, result: { id: '1eee3444ae586db1' } }
---

--- 2026-06-06T19:09:55.676Z debug
[InspectorProxyWorker] SEND TO RUNTIME {"method":"Runtime.getIsolateId","id":100002100}
---

--- 2026-06-06T19:10:05.677Z debug
[InspectorProxyWorker] SEND TO RUNTIME {"method":"Runtime.getIsolateId","id":100002101}
---

--- 2026-06-06T19:10:05.678Z debug
[InspectorProxyWorker] RUNTIME INCOMING MESSAGE { id: 100002101, result: { id: '1eee3444ae586db1' } }
---

--- 2026-06-06T19:10:15.678Z debug
[InspectorProxyWorker] RUNTIME INCOMING MESSAGE { id: 100002102, result: { id: '1eee3444ae586db1' } }
---

--- 2026-06-06T19:10:15.679Z debug
[InspectorProxyWorker] SEND TO RUNTIME {"method":"Runtime.getIsolateId","id":100002102}
---

--- 2026-06-06T19:10:25.679Z debug
[InspectorProxyWorker] SEND TO RUNTIME {"method":"Runtime.getIsolateId","id":100002103}
---

--- 2026-06-06T19:10:25.679Z debug
[InspectorProxyWorker] RUNTIME INCOMING MESSAGE { id: 100002103, result: { id: '1eee3444ae586db1' } }
---

--- 2026-06-06T19:10:35.693Z debug
[InspectorProxyWorker] RUNTIME INCOMING MESSAGE { id: 100002104, result: { id: '1eee3444ae586db1' } }
---

--- 2026-06-06T19:10:35.694Z debug
[InspectorProxyWorker] SEND TO RUNTIME {"method":"Runtime.getIsolateId","id":100002104}
---

--- 2026-06-06T19:10:45.696Z debug
[InspectorProxyWorker] SEND TO RUNTIME {"method":"Runtime.getIsolateId","id":100002105}
---

--- 2026-06-06T19:10:45.696Z debug
[InspectorProxyWorker] RUNTIME INCOMING MESSAGE { id: 100002105, result: { id: '1eee3444ae586db1' } }
---

--- 2026-06-06T19:10:55.711Z debug
[InspectorProxyWorker] SEND TO RUNTIME {"method":"Runtime.getIsolateId","id":100002106}
---

--- 2026-06-06T19:10:55.711Z debug
[InspectorProxyWorker] RUNTIME INCOMING MESSAGE { id: 100002106, result: { id: '1eee3444ae586db1' } }
---

--- 2026-06-06T19:11:05.725Z debug
[InspectorProxyWorker] RUNTIME INCOMING MESSAGE { id: 100002107, result: { id: '1eee3444ae586db1' } }
---

--- 2026-06-06T19:11:05.725Z debug
[InspectorProxyWorker] SEND TO RUNTIME {"method":"Runtime.getIsolateId","id":100002107}
---

--- 2026-06-06T19:11:15.728Z debug
[InspectorProxyWorker] SEND TO RUNTIME {"method":"Runtime.getIsolateId","id":100002108}
---

--- 2026-06-06T19:11:15.728Z debug
[InspectorProxyWorker] RUNTIME INCOMING MESSAGE { id: 100002108, result: { id: '1eee3444ae586db1' } }
---

--- 2026-06-06T19:11:25.743Z debug
[InspectorProxyWorker] SEND TO RUNTIME {"method":"Runtime.getIsolateId","id":100002109}
---

--- 2026-06-06T19:11:25.744Z debug
[InspectorProxyWorker] RUNTIME INCOMING MESSAGE { id: 100002109, result: { id: '1eee3444ae586db1' } }
---

--- 2026-06-06T19:11:35.746Z debug
[InspectorProxyWorker] SEND TO RUNTIME {"method":"Runtime.getIsolateId","id":100002110}
---

--- 2026-06-06T19:11:35.747Z debug
[InspectorProxyWorker] RUNTIME INCOMING MESSAGE { id: 100002110, result: { id: '1eee3444ae586db1' } }
---

--- 2026-06-06T19:11:45.760Z debug
[InspectorProxyWorker] RUNTIME INCOMING MESSAGE { id: 100002111, result: { id: '1eee3444ae586db1' } }
---

--- 2026-06-06T19:11:45.760Z debug
[InspectorProxyWorker] SEND TO RUNTIME {"method":"Runtime.getIsolateId","id":100002111}
---

--- 2026-06-06T19:11:55.763Z debug
[InspectorProxyWorker] SEND TO RUNTIME {"method":"Runtime.getIsolateId","id":100002112}
---

--- 2026-06-06T19:11:55.763Z debug
[InspectorProxyWorker] RUNTIME INCOMING MESSAGE { id: 100002112, result: { id: '1eee3444ae586db1' } }
---

--- 2026-06-06T19:12:05.781Z debug
[InspectorProxyWorker] SEND TO RUNTIME {"method":"Runtime.getIsolateId","id":100002113}
---

--- 2026-06-06T19:12:05.781Z debug
[InspectorProxyWorker] RUNTIME INCOMING MESSAGE { id: 100002113, result: { id: '1eee3444ae586db1' } }
---

--- 2026-06-06T19:12:15.776Z debug
[InspectorProxyWorker] RUNTIME INCOMING MESSAGE { id: 100002114, result: { id: '1eee3444ae586db1' } }
---

--- 2026-06-06T19:12:15.776Z debug
[InspectorProxyWorker] SEND TO RUNTIME {"method":"Runtime.getIsolateId","id":100002114}
---

--- 2026-06-06T19:12:25.779Z debug
[InspectorProxyWorker] SEND TO RUNTIME {"method":"Runtime.getIsolateId","id":100002115}
---

--- 2026-06-06T19:12:25.780Z debug
[InspectorProxyWorker] RUNTIME INCOMING MESSAGE { id: 100002115, result: { id: '1eee3444ae586db1' } }
---

--- 2026-06-06T19:12:35.779Z debug
[InspectorProxyWorker] RUNTIME INCOMING MESSAGE { id: 100002116, result: { id: '1eee3444ae586db1' } }
---

--- 2026-06-06T19:12:35.780Z debug
[InspectorProxyWorker] SEND TO RUNTIME {"method":"Runtime.getIsolateId","id":100002116}
---

--- 2026-06-06T19:12:45.793Z debug
[InspectorProxyWorker] SEND TO RUNTIME {"method":"Runtime.getIsolateId","id":100002117}
---

--- 2026-06-06T19:12:45.794Z debug
[InspectorProxyWorker] RUNTIME INCOMING MESSAGE { id: 100002117, result: { id: '1eee3444ae586db1' } }
---

--- 2026-06-06T19:12:55.797Z debug
[InspectorProxyWorker] SEND TO RUNTIME {"method":"Runtime.getIsolateId","id":100002118}
---

--- 2026-06-06T19:12:55.798Z debug
[InspectorProxyWorker] RUNTIME INCOMING MESSAGE { id: 100002118, result: { id: '1eee3444ae586db1' } }
---

--- 2026-06-06T19:13:05.808Z debug
[InspectorProxyWorker] RUNTIME INCOMING MESSAGE { id: 100002119, result: { id: '1eee3444ae586db1' } }
---

--- 2026-06-06T19:13:05.808Z debug
[InspectorProxyWorker] SEND TO RUNTIME {"method":"Runtime.getIsolateId","id":100002119}
---

--- 2026-06-06T19:13:15.822Z debug
[InspectorProxyWorker] SEND TO RUNTIME {"method":"Runtime.getIsolateId","id":100002120}
---

--- 2026-06-06T19:13:15.822Z debug
[InspectorProxyWorker] RUNTIME INCOMING MESSAGE { id: 100002120, result: { id: '1eee3444ae586db1' } }
---

--- 2026-06-06T19:13:25.830Z debug
[InspectorProxyWorker] SEND TO RUNTIME {"method":"Runtime.getIsolateId","id":100002121}
---

--- 2026-06-06T19:13:25.831Z debug
[InspectorProxyWorker] RUNTIME INCOMING MESSAGE { id: 100002121, result: { id: '1eee3444ae586db1' } }
---

--- 2026-06-06T19:13:35.914Z debug
[InspectorProxyWorker] SEND TO RUNTIME {"method":"Runtime.getIsolateId","id":100002122}
---

--- 2026-06-06T19:13:35.915Z debug
[InspectorProxyWorker] RUNTIME INCOMING MESSAGE { id: 100002122, result: { id: '1eee3444ae586db1' } }
---

--- 2026-06-06T19:13:45.847Z debug
[InspectorProxyWorker] SEND TO RUNTIME {"method":"Runtime.getIsolateId","id":100002123}
---

--- 2026-06-06T19:13:45.847Z debug
[InspectorProxyWorker] RUNTIME INCOMING MESSAGE { id: 100002123, result: { id: '1eee3444ae586db1' } }
---

--- 2026-06-06T19:13:55.862Z debug
[InspectorProxyWorker] SEND TO RUNTIME {"method":"Runtime.getIsolateId","id":100002124}
---

--- 2026-06-06T19:13:55.863Z debug
[InspectorProxyWorker] RUNTIME INCOMING MESSAGE { id: 100002124, result: { id: '1eee3444ae586db1' } }
---

--- 2026-06-06T19:14:05.862Z debug
[InspectorProxyWorker] SEND TO RUNTIME {"method":"Runtime.getIsolateId","id":100002125}
---

--- 2026-06-06T19:14:05.863Z debug
[InspectorProxyWorker] RUNTIME INCOMING MESSAGE { id: 100002125, result: { id: '1eee3444ae586db1' } }
---

--- 2026-06-06T19:14:15.864Z debug
[InspectorProxyWorker] SEND TO RUNTIME {"method":"Runtime.getIsolateId","id":100002126}
---

--- 2026-06-06T19:14:15.864Z debug
[InspectorProxyWorker] RUNTIME INCOMING MESSAGE { id: 100002126, result: { id: '1eee3444ae586db1' } }
---

--- 2026-06-06T19:14:25.879Z debug
[InspectorProxyWorker] SEND TO RUNTIME {"method":"Runtime.getIsolateId","id":100002127}
---

--- 2026-06-06T19:14:25.880Z debug
[InspectorProxyWorker] RUNTIME INCOMING MESSAGE { id: 100002127, result: { id: '1eee3444ae586db1' } }
---

--- 2026-06-06T19:14:35.881Z debug
[InspectorProxyWorker] SEND TO RUNTIME {"method":"Runtime.getIsolateId","id":100002128}
---

--- 2026-06-06T19:14:35.882Z debug
[InspectorProxyWorker] RUNTIME INCOMING MESSAGE { id: 100002128, result: { id: '1eee3444ae586db1' } }
---

--- 2026-06-06T19:14:45.895Z debug
[InspectorProxyWorker] SEND TO RUNTIME {"method":"Runtime.getIsolateId","id":100002129}
---

--- 2026-06-06T19:14:45.895Z debug
[InspectorProxyWorker] RUNTIME INCOMING MESSAGE { id: 100002129, result: { id: '1eee3444ae586db1' } }
---

--- 2026-06-06T19:14:55.896Z debug
[InspectorProxyWorker] SEND TO RUNTIME {"method":"Runtime.getIsolateId","id":100002130}
---

--- 2026-06-06T19:14:55.897Z debug
[InspectorProxyWorker] RUNTIME INCOMING MESSAGE { id: 100002130, result: { id: '1eee3444ae586db1' } }
---

--- 2026-06-06T19:15:05.912Z debug
[InspectorProxyWorker] RUNTIME INCOMING MESSAGE { id: 100002131, result: { id: '1eee3444ae586db1' } }
---

--- 2026-06-06T19:15:05.913Z debug
[InspectorProxyWorker] SEND TO RUNTIME {"method":"Runtime.getIsolateId","id":100002131}
---

--- 2026-06-06T19:15:15.917Z debug
[InspectorProxyWorker] SEND TO RUNTIME {"method":"Runtime.getIsolateId","id":100002132}
---

--- 2026-06-06T19:15:15.919Z debug
[InspectorProxyWorker] RUNTIME INCOMING MESSAGE { id: 100002132, result: { id: '1eee3444ae586db1' } }
---

--- 2026-06-06T19:15:25.923Z debug
[InspectorProxyWorker] SEND TO RUNTIME {"method":"Runtime.getIsolateId","id":100002133}
---

--- 2026-06-06T19:15:25.924Z debug
[InspectorProxyWorker] RUNTIME INCOMING MESSAGE { id: 100002133, result: { id: '1eee3444ae586db1' } }
---

--- 2026-06-06T19:15:35.928Z debug
[InspectorProxyWorker] RUNTIME INCOMING MESSAGE { id: 100002134, result: { id: '1eee3444ae586db1' } }
---

--- 2026-06-06T19:15:35.929Z debug
[InspectorProxyWorker] SEND TO RUNTIME {"method":"Runtime.getIsolateId","id":100002134}
---

--- 2026-06-06T19:15:45.943Z debug
[InspectorProxyWorker] RUNTIME INCOMING MESSAGE { id: 100002135, result: { id: '1eee3444ae586db1' } }
---

--- 2026-06-06T19:15:45.944Z debug
[InspectorProxyWorker] SEND TO RUNTIME {"method":"Runtime.getIsolateId","id":100002135}
---

--- 2026-06-06T19:15:55.947Z debug
[InspectorProxyWorker] RUNTIME INCOMING MESSAGE { id: 100002136, result: { id: '1eee3444ae586db1' } }
---

--- 2026-06-06T19:15:55.949Z debug
[InspectorProxyWorker] SEND TO RUNTIME {"method":"Runtime.getIsolateId","id":100002136}
---

--- 2026-06-06T19:16:05.953Z debug
[InspectorProxyWorker] SEND TO RUNTIME {"method":"Runtime.getIsolateId","id":100002137}
---

--- 2026-06-06T19:16:05.953Z debug
[InspectorProxyWorker] RUNTIME INCOMING MESSAGE { id: 100002137, result: { id: '1eee3444ae586db1' } }
---

--- 2026-06-06T19:16:15.961Z debug
[InspectorProxyWorker] SEND TO RUNTIME {"method":"Runtime.getIsolateId","id":100002138}
---

--- 2026-06-06T19:16:15.961Z debug
[InspectorProxyWorker] RUNTIME INCOMING MESSAGE { id: 100002138, result: { id: '1eee3444ae586db1' } }
---

--- 2026-06-06T19:16:25.964Z debug
[InspectorProxyWorker] SEND TO RUNTIME {"method":"Runtime.getIsolateId","id":100002139}
---

--- 2026-06-06T19:16:25.965Z debug
[InspectorProxyWorker] RUNTIME INCOMING MESSAGE { id: 100002139, result: { id: '1eee3444ae586db1' } }
---

--- 2026-06-06T19:16:35.965Z debug
[InspectorProxyWorker] SEND TO RUNTIME {"method":"Runtime.getIsolateId","id":100002140}
---

--- 2026-06-06T19:16:35.966Z debug
[InspectorProxyWorker] RUNTIME INCOMING MESSAGE { id: 100002140, result: { id: '1eee3444ae586db1' } }
---

--- 2026-06-06T19:16:45.983Z debug
[InspectorProxyWorker] SEND TO RUNTIME {"method":"Runtime.getIsolateId","id":100002141}
---

--- 2026-06-06T19:16:45.984Z debug
[InspectorProxyWorker] RUNTIME INCOMING MESSAGE { id: 100002141, result: { id: '1eee3444ae586db1' } }
---

--- 2026-06-06T19:16:55.990Z debug
[InspectorProxyWorker] RUNTIME INCOMING MESSAGE { id: 100002142, result: { id: '1eee3444ae586db1' } }
---

--- 2026-06-06T19:16:55.991Z debug
[InspectorProxyWorker] SEND TO RUNTIME {"method":"Runtime.getIsolateId","id":100002142}
---

--- 2026-06-06T19:17:05.997Z debug
[InspectorProxyWorker] SEND TO RUNTIME {"method":"Runtime.getIsolateId","id":100002143}
---

--- 2026-06-06T19:17:05.998Z debug
[InspectorProxyWorker] RUNTIME INCOMING MESSAGE { id: 100002143, result: { id: '1eee3444ae586db1' } }
---

--- 2026-06-06T19:17:16.002Z debug
[InspectorProxyWorker] SEND TO RUNTIME {"method":"Runtime.getIsolateId","id":100002144}
---

--- 2026-06-06T19:17:16.004Z debug
[InspectorProxyWorker] RUNTIME INCOMING MESSAGE { id: 100002144, result: { id: '1eee3444ae586db1' } }
---

--- 2026-06-06T19:17:26.012Z debug
[InspectorProxyWorker] SEND TO RUNTIME {"method":"Runtime.getIsolateId","id":100002145}
---

--- 2026-06-06T19:17:26.012Z debug
[InspectorProxyWorker] RUNTIME INCOMING MESSAGE { id: 100002145, result: { id: '1eee3444ae586db1' } }
---

--- 2026-06-06T19:17:36.015Z debug
[InspectorProxyWorker] SEND TO RUNTIME {"method":"Runtime.getIsolateId","id":100002146}
---

--- 2026-06-06T19:17:36.015Z debug
[InspectorProxyWorker] RUNTIME INCOMING MESSAGE { id: 100002146, result: { id: '1eee3444ae586db1' } }
---

--- 2026-06-06T19:17:46.020Z debug
[InspectorProxyWorker] SEND TO RUNTIME {"method":"Runtime.getIsolateId","id":100002147}
---

--- 2026-06-06T19:17:46.021Z debug
[InspectorProxyWorker] RUNTIME INCOMING MESSAGE { id: 100002147, result: { id: '1eee3444ae586db1' } }
---

--- 2026-06-06T19:17:56.032Z debug
[InspectorProxyWorker] SEND TO RUNTIME {"method":"Runtime.getIsolateId","id":100002148}
---

--- 2026-06-06T19:17:56.033Z debug
[InspectorProxyWorker] RUNTIME INCOMING MESSAGE { id: 100002148, result: { id: '1eee3444ae586db1' } }
---

--- 2026-06-06T19:18:06.047Z debug
[InspectorProxyWorker] RUNTIME INCOMING MESSAGE { id: 100002149, result: { id: '1eee3444ae586db1' } }
---

--- 2026-06-06T19:18:06.047Z debug
[InspectorProxyWorker] SEND TO RUNTIME {"method":"Runtime.getIsolateId","id":100002149}
---

--- 2026-06-06T19:18:16.056Z debug
[InspectorProxyWorker] SEND TO RUNTIME {"method":"Runtime.getIsolateId","id":100002150}
---

--- 2026-06-06T19:18:16.056Z debug
[InspectorProxyWorker] RUNTIME INCOMING MESSAGE { id: 100002150, result: { id: '1eee3444ae586db1' } }
---

--- 2026-06-06T19:18:26.064Z debug
[InspectorProxyWorker] SEND TO RUNTIME {"method":"Runtime.getIsolateId","id":100002151}
---

--- 2026-06-06T19:18:26.064Z debug
[InspectorProxyWorker] RUNTIME INCOMING MESSAGE { id: 100002151, result: { id: '1eee3444ae586db1' } }
---

--- 2026-06-06T19:18:36.078Z debug
[InspectorProxyWorker] SEND TO RUNTIME {"method":"Runtime.getIsolateId","id":100002152}
---

--- 2026-06-06T19:18:36.078Z debug
[InspectorProxyWorker] RUNTIME INCOMING MESSAGE { id: 100002152, result: { id: '1eee3444ae586db1' } }
---

--- 2026-06-06T19:18:46.082Z debug
[InspectorProxyWorker] SEND TO RUNTIME {"method":"Runtime.getIsolateId","id":100002153}
---

--- 2026-06-06T19:18:46.082Z debug
[InspectorProxyWorker] RUNTIME INCOMING MESSAGE { id: 100002153, result: { id: '1eee3444ae586db1' } }
---

--- 2026-06-06T19:18:56.083Z debug
[InspectorProxyWorker] RUNTIME INCOMING MESSAGE { id: 100002154, result: { id: '1eee3444ae586db1' } }
---

--- 2026-06-06T19:18:56.083Z debug
[InspectorProxyWorker] SEND TO RUNTIME {"method":"Runtime.getIsolateId","id":100002154}
---

--- 2026-06-06T19:19:06.102Z debug
[InspectorProxyWorker] SEND TO RUNTIME {"method":"Runtime.getIsolateId","id":100002155}
---

--- 2026-06-06T19:19:06.104Z debug
[InspectorProxyWorker] RUNTIME INCOMING MESSAGE { id: 100002155, result: { id: '1eee3444ae586db1' } }
---

--- 2026-06-06T19:19:16.112Z debug
[InspectorProxyWorker] SEND TO RUNTIME {"method":"Runtime.getIsolateId","id":100002156}
---

--- 2026-06-06T19:19:16.113Z debug
[InspectorProxyWorker] RUNTIME INCOMING MESSAGE { id: 100002156, result: { id: '1eee3444ae586db1' } }
---

--- 2026-06-06T19:19:26.118Z debug
[InspectorProxyWorker] SEND TO RUNTIME {"method":"Runtime.getIsolateId","id":100002157}
---

--- 2026-06-06T19:19:26.119Z debug
[InspectorProxyWorker] RUNTIME INCOMING MESSAGE { id: 100002157, result: { id: '1eee3444ae586db1' } }
---

--- 2026-06-06T19:19:36.117Z debug
[InspectorProxyWorker] SEND TO RUNTIME {"method":"Runtime.getIsolateId","id":100002158}
---

--- 2026-06-06T19:19:36.117Z debug
[InspectorProxyWorker] RUNTIME INCOMING MESSAGE { id: 100002158, result: { id: '1eee3444ae586db1' } }
---

--- 2026-06-06T19:19:46.130Z debug
[InspectorProxyWorker] SEND TO RUNTIME {"method":"Runtime.getIsolateId","id":100002159}
---

--- 2026-06-06T19:19:46.131Z debug
[InspectorProxyWorker] RUNTIME INCOMING MESSAGE { id: 100002159, result: { id: '1eee3444ae586db1' } }
---

--- 2026-06-06T19:19:56.133Z debug
[InspectorProxyWorker] RUNTIME INCOMING MESSAGE { id: 100002160, result: { id: '1eee3444ae586db1' } }
---

--- 2026-06-06T19:19:56.134Z debug
[InspectorProxyWorker] SEND TO RUNTIME {"method":"Runtime.getIsolateId","id":100002160}
---

--- 2026-06-06T19:20:06.150Z debug
[InspectorProxyWorker] RUNTIME INCOMING MESSAGE { id: 100002161, result: { id: '1eee3444ae586db1' } }
---

--- 2026-06-06T19:20:06.150Z debug
[InspectorProxyWorker] SEND TO RUNTIME {"method":"Runtime.getIsolateId","id":100002161}
---

--- 2026-06-06T19:20:16.164Z debug
[InspectorProxyWorker] SEND TO RUNTIME {"method":"Runtime.getIsolateId","id":100002162}
---

--- 2026-06-06T19:20:16.165Z debug
[InspectorProxyWorker] RUNTIME INCOMING MESSAGE { id: 100002162, result: { id: '1eee3444ae586db1' } }
---

--- 2026-06-06T19:20:26.166Z debug
[InspectorProxyWorker] RUNTIME INCOMING MESSAGE { id: 100002163, result: { id: '1eee3444ae586db1' } }
---

--- 2026-06-06T19:20:26.166Z debug
[InspectorProxyWorker] SEND TO RUNTIME {"method":"Runtime.getIsolateId","id":100002163}
---

--- 2026-06-06T19:20:36.176Z debug
[InspectorProxyWorker] SEND TO RUNTIME {"method":"Runtime.getIsolateId","id":100002164}
---

--- 2026-06-06T19:20:36.177Z debug
[InspectorProxyWorker] RUNTIME INCOMING MESSAGE { id: 100002164, result: { id: '1eee3444ae586db1' } }
---

--- 2026-06-06T19:20:46.186Z debug
[InspectorProxyWorker] SEND TO RUNTIME {"method":"Runtime.getIsolateId","id":100002165}
---

--- 2026-06-06T19:20:46.188Z debug
[InspectorProxyWorker] RUNTIME INCOMING MESSAGE { id: 100002165, result: { id: '1eee3444ae586db1' } }
---

--- 2026-06-06T19:20:56.196Z debug
[InspectorProxyWorker] RUNTIME INCOMING MESSAGE { id: 100002166, result: { id: '1eee3444ae586db1' } }
---

--- 2026-06-06T19:20:56.196Z debug
[InspectorProxyWorker] SEND TO RUNTIME {"method":"Runtime.getIsolateId","id":100002166}
---

--- 2026-06-06T19:21:06.205Z debug
[InspectorProxyWorker] RUNTIME INCOMING MESSAGE { id: 100002167, result: { id: '1eee3444ae586db1' } }
---

--- 2026-06-06T19:21:06.206Z debug
[InspectorProxyWorker] SEND TO RUNTIME {"method":"Runtime.getIsolateId","id":100002167}
---

--- 2026-06-06T19:21:16.214Z debug
[InspectorProxyWorker] SEND TO RUNTIME {"method":"Runtime.getIsolateId","id":100002168}
---

--- 2026-06-06T19:21:16.214Z debug
[InspectorProxyWorker] RUNTIME INCOMING MESSAGE { id: 100002168, result: { id: '1eee3444ae586db1' } }
---

--- 2026-06-06T19:21:26.216Z debug
[InspectorProxyWorker] SEND TO RUNTIME {"method":"Runtime.getIsolateId","id":100002169}
---

--- 2026-06-06T19:21:26.217Z debug
[InspectorProxyWorker] RUNTIME INCOMING MESSAGE { id: 100002169, result: { id: '1eee3444ae586db1' } }
---

--- 2026-06-06T19:21:36.231Z debug
[InspectorProxyWorker] SEND TO RUNTIME {"method":"Runtime.getIsolateId","id":100002170}
---

--- 2026-06-06T19:21:36.231Z debug
[InspectorProxyWorker] RUNTIME INCOMING MESSAGE { id: 100002170, result: { id: '1eee3444ae586db1' } }
---

--- 2026-06-06T19:21:46.246Z debug
[InspectorProxyWorker] SEND TO RUNTIME {"method":"Runtime.getIsolateId","id":100002171}
---

--- 2026-06-06T19:21:46.246Z debug
[InspectorProxyWorker] RUNTIME INCOMING MESSAGE { id: 100002171, result: { id: '1eee3444ae586db1' } }
---

--- 2026-06-06T19:21:56.249Z debug
[InspectorProxyWorker] SEND TO RUNTIME {"method":"Runtime.getIsolateId","id":100002172}
---

--- 2026-06-06T19:21:56.250Z debug
[InspectorProxyWorker] RUNTIME INCOMING MESSAGE { id: 100002172, result: { id: '1eee3444ae586db1' } }
---

--- 2026-06-06T19:22:06.253Z debug
[InspectorProxyWorker] SEND TO RUNTIME {"method":"Runtime.getIsolateId","id":100002173}
---

--- 2026-06-06T19:22:06.253Z debug
[InspectorProxyWorker] RUNTIME INCOMING MESSAGE { id: 100002173, result: { id: '1eee3444ae586db1' } }
---

--- 2026-06-06T19:22:16.268Z debug
[InspectorProxyWorker] SEND TO RUNTIME {"method":"Runtime.getIsolateId","id":100002174}
---

--- 2026-06-06T19:22:16.269Z debug
[InspectorProxyWorker] RUNTIME INCOMING MESSAGE { id: 100002174, result: { id: '1eee3444ae586db1' } }
---

--- 2026-06-06T19:22:26.282Z debug
[InspectorProxyWorker] SEND TO RUNTIME {"method":"Runtime.getIsolateId","id":100002175}
---

--- 2026-06-06T19:22:26.282Z debug
[InspectorProxyWorker] RUNTIME INCOMING MESSAGE { id: 100002175, result: { id: '1eee3444ae586db1' } }
---

--- 2026-06-06T19:22:36.298Z debug
[InspectorProxyWorker] SEND TO RUNTIME {"method":"Runtime.getIsolateId","id":100002176}
---

--- 2026-06-06T19:22:36.298Z debug
[InspectorProxyWorker] RUNTIME INCOMING MESSAGE { id: 100002176, result: { id: '1eee3444ae586db1' } }
---

--- 2026-06-06T19:22:46.301Z debug
[InspectorProxyWorker] RUNTIME INCOMING MESSAGE { id: 100002177, result: { id: '1eee3444ae586db1' } }
---

--- 2026-06-06T19:22:46.301Z debug
[InspectorProxyWorker] SEND TO RUNTIME {"method":"Runtime.getIsolateId","id":100002177}
---

--- 2026-06-06T19:22:56.324Z debug
[InspectorProxyWorker] SEND TO RUNTIME {"method":"Runtime.getIsolateId","id":100002178}
---

--- 2026-06-06T19:22:56.325Z debug
[InspectorProxyWorker] RUNTIME INCOMING MESSAGE { id: 100002178, result: { id: '1eee3444ae586db1' } }
---

--- 2026-06-06T19:23:06.334Z debug
[InspectorProxyWorker] SEND TO RUNTIME {"method":"Runtime.getIsolateId","id":100002179}
---

--- 2026-06-06T19:23:06.336Z debug
[InspectorProxyWorker] RUNTIME INCOMING MESSAGE { id: 100002179, result: { id: '1eee3444ae586db1' } }
---

--- 2026-06-06T19:23:16.339Z debug
[InspectorProxyWorker] SEND TO RUNTIME {"method":"Runtime.getIsolateId","id":100002180}
---

--- 2026-06-06T19:23:16.341Z debug
[InspectorProxyWorker] RUNTIME INCOMING MESSAGE { id: 100002180, result: { id: '1eee3444ae586db1' } }
---

--- 2026-06-06T19:23:26.351Z debug
[InspectorProxyWorker] RUNTIME INCOMING MESSAGE { id: 100002181, result: { id: '1eee3444ae586db1' } }
---

--- 2026-06-06T19:23:26.351Z debug
[InspectorProxyWorker] SEND TO RUNTIME {"method":"Runtime.getIsolateId","id":100002181}
---

--- 2026-06-06T19:23:36.356Z debug
[InspectorProxyWorker] SEND TO RUNTIME {"method":"Runtime.getIsolateId","id":100002182}
---

--- 2026-06-06T19:23:36.358Z debug
[InspectorProxyWorker] RUNTIME INCOMING MESSAGE { id: 100002182, result: { id: '1eee3444ae586db1' } }
---

--- 2026-06-06T19:23:46.358Z debug
[InspectorProxyWorker] RUNTIME INCOMING MESSAGE { id: 100002183, result: { id: '1eee3444ae586db1' } }
---

--- 2026-06-06T19:23:46.358Z debug
[InspectorProxyWorker] SEND TO RUNTIME {"method":"Runtime.getIsolateId","id":100002183}
---

--- 2026-06-06T19:23:56.368Z debug
[InspectorProxyWorker] RUNTIME INCOMING MESSAGE { id: 100002184, result: { id: '1eee3444ae586db1' } }
---

--- 2026-06-06T19:23:56.368Z debug
[InspectorProxyWorker] SEND TO RUNTIME {"method":"Runtime.getIsolateId","id":100002184}
---

--- 2026-06-06T19:24:06.373Z debug
[InspectorProxyWorker] SEND TO RUNTIME {"method":"Runtime.getIsolateId","id":100002185}
---

--- 2026-06-06T19:24:06.375Z debug
[InspectorProxyWorker] RUNTIME INCOMING MESSAGE { id: 100002185, result: { id: '1eee3444ae586db1' } }
---

--- 2026-06-06T19:24:16.379Z debug
[InspectorProxyWorker] SEND TO RUNTIME {"method":"Runtime.getIsolateId","id":100002186}
---

--- 2026-06-06T19:24:16.381Z debug
[InspectorProxyWorker] RUNTIME INCOMING MESSAGE { id: 100002186, result: { id: '1eee3444ae586db1' } }
---

--- 2026-06-06T19:24:26.384Z debug
[InspectorProxyWorker] RUNTIME INCOMING MESSAGE { id: 100002187, result: { id: '1eee3444ae586db1' } }
---

--- 2026-06-06T19:24:26.385Z debug
[InspectorProxyWorker] SEND TO RUNTIME {"method":"Runtime.getIsolateId","id":100002187}
---

--- 2026-06-06T19:24:36.390Z debug
[InspectorProxyWorker] SEND TO RUNTIME {"method":"Runtime.getIsolateId","id":100002188}
---

--- 2026-06-06T19:24:36.392Z debug
[InspectorProxyWorker] RUNTIME INCOMING MESSAGE { id: 100002188, result: { id: '1eee3444ae586db1' } }
---

--- 2026-06-06T19:24:46.389Z debug
[InspectorProxyWorker] RUNTIME INCOMING MESSAGE { id: 100002189, result: { id: '1eee3444ae586db1' } }
---

--- 2026-06-06T19:24:46.389Z debug
[InspectorProxyWorker] SEND TO RUNTIME {"method":"Runtime.getIsolateId","id":100002189}
---

--- 2026-06-06T19:24:56.399Z debug
[InspectorProxyWorker] RUNTIME INCOMING MESSAGE { id: 100002190, result: { id: '1eee3444ae586db1' } }
---

--- 2026-06-06T19:24:56.399Z debug
[InspectorProxyWorker] SEND TO RUNTIME {"method":"Runtime.getIsolateId","id":100002190}
---

--- 2026-06-06T19:25:06.400Z debug
[InspectorProxyWorker] RUNTIME INCOMING MESSAGE { id: 100002191, result: { id: '1eee3444ae586db1' } }
---

--- 2026-06-06T19:25:06.400Z debug
[InspectorProxyWorker] SEND TO RUNTIME {"method":"Runtime.getIsolateId","id":100002191}
---

--- 2026-06-06T19:25:16.403Z debug
[InspectorProxyWorker] SEND TO RUNTIME {"method":"Runtime.getIsolateId","id":100002192}
---

--- 2026-06-06T19:25:16.404Z debug
[InspectorProxyWorker] RUNTIME INCOMING MESSAGE { id: 100002192, result: { id: '1eee3444ae586db1' } }
---

--- 2026-06-06T19:25:26.407Z debug
[InspectorProxyWorker] SEND TO RUNTIME {"method":"Runtime.getIsolateId","id":100002193}
---

--- 2026-06-06T19:25:26.409Z debug
[InspectorProxyWorker] RUNTIME INCOMING MESSAGE { id: 100002193, result: { id: '1eee3444ae586db1' } }
---

--- 2026-06-06T19:25:36.407Z debug
[InspectorProxyWorker] SEND TO RUNTIME {"method":"Runtime.getIsolateId","id":100002194}
---

--- 2026-06-06T19:25:36.409Z debug
[InspectorProxyWorker] RUNTIME INCOMING MESSAGE { id: 100002194, result: { id: '1eee3444ae586db1' } }
---

--- 2026-06-06T19:25:46.419Z debug
[InspectorProxyWorker] SEND TO RUNTIME {"method":"Runtime.getIsolateId","id":100002195}
---

--- 2026-06-06T19:25:46.419Z debug
[InspectorProxyWorker] RUNTIME INCOMING MESSAGE { id: 100002195, result: { id: '1eee3444ae586db1' } }
---

--- 2026-06-06T19:25:56.425Z debug
[InspectorProxyWorker] SEND TO RUNTIME {"method":"Runtime.getIsolateId","id":100002196}
---

--- 2026-06-06T19:25:56.425Z debug
[InspectorProxyWorker] RUNTIME INCOMING MESSAGE { id: 100002196, result: { id: '1eee3444ae586db1' } }
---

--- 2026-06-06T19:26:06.427Z debug
[InspectorProxyWorker] SEND TO RUNTIME {"method":"Runtime.getIsolateId","id":100002197}
---

--- 2026-06-06T19:26:06.428Z debug
[InspectorProxyWorker] RUNTIME INCOMING MESSAGE { id: 100002197, result: { id: '1eee3444ae586db1' } }
---

--- 2026-06-06T19:26:16.435Z debug
[InspectorProxyWorker] SEND TO RUNTIME {"method":"Runtime.getIsolateId","id":100002198}
---

--- 2026-06-06T19:26:16.436Z debug
[InspectorProxyWorker] RUNTIME INCOMING MESSAGE { id: 100002198, result: { id: '1eee3444ae586db1' } }
---

--- 2026-06-06T19:26:26.437Z debug
[InspectorProxyWorker] SEND TO RUNTIME {"method":"Runtime.getIsolateId","id":100002199}
---

--- 2026-06-06T19:26:26.438Z debug
[InspectorProxyWorker] RUNTIME INCOMING MESSAGE { id: 100002199, result: { id: '1eee3444ae586db1' } }
---

--- 2026-06-06T19:26:36.438Z debug
[InspectorProxyWorker] RUNTIME INCOMING MESSAGE { id: 100002200, result: { id: '1eee3444ae586db1' } }
---

--- 2026-06-06T19:26:36.438Z debug
[InspectorProxyWorker] SEND TO RUNTIME {"method":"Runtime.getIsolateId","id":100002200}
---

--- 2026-06-06T19:26:46.440Z debug
[InspectorProxyWorker] SEND TO RUNTIME {"method":"Runtime.getIsolateId","id":100002201}
---

--- 2026-06-06T19:26:46.441Z debug
[InspectorProxyWorker] RUNTIME INCOMING MESSAGE { id: 100002201, result: { id: '1eee3444ae586db1' } }
---

--- 2026-06-06T19:26:56.443Z debug
[InspectorProxyWorker] SEND TO RUNTIME {"method":"Runtime.getIsolateId","id":100002202}
---

--- 2026-06-06T19:26:56.444Z debug
[InspectorProxyWorker] RUNTIME INCOMING MESSAGE { id: 100002202, result: { id: '1eee3444ae586db1' } }
---

--- 2026-06-06T19:27:06.453Z debug
[InspectorProxyWorker] RUNTIME INCOMING MESSAGE { id: 100002203, result: { id: '1eee3444ae586db1' } }
---

--- 2026-06-06T19:27:06.454Z debug
[InspectorProxyWorker] SEND TO RUNTIME {"method":"Runtime.getIsolateId","id":100002203}
---

--- 2026-06-06T19:27:16.460Z debug
[InspectorProxyWorker] RUNTIME INCOMING MESSAGE { id: 100002204, result: { id: '1eee3444ae586db1' } }
---

--- 2026-06-06T19:27:16.461Z debug
[InspectorProxyWorker] SEND TO RUNTIME {"method":"Runtime.getIsolateId","id":100002204}
---

--- 2026-06-06T19:27:26.475Z debug
[InspectorProxyWorker] SEND TO RUNTIME {"method":"Runtime.getIsolateId","id":100002205}
---

--- 2026-06-06T19:27:26.477Z debug
[InspectorProxyWorker] RUNTIME INCOMING MESSAGE { id: 100002205, result: { id: '1eee3444ae586db1' } }
---

--- 2026-06-06T19:27:36.486Z debug
[InspectorProxyWorker] RUNTIME INCOMING MESSAGE { id: 100002206, result: { id: '1eee3444ae586db1' } }
---

--- 2026-06-06T19:27:36.487Z debug
[InspectorProxyWorker] SEND TO RUNTIME {"method":"Runtime.getIsolateId","id":100002206}
---

--- 2026-06-06T19:27:46.499Z debug
[InspectorProxyWorker] SEND TO RUNTIME {"method":"Runtime.getIsolateId","id":100002207}
---

--- 2026-06-06T19:27:46.501Z debug
[InspectorProxyWorker] RUNTIME INCOMING MESSAGE { id: 100002207, result: { id: '1eee3444ae586db1' } }
---

--- 2026-06-06T19:27:56.507Z debug
[InspectorProxyWorker] SEND TO RUNTIME {"method":"Runtime.getIsolateId","id":100002208}
---

--- 2026-06-06T19:27:56.509Z debug
[InspectorProxyWorker] RUNTIME INCOMING MESSAGE { id: 100002208, result: { id: '1eee3444ae586db1' } }
---

--- 2026-06-06T19:28:06.521Z debug
[InspectorProxyWorker] SEND TO RUNTIME {"method":"Runtime.getIsolateId","id":100002209}
---

--- 2026-06-06T19:28:06.521Z debug
[InspectorProxyWorker] RUNTIME INCOMING MESSAGE { id: 100002209, result: { id: '1eee3444ae586db1' } }
---

--- 2026-06-06T19:28:16.533Z debug
[InspectorProxyWorker] SEND TO RUNTIME {"method":"Runtime.getIsolateId","id":100002210}
---

--- 2026-06-06T19:28:16.533Z debug
[InspectorProxyWorker] RUNTIME INCOMING MESSAGE { id: 100002210, result: { id: '1eee3444ae586db1' } }
---

--- 2026-06-06T19:28:26.542Z debug
[InspectorProxyWorker] SEND TO RUNTIME {"method":"Runtime.getIsolateId","id":100002211}
---

--- 2026-06-06T19:28:26.544Z debug
[InspectorProxyWorker] RUNTIME INCOMING MESSAGE { id: 100002211, result: { id: '1eee3444ae586db1' } }
---

--- 2026-06-06T19:28:36.538Z debug
[InspectorProxyWorker] SEND TO RUNTIME {"method":"Runtime.getIsolateId","id":100002212}
---

--- 2026-06-06T19:28:36.539Z debug
[InspectorProxyWorker] RUNTIME INCOMING MESSAGE { id: 100002212, result: { id: '1eee3444ae586db1' } }
---

--- 2026-06-06T19:28:46.550Z debug
[InspectorProxyWorker] SEND TO RUNTIME {"method":"Runtime.getIsolateId","id":100002213}
---

--- 2026-06-06T19:28:46.551Z debug
[InspectorProxyWorker] RUNTIME INCOMING MESSAGE { id: 100002213, result: { id: '1eee3444ae586db1' } }
---

--- 2026-06-06T19:28:56.558Z debug
[InspectorProxyWorker] SEND TO RUNTIME {"method":"Runtime.getIsolateId","id":100002214}
---

--- 2026-06-06T19:28:56.560Z debug
[InspectorProxyWorker] RUNTIME INCOMING MESSAGE { id: 100002214, result: { id: '1eee3444ae586db1' } }
---

--- 2026-06-06T19:29:06.554Z debug
[InspectorProxyWorker] SEND TO RUNTIME {"method":"Runtime.getIsolateId","id":100002215}
---

--- 2026-06-06T19:29:06.555Z debug
[InspectorProxyWorker] RUNTIME INCOMING MESSAGE { id: 100002215, result: { id: '1eee3444ae586db1' } }
---

--- 2026-06-06T19:29:16.570Z debug
[InspectorProxyWorker] SEND TO RUNTIME {"method":"Runtime.getIsolateId","id":100002216}
---

--- 2026-06-06T19:29:16.570Z debug
[InspectorProxyWorker] RUNTIME INCOMING MESSAGE { id: 100002216, result: { id: '1eee3444ae586db1' } }
---

--- 2026-06-06T19:29:26.576Z debug
[InspectorProxyWorker] SEND TO RUNTIME {"method":"Runtime.getIsolateId","id":100002217}
---

--- 2026-06-06T19:29:26.577Z debug
[InspectorProxyWorker] RUNTIME INCOMING MESSAGE { id: 100002217, result: { id: '1eee3444ae586db1' } }
---

--- 2026-06-06T19:29:36.589Z debug
[InspectorProxyWorker] SEND TO RUNTIME {"method":"Runtime.getIsolateId","id":100002218}
---

--- 2026-06-06T19:29:36.589Z debug
[InspectorProxyWorker] RUNTIME INCOMING MESSAGE { id: 100002218, result: { id: '1eee3444ae586db1' } }
---

--- 2026-06-06T19:29:46.589Z debug
[InspectorProxyWorker] SEND TO RUNTIME {"method":"Runtime.getIsolateId","id":100002219}
---

--- 2026-06-06T19:29:46.589Z debug
[InspectorProxyWorker] RUNTIME INCOMING MESSAGE { id: 100002219, result: { id: '1eee3444ae586db1' } }
---

--- 2026-06-06T19:29:56.593Z debug
[InspectorProxyWorker] SEND TO RUNTIME {"method":"Runtime.getIsolateId","id":100002220}
---

--- 2026-06-06T19:29:56.595Z debug
[InspectorProxyWorker] RUNTIME INCOMING MESSAGE { id: 100002220, result: { id: '1eee3444ae586db1' } }
---

--- 2026-06-06T19:30:06.609Z debug
[InspectorProxyWorker] SEND TO RUNTIME {"method":"Runtime.getIsolateId","id":100002221}
---

--- 2026-06-06T19:30:06.610Z debug
[InspectorProxyWorker] RUNTIME INCOMING MESSAGE { id: 100002221, result: { id: '1eee3444ae586db1' } }
---

--- 2026-06-06T19:30:16.606Z debug
[InspectorProxyWorker] RUNTIME INCOMING MESSAGE { id: 100002222, result: { id: '1eee3444ae586db1' } }
---

--- 2026-06-06T19:30:16.607Z debug
[InspectorProxyWorker] SEND TO RUNTIME {"method":"Runtime.getIsolateId","id":100002222}
---

--- 2026-06-06T19:30:26.622Z debug
[InspectorProxyWorker] SEND TO RUNTIME {"method":"Runtime.getIsolateId","id":100002223}
---

--- 2026-06-06T19:30:26.622Z debug
[InspectorProxyWorker] RUNTIME INCOMING MESSAGE { id: 100002223, result: { id: '1eee3444ae586db1' } }
---

--- 2026-06-06T19:30:36.622Z debug
[InspectorProxyWorker] RUNTIME INCOMING MESSAGE { id: 100002224, result: { id: '1eee3444ae586db1' } }
---

--- 2026-06-06T19:30:36.622Z debug
[InspectorProxyWorker] SEND TO RUNTIME {"method":"Runtime.getIsolateId","id":100002224}
---

--- 2026-06-06T19:30:46.627Z debug
[InspectorProxyWorker] RUNTIME INCOMING MESSAGE { id: 100002225, result: { id: '1eee3444ae586db1' } }
---

--- 2026-06-06T19:30:46.627Z debug
[InspectorProxyWorker] SEND TO RUNTIME {"method":"Runtime.getIsolateId","id":100002225}
---

--- 2026-06-06T19:30:56.641Z debug
[InspectorProxyWorker] SEND TO RUNTIME {"method":"Runtime.getIsolateId","id":100002226}
---

--- 2026-06-06T19:30:56.643Z debug
[InspectorProxyWorker] RUNTIME INCOMING MESSAGE { id: 100002226, result: { id: '1eee3444ae586db1' } }
---

--- 2026-06-06T19:31:06.642Z debug
[InspectorProxyWorker] SEND TO RUNTIME {"method":"Runtime.getIsolateId","id":100002227}
---

--- 2026-06-06T19:31:06.643Z debug
[InspectorProxyWorker] RUNTIME INCOMING MESSAGE { id: 100002227, result: { id: '1eee3444ae586db1' } }
---

--- 2026-06-06T19:31:16.652Z debug
[InspectorProxyWorker] SEND TO RUNTIME {"method":"Runtime.getIsolateId","id":100002228}
---

--- 2026-06-06T19:31:16.652Z debug
[InspectorProxyWorker] RUNTIME INCOMING MESSAGE { id: 100002228, result: { id: '1eee3444ae586db1' } }
---

--- 2026-06-06T19:31:26.655Z debug
[InspectorProxyWorker] SEND TO RUNTIME {"method":"Runtime.getIsolateId","id":100002229}
---

--- 2026-06-06T19:31:26.656Z debug
[InspectorProxyWorker] RUNTIME INCOMING MESSAGE { id: 100002229, result: { id: '1eee3444ae586db1' } }
---

--- 2026-06-06T19:31:36.660Z debug
[InspectorProxyWorker] SEND TO RUNTIME {"method":"Runtime.getIsolateId","id":100002230}
---

--- 2026-06-06T19:31:36.661Z debug
[InspectorProxyWorker] RUNTIME INCOMING MESSAGE { id: 100002230, result: { id: '1eee3444ae586db1' } }
---

--- 2026-06-06T19:31:46.670Z debug
[InspectorProxyWorker] RUNTIME INCOMING MESSAGE { id: 100002231, result: { id: '1eee3444ae586db1' } }
---

--- 2026-06-06T19:31:46.670Z debug
[InspectorProxyWorker] SEND TO RUNTIME {"method":"Runtime.getIsolateId","id":100002231}
---

--- 2026-06-06T19:31:56.676Z debug
[InspectorProxyWorker] SEND TO RUNTIME {"method":"Runtime.getIsolateId","id":100002232}
---

--- 2026-06-06T19:31:56.676Z debug
[InspectorProxyWorker] RUNTIME INCOMING MESSAGE { id: 100002232, result: { id: '1eee3444ae586db1' } }
---

--- 2026-06-06T19:32:06.677Z debug
[InspectorProxyWorker] SEND TO RUNTIME {"method":"Runtime.getIsolateId","id":100002233}
---

--- 2026-06-06T19:32:06.677Z debug
[InspectorProxyWorker] RUNTIME INCOMING MESSAGE { id: 100002233, result: { id: '1eee3444ae586db1' } }
---

--- 2026-06-06T19:32:16.690Z debug
[InspectorProxyWorker] SEND TO RUNTIME {"method":"Runtime.getIsolateId","id":100002234}
---

--- 2026-06-06T19:32:16.691Z debug
[InspectorProxyWorker] RUNTIME INCOMING MESSAGE { id: 100002234, result: { id: '1eee3444ae586db1' } }
---

--- 2026-06-06T19:32:26.691Z debug
[InspectorProxyWorker] RUNTIME INCOMING MESSAGE { id: 100002235, result: { id: '1eee3444ae586db1' } }
---

--- 2026-06-06T19:32:26.692Z debug
[InspectorProxyWorker] SEND TO RUNTIME {"method":"Runtime.getIsolateId","id":100002235}
---

--- 2026-06-06T19:32:36.692Z debug
[InspectorProxyWorker] RUNTIME INCOMING MESSAGE { id: 100002236, result: { id: '1eee3444ae586db1' } }
---

--- 2026-06-06T19:32:36.692Z debug
[InspectorProxyWorker] SEND TO RUNTIME {"method":"Runtime.getIsolateId","id":100002236}
---

--- 2026-06-06T19:32:46.704Z debug
[InspectorProxyWorker] SEND TO RUNTIME {"method":"Runtime.getIsolateId","id":100002237}
---

--- 2026-06-06T19:32:46.706Z debug
[InspectorProxyWorker] RUNTIME INCOMING MESSAGE { id: 100002237, result: { id: '1eee3444ae586db1' } }
---

--- 2026-06-06T19:32:56.709Z debug
[InspectorProxyWorker] RUNTIME INCOMING MESSAGE { id: 100002238, result: { id: '1eee3444ae586db1' } }
---

--- 2026-06-06T19:32:56.709Z debug
[InspectorProxyWorker] SEND TO RUNTIME {"method":"Runtime.getIsolateId","id":100002238}
---

--- 2026-06-06T19:33:06.723Z debug
[InspectorProxyWorker] SEND TO RUNTIME {"method":"Runtime.getIsolateId","id":100002239}
---

--- 2026-06-06T19:33:06.725Z debug
[InspectorProxyWorker] RUNTIME INCOMING MESSAGE { id: 100002239, result: { id: '1eee3444ae586db1' } }
---

--- 2026-06-06T19:33:16.723Z debug
[InspectorProxyWorker] SEND TO RUNTIME {"method":"Runtime.getIsolateId","id":100002240}
---

--- 2026-06-06T19:33:16.724Z debug
[InspectorProxyWorker] RUNTIME INCOMING MESSAGE { id: 100002240, result: { id: '1eee3444ae586db1' } }
---

--- 2026-06-06T19:33:26.725Z debug
[InspectorProxyWorker] SEND TO RUNTIME {"method":"Runtime.getIsolateId","id":100002241}
---

--- 2026-06-06T19:33:26.725Z debug
[InspectorProxyWorker] RUNTIME INCOMING MESSAGE { id: 100002241, result: { id: '1eee3444ae586db1' } }
---

--- 2026-06-06T19:33:36.726Z debug
[InspectorProxyWorker] RUNTIME INCOMING MESSAGE { id: 100002242, result: { id: '1eee3444ae586db1' } }
---

--- 2026-06-06T19:33:36.726Z debug
[InspectorProxyWorker] SEND TO RUNTIME {"method":"Runtime.getIsolateId","id":100002242}
---

--- 2026-06-06T19:33:46.742Z debug
[InspectorProxyWorker] SEND TO RUNTIME {"method":"Runtime.getIsolateId","id":100002243}
---

--- 2026-06-06T19:33:46.743Z debug
[InspectorProxyWorker] RUNTIME INCOMING MESSAGE { id: 100002243, result: { id: '1eee3444ae586db1' } }
---

--- 2026-06-06T19:33:56.746Z debug
[InspectorProxyWorker] SEND TO RUNTIME {"method":"Runtime.getIsolateId","id":100002244}
---

--- 2026-06-06T19:33:56.748Z debug
[InspectorProxyWorker] RUNTIME INCOMING MESSAGE { id: 100002244, result: { id: '1eee3444ae586db1' } }
---

--- 2026-06-06T19:34:06.750Z debug
[InspectorProxyWorker] SEND TO RUNTIME {"method":"Runtime.getIsolateId","id":100002245}
---

--- 2026-06-06T19:34:06.751Z debug
[InspectorProxyWorker] RUNTIME INCOMING MESSAGE { id: 100002245, result: { id: '1eee3444ae586db1' } }
---

--- 2026-06-06T19:34:16.757Z debug
[InspectorProxyWorker] SEND TO RUNTIME {"method":"Runtime.getIsolateId","id":100002246}
---

--- 2026-06-06T19:34:16.759Z debug
[InspectorProxyWorker] RUNTIME INCOMING MESSAGE { id: 100002246, result: { id: '1eee3444ae586db1' } }
---

--- 2026-06-06T19:34:26.756Z debug
[InspectorProxyWorker] RUNTIME INCOMING MESSAGE { id: 100002247, result: { id: '1eee3444ae586db1' } }
---

--- 2026-06-06T19:34:26.756Z debug
[InspectorProxyWorker] SEND TO RUNTIME {"method":"Runtime.getIsolateId","id":100002247}
---

--- 2026-06-06T19:34:36.760Z debug
[InspectorProxyWorker] RUNTIME INCOMING MESSAGE { id: 100002248, result: { id: '1eee3444ae586db1' } }
---

--- 2026-06-06T19:34:36.761Z debug
[InspectorProxyWorker] SEND TO RUNTIME {"method":"Runtime.getIsolateId","id":100002248}
---

--- 2026-06-06T19:34:46.771Z debug
[InspectorProxyWorker] SEND TO RUNTIME {"method":"Runtime.getIsolateId","id":100002249}
---

--- 2026-06-06T19:34:46.773Z debug
[InspectorProxyWorker] RUNTIME INCOMING MESSAGE { id: 100002249, result: { id: '1eee3444ae586db1' } }
---

--- 2026-06-06T19:34:56.774Z debug
[InspectorProxyWorker] RUNTIME INCOMING MESSAGE { id: 100002250, result: { id: '1eee3444ae586db1' } }
---

--- 2026-06-06T19:34:56.775Z debug
[InspectorProxyWorker] SEND TO RUNTIME {"method":"Runtime.getIsolateId","id":100002250}
---

--- 2026-06-06T19:35:06.780Z debug
[InspectorProxyWorker] SEND TO RUNTIME {"method":"Runtime.getIsolateId","id":100002251}
---

--- 2026-06-06T19:35:06.781Z debug
[InspectorProxyWorker] RUNTIME INCOMING MESSAGE { id: 100002251, result: { id: '1eee3444ae586db1' } }
---

--- 2026-06-06T19:35:16.792Z debug
[InspectorProxyWorker] RUNTIME INCOMING MESSAGE { id: 100002252, result: { id: '1eee3444ae586db1' } }
---

--- 2026-06-06T19:35:16.792Z debug
[InspectorProxyWorker] SEND TO RUNTIME {"method":"Runtime.getIsolateId","id":100002252}
---

--- 2026-06-06T19:35:26.799Z debug
[InspectorProxyWorker] SEND TO RUNTIME {"method":"Runtime.getIsolateId","id":100002253}
---

--- 2026-06-06T19:35:26.800Z debug
[InspectorProxyWorker] RUNTIME INCOMING MESSAGE { id: 100002253, result: { id: '1eee3444ae586db1' } }
---

--- 2026-06-06T19:35:36.805Z debug
[InspectorProxyWorker] RUNTIME INCOMING MESSAGE { id: 100002254, result: { id: '1eee3444ae586db1' } }
---

--- 2026-06-06T19:35:36.806Z debug
[InspectorProxyWorker] SEND TO RUNTIME {"method":"Runtime.getIsolateId","id":100002254}
---

--- 2026-06-06T19:35:46.807Z debug
[InspectorProxyWorker] RUNTIME INCOMING MESSAGE { id: 100002255, result: { id: '1eee3444ae586db1' } }
---

--- 2026-06-06T19:35:46.808Z debug
[InspectorProxyWorker] SEND TO RUNTIME {"method":"Runtime.getIsolateId","id":100002255}
---

--- 2026-06-06T19:35:56.809Z debug
[InspectorProxyWorker] RUNTIME INCOMING MESSAGE { id: 100002256, result: { id: '1eee3444ae586db1' } }
---

--- 2026-06-06T19:35:56.809Z debug
[InspectorProxyWorker] SEND TO RUNTIME {"method":"Runtime.getIsolateId","id":100002256}
---

--- 2026-06-06T19:36:06.821Z debug
[InspectorProxyWorker] SEND TO RUNTIME {"method":"Runtime.getIsolateId","id":100002257}
---

--- 2026-06-06T19:36:06.822Z debug
[InspectorProxyWorker] RUNTIME INCOMING MESSAGE { id: 100002257, result: { id: '1eee3444ae586db1' } }
---

--- 2026-06-06T19:36:16.824Z debug
[InspectorProxyWorker] SEND TO RUNTIME {"method":"Runtime.getIsolateId","id":100002258}
---

--- 2026-06-06T19:36:16.824Z debug
[InspectorProxyWorker] RUNTIME INCOMING MESSAGE { id: 100002258, result: { id: '1eee3444ae586db1' } }
---

--- 2026-06-06T19:36:26.825Z debug
[InspectorProxyWorker] SEND TO RUNTIME {"method":"Runtime.getIsolateId","id":100002259}
---

--- 2026-06-06T19:36:26.826Z debug
[InspectorProxyWorker] RUNTIME INCOMING MESSAGE { id: 100002259, result: { id: '1eee3444ae586db1' } }
---

--- 2026-06-06T19:36:36.826Z debug
[InspectorProxyWorker] SEND TO RUNTIME {"method":"Runtime.getIsolateId","id":100002260}
---

--- 2026-06-06T19:36:36.827Z debug
[InspectorProxyWorker] RUNTIME INCOMING MESSAGE { id: 100002260, result: { id: '1eee3444ae586db1' } }
---

--- 2026-06-06T19:36:46.827Z debug
[InspectorProxyWorker] SEND TO RUNTIME {"method":"Runtime.getIsolateId","id":100002261}
---

--- 2026-06-06T19:36:46.827Z debug
[InspectorProxyWorker] RUNTIME INCOMING MESSAGE { id: 100002261, result: { id: '1eee3444ae586db1' } }
---

--- 2026-06-06T19:36:56.832Z debug
[InspectorProxyWorker] SEND TO RUNTIME {"method":"Runtime.getIsolateId","id":100002262}
---

--- 2026-06-06T19:36:56.833Z debug
[InspectorProxyWorker] RUNTIME INCOMING MESSAGE { id: 100002262, result: { id: '1eee3444ae586db1' } }
---

--- 2026-06-06T19:37:06.841Z debug
[InspectorProxyWorker] RUNTIME INCOMING MESSAGE { id: 100002263, result: { id: '1eee3444ae586db1' } }
---

--- 2026-06-06T19:37:06.842Z debug
[InspectorProxyWorker] SEND TO RUNTIME {"method":"Runtime.getIsolateId","id":100002263}
---

--- 2026-06-06T19:37:16.843Z debug
[InspectorProxyWorker] SEND TO RUNTIME {"method":"Runtime.getIsolateId","id":100002264}
---

--- 2026-06-06T19:37:16.844Z debug
[InspectorProxyWorker] RUNTIME INCOMING MESSAGE { id: 100002264, result: { id: '1eee3444ae586db1' } }
---

--- 2026-06-06T19:37:26.859Z debug
[InspectorProxyWorker] SEND TO RUNTIME {"method":"Runtime.getIsolateId","id":100002265}
---

--- 2026-06-06T19:37:26.859Z debug
[InspectorProxyWorker] RUNTIME INCOMING MESSAGE { id: 100002265, result: { id: '1eee3444ae586db1' } }
---

--- 2026-06-06T19:37:36.873Z debug
[InspectorProxyWorker] SEND TO RUNTIME {"method":"Runtime.getIsolateId","id":100002266}
---

--- 2026-06-06T19:37:36.874Z debug
[InspectorProxyWorker] RUNTIME INCOMING MESSAGE { id: 100002266, result: { id: '1eee3444ae586db1' } }
---

--- 2026-06-06T19:37:46.887Z debug
[InspectorProxyWorker] SEND TO RUNTIME {"method":"Runtime.getIsolateId","id":100002267}
---

--- 2026-06-06T19:37:46.888Z debug
[InspectorProxyWorker] RUNTIME INCOMING MESSAGE { id: 100002267, result: { id: '1eee3444ae586db1' } }
---

--- 2026-06-06T19:37:56.891Z debug
[InspectorProxyWorker] RUNTIME INCOMING MESSAGE { id: 100002268, result: { id: '1eee3444ae586db1' } }
---

--- 2026-06-06T19:37:56.891Z debug
[InspectorProxyWorker] SEND TO RUNTIME {"method":"Runtime.getIsolateId","id":100002268}
---

--- 2026-06-06T19:38:06.903Z debug
[InspectorProxyWorker] SEND TO RUNTIME {"method":"Runtime.getIsolateId","id":100002269}
---

--- 2026-06-06T19:38:06.903Z debug
[InspectorProxyWorker] RUNTIME INCOMING MESSAGE { id: 100002269, result: { id: '1eee3444ae586db1' } }
---

--- 2026-06-06T19:38:16.914Z debug
[InspectorProxyWorker] SEND TO RUNTIME {"method":"Runtime.getIsolateId","id":100002270}
---

--- 2026-06-06T19:38:16.914Z debug
[InspectorProxyWorker] RUNTIME INCOMING MESSAGE { id: 100002270, result: { id: '1eee3444ae586db1' } }
---

--- 2026-06-06T19:38:26.914Z debug
[InspectorProxyWorker] SEND TO RUNTIME {"method":"Runtime.getIsolateId","id":100002271}
---

--- 2026-06-06T19:38:26.915Z debug
[InspectorProxyWorker] RUNTIME INCOMING MESSAGE { id: 100002271, result: { id: '1eee3444ae586db1' } }
---

--- 2026-06-06T19:38:36.929Z debug
[InspectorProxyWorker] SEND TO RUNTIME {"method":"Runtime.getIsolateId","id":100002272}
---

--- 2026-06-06T19:38:36.930Z debug
[InspectorProxyWorker] RUNTIME INCOMING MESSAGE { id: 100002272, result: { id: '1eee3444ae586db1' } }
---

--- 2026-06-06T19:38:46.928Z debug
[InspectorProxyWorker] RUNTIME INCOMING MESSAGE { id: 100002273, result: { id: '1eee3444ae586db1' } }
---

--- 2026-06-06T19:38:46.928Z debug
[InspectorProxyWorker] SEND TO RUNTIME {"method":"Runtime.getIsolateId","id":100002273}
---

--- 2026-06-06T19:38:56.943Z debug
[InspectorProxyWorker] RUNTIME INCOMING MESSAGE { id: 100002274, result: { id: '1eee3444ae586db1' } }
---

--- 2026-06-06T19:38:56.944Z debug
[InspectorProxyWorker] SEND TO RUNTIME {"method":"Runtime.getIsolateId","id":100002274}
---

--- 2026-06-06T19:39:06.943Z debug
[InspectorProxyWorker] SEND TO RUNTIME {"method":"Runtime.getIsolateId","id":100002275}
---

--- 2026-06-06T19:39:06.944Z debug
[InspectorProxyWorker] RUNTIME INCOMING MESSAGE { id: 100002275, result: { id: '1eee3444ae586db1' } }
---

--- 2026-06-06T19:39:16.956Z debug
[InspectorProxyWorker] SEND TO RUNTIME {"method":"Runtime.getIsolateId","id":100002276}
---

--- 2026-06-06T19:39:16.956Z debug
[InspectorProxyWorker] RUNTIME INCOMING MESSAGE { id: 100002276, result: { id: '1eee3444ae586db1' } }
---

--- 2026-06-06T19:39:26.960Z debug
[InspectorProxyWorker] SEND TO RUNTIME {"method":"Runtime.getIsolateId","id":100002277}
---

--- 2026-06-06T19:39:26.962Z debug
[InspectorProxyWorker] RUNTIME INCOMING MESSAGE { id: 100002277, result: { id: '1eee3444ae586db1' } }
---

--- 2026-06-06T19:39:36.960Z debug
[InspectorProxyWorker] RUNTIME INCOMING MESSAGE { id: 100002278, result: { id: '1eee3444ae586db1' } }
---

--- 2026-06-06T19:39:36.960Z debug
[InspectorProxyWorker] SEND TO RUNTIME {"method":"Runtime.getIsolateId","id":100002278}
---

--- 2026-06-06T19:39:46.980Z debug
[InspectorProxyWorker] SEND TO RUNTIME {"method":"Runtime.getIsolateId","id":100002279}
---

--- 2026-06-06T19:39:46.982Z debug
[InspectorProxyWorker] RUNTIME INCOMING MESSAGE { id: 100002279, result: { id: '1eee3444ae586db1' } }
---

--- 2026-06-06T19:39:56.979Z debug
[InspectorProxyWorker] SEND TO RUNTIME {"method":"Runtime.getIsolateId","id":100002280}
---

--- 2026-06-06T19:39:56.980Z debug
[InspectorProxyWorker] RUNTIME INCOMING MESSAGE { id: 100002280, result: { id: '1eee3444ae586db1' } }
---

--- 2026-06-06T19:40:06.994Z debug
[InspectorProxyWorker] SEND TO RUNTIME {"method":"Runtime.getIsolateId","id":100002281}
---

--- 2026-06-06T19:40:06.994Z debug
[InspectorProxyWorker] RUNTIME INCOMING MESSAGE { id: 100002281, result: { id: '1eee3444ae586db1' } }
---

--- 2026-06-06T19:40:17.006Z debug
[InspectorProxyWorker] SEND TO RUNTIME {"method":"Runtime.getIsolateId","id":100002282}
---

--- 2026-06-06T19:40:17.007Z debug
[InspectorProxyWorker] RUNTIME INCOMING MESSAGE { id: 100002282, result: { id: '1eee3444ae586db1' } }
---

--- 2026-06-06T19:40:27.007Z debug
[InspectorProxyWorker] RUNTIME INCOMING MESSAGE { id: 100002283, result: { id: '1eee3444ae586db1' } }
---

--- 2026-06-06T19:40:27.007Z debug
[InspectorProxyWorker] SEND TO RUNTIME {"method":"Runtime.getIsolateId","id":100002283}
---

--- 2026-06-06T19:40:37.008Z debug
[InspectorProxyWorker] SEND TO RUNTIME {"method":"Runtime.getIsolateId","id":100002284}
---

--- 2026-06-06T19:40:37.008Z debug
[InspectorProxyWorker] RUNTIME INCOMING MESSAGE { id: 100002284, result: { id: '1eee3444ae586db1' } }
---

--- 2026-06-06T19:40:47.021Z debug
[InspectorProxyWorker] SEND TO RUNTIME {"method":"Runtime.getIsolateId","id":100002285}
---

--- 2026-06-06T19:40:47.021Z debug
[InspectorProxyWorker] RUNTIME INCOMING MESSAGE { id: 100002285, result: { id: '1eee3444ae586db1' } }
---

--- 2026-06-06T19:40:57.025Z debug
[InspectorProxyWorker] RUNTIME INCOMING MESSAGE { id: 100002286, result: { id: '1eee3444ae586db1' } }
---

--- 2026-06-06T19:40:57.025Z debug
[InspectorProxyWorker] SEND TO RUNTIME {"method":"Runtime.getIsolateId","id":100002286}
---

--- 2026-06-06T19:41:07.028Z debug
[InspectorProxyWorker] SEND TO RUNTIME {"method":"Runtime.getIsolateId","id":100002287}
---

--- 2026-06-06T19:41:07.029Z debug
[InspectorProxyWorker] RUNTIME INCOMING MESSAGE { id: 100002287, result: { id: '1eee3444ae586db1' } }
---

--- 2026-06-06T19:41:17.033Z debug
[InspectorProxyWorker] RUNTIME INCOMING MESSAGE { id: 100002288, result: { id: '1eee3444ae586db1' } }
---

--- 2026-06-06T19:41:17.034Z debug
[InspectorProxyWorker] SEND TO RUNTIME {"method":"Runtime.getIsolateId","id":100002288}
---

--- 2026-06-06T19:41:27.033Z debug
[InspectorProxyWorker] SEND TO RUNTIME {"method":"Runtime.getIsolateId","id":100002289}
---

--- 2026-06-06T19:41:27.034Z debug
[InspectorProxyWorker] RUNTIME INCOMING MESSAGE { id: 100002289, result: { id: '1eee3444ae586db1' } }
---

--- 2026-06-06T19:41:37.042Z debug
[InspectorProxyWorker] SEND TO RUNTIME {"method":"Runtime.getIsolateId","id":100002290}
---

--- 2026-06-06T19:41:37.043Z debug
[InspectorProxyWorker] RUNTIME INCOMING MESSAGE { id: 100002290, result: { id: '1eee3444ae586db1' } }
---

--- 2026-06-06T19:41:47.046Z debug
[InspectorProxyWorker] RUNTIME INCOMING MESSAGE { id: 100002291, result: { id: '1eee3444ae586db1' } }
---

--- 2026-06-06T19:41:47.046Z debug
[InspectorProxyWorker] SEND TO RUNTIME {"method":"Runtime.getIsolateId","id":100002291}
---

--- 2026-06-06T19:41:57.060Z debug
[InspectorProxyWorker] SEND TO RUNTIME {"method":"Runtime.getIsolateId","id":100002292}
---

--- 2026-06-06T19:41:57.061Z debug
[InspectorProxyWorker] RUNTIME INCOMING MESSAGE { id: 100002292, result: { id: '1eee3444ae586db1' } }
---

--- 2026-06-06T19:42:07.065Z debug
[InspectorProxyWorker] SEND TO RUNTIME {"method":"Runtime.getIsolateId","id":100002293}
---

--- 2026-06-06T19:42:07.066Z debug
[InspectorProxyWorker] RUNTIME INCOMING MESSAGE { id: 100002293, result: { id: '1eee3444ae586db1' } }
---

--- 2026-06-06T19:42:17.068Z debug
[InspectorProxyWorker] SEND TO RUNTIME {"method":"Runtime.getIsolateId","id":100002294}
---

--- 2026-06-06T19:42:17.069Z debug
[InspectorProxyWorker] RUNTIME INCOMING MESSAGE { id: 100002294, result: { id: '1eee3444ae586db1' } }
---

--- 2026-06-06T19:42:27.070Z debug
[InspectorProxyWorker] SEND TO RUNTIME {"method":"Runtime.getIsolateId","id":100002295}
---

--- 2026-06-06T19:42:27.070Z debug
[InspectorProxyWorker] RUNTIME INCOMING MESSAGE { id: 100002295, result: { id: '1eee3444ae586db1' } }
---

--- 2026-06-06T19:42:37.083Z debug
[InspectorProxyWorker] SEND TO RUNTIME {"method":"Runtime.getIsolateId","id":100002296}
---

--- 2026-06-06T19:42:37.084Z debug
[InspectorProxyWorker] RUNTIME INCOMING MESSAGE { id: 100002296, result: { id: '1eee3444ae586db1' } }
---

--- 2026-06-06T19:42:47.087Z debug
[InspectorProxyWorker] SEND TO RUNTIME {"method":"Runtime.getIsolateId","id":100002297}
---

--- 2026-06-06T19:42:47.088Z debug
[InspectorProxyWorker] RUNTIME INCOMING MESSAGE { id: 100002297, result: { id: '1eee3444ae586db1' } }
---

--- 2026-06-06T19:42:57.094Z debug
[InspectorProxyWorker] SEND TO RUNTIME {"method":"Runtime.getIsolateId","id":100002298}
---

--- 2026-06-06T19:42:57.094Z debug
[InspectorProxyWorker] RUNTIME INCOMING MESSAGE { id: 100002298, result: { id: '1eee3444ae586db1' } }
---

--- 2026-06-06T19:43:07.108Z debug
[InspectorProxyWorker] SEND TO RUNTIME {"method":"Runtime.getIsolateId","id":100002299}
---

--- 2026-06-06T19:43:07.109Z debug
[InspectorProxyWorker] RUNTIME INCOMING MESSAGE { id: 100002299, result: { id: '1eee3444ae586db1' } }
---

--- 2026-06-06T19:43:17.111Z debug
[InspectorProxyWorker] SEND TO RUNTIME {"method":"Runtime.getIsolateId","id":100002300}
---

--- 2026-06-06T19:43:17.112Z debug
[InspectorProxyWorker] RUNTIME INCOMING MESSAGE { id: 100002300, result: { id: '1eee3444ae586db1' } }
---

--- 2026-06-06T19:43:27.124Z debug
[InspectorProxyWorker] RUNTIME INCOMING MESSAGE { id: 100002301, result: { id: '1eee3444ae586db1' } }
---

--- 2026-06-06T19:43:27.124Z debug
[InspectorProxyWorker] SEND TO RUNTIME {"method":"Runtime.getIsolateId","id":100002301}
---

--- 2026-06-06T19:43:37.131Z debug
[InspectorProxyWorker] SEND TO RUNTIME {"method":"Runtime.getIsolateId","id":100002302}
---

--- 2026-06-06T19:43:37.136Z debug
[InspectorProxyWorker] RUNTIME INCOMING MESSAGE { id: 100002302, result: { id: '1eee3444ae586db1' } }
---

--- 2026-06-06T19:43:47.144Z debug
[InspectorProxyWorker] SEND TO RUNTIME {"method":"Runtime.getIsolateId","id":100002303}
---

--- 2026-06-06T19:43:47.145Z debug
[InspectorProxyWorker] RUNTIME INCOMING MESSAGE { id: 100002303, result: { id: '1eee3444ae586db1' } }
---

--- 2026-06-06T19:43:57.147Z debug
[InspectorProxyWorker] SEND TO RUNTIME {"method":"Runtime.getIsolateId","id":100002304}
---

--- 2026-06-06T19:43:57.147Z debug
[InspectorProxyWorker] RUNTIME INCOMING MESSAGE { id: 100002304, result: { id: '1eee3444ae586db1' } }
---

--- 2026-06-06T19:44:07.163Z debug
[InspectorProxyWorker] SEND TO RUNTIME {"method":"Runtime.getIsolateId","id":100002305}
---

--- 2026-06-06T19:44:07.164Z debug
[InspectorProxyWorker] RUNTIME INCOMING MESSAGE { id: 100002305, result: { id: '1eee3444ae586db1' } }
---

--- 2026-06-06T19:44:17.167Z debug
[InspectorProxyWorker] SEND TO RUNTIME {"method":"Runtime.getIsolateId","id":100002306}
---

--- 2026-06-06T19:44:17.167Z debug
[InspectorProxyWorker] RUNTIME INCOMING MESSAGE { id: 100002306, result: { id: '1eee3444ae586db1' } }
---

--- 2026-06-06T19:44:27.179Z debug
[InspectorProxyWorker] SEND TO RUNTIME {"method":"Runtime.getIsolateId","id":100002307}
---

--- 2026-06-06T19:44:27.179Z debug
[InspectorProxyWorker] RUNTIME INCOMING MESSAGE { id: 100002307, result: { id: '1eee3444ae586db1' } }
---

--- 2026-06-06T19:44:37.183Z debug
[InspectorProxyWorker] SEND TO RUNTIME {"method":"Runtime.getIsolateId","id":100002308}
---

--- 2026-06-06T19:44:37.184Z debug
[InspectorProxyWorker] RUNTIME INCOMING MESSAGE { id: 100002308, result: { id: '1eee3444ae586db1' } }
---

--- 2026-06-06T19:44:47.196Z debug
[InspectorProxyWorker] RUNTIME INCOMING MESSAGE { id: 100002309, result: { id: '1eee3444ae586db1' } }
---

--- 2026-06-06T19:44:47.196Z debug
[InspectorProxyWorker] SEND TO RUNTIME {"method":"Runtime.getIsolateId","id":100002309}
---

--- 2026-06-06T19:44:57.207Z debug
[InspectorProxyWorker] RUNTIME INCOMING MESSAGE { id: 100002310, result: { id: '1eee3444ae586db1' } }
---

--- 2026-06-06T19:44:57.207Z debug
[InspectorProxyWorker] SEND TO RUNTIME {"method":"Runtime.getIsolateId","id":100002310}
---

--- 2026-06-06T19:45:07.219Z debug
[InspectorProxyWorker] SEND TO RUNTIME {"method":"Runtime.getIsolateId","id":100002311}
---

--- 2026-06-06T19:45:07.219Z debug
[InspectorProxyWorker] RUNTIME INCOMING MESSAGE { id: 100002311, result: { id: '1eee3444ae586db1' } }
---

--- 2026-06-06T19:45:17.221Z debug
[InspectorProxyWorker] SEND TO RUNTIME {"method":"Runtime.getIsolateId","id":100002312}
---

--- 2026-06-06T19:45:17.222Z debug
[InspectorProxyWorker] RUNTIME INCOMING MESSAGE { id: 100002312, result: { id: '1eee3444ae586db1' } }
---

--- 2026-06-06T19:45:27.232Z debug
[InspectorProxyWorker] RUNTIME INCOMING MESSAGE { id: 100002313, result: { id: '1eee3444ae586db1' } }
---

--- 2026-06-06T19:45:27.233Z debug
[InspectorProxyWorker] SEND TO RUNTIME {"method":"Runtime.getIsolateId","id":100002313}
---

--- 2026-06-06T19:45:37.234Z debug
[InspectorProxyWorker] SEND TO RUNTIME {"method":"Runtime.getIsolateId","id":100002314}
---

--- 2026-06-06T19:45:37.234Z debug
[InspectorProxyWorker] RUNTIME INCOMING MESSAGE { id: 100002314, result: { id: '1eee3444ae586db1' } }
---

--- 2026-06-06T19:45:47.247Z debug
[InspectorProxyWorker] SEND TO RUNTIME {"method":"Runtime.getIsolateId","id":100002315}
---

--- 2026-06-06T19:45:47.248Z debug
[InspectorProxyWorker] RUNTIME INCOMING MESSAGE { id: 100002315, result: { id: '1eee3444ae586db1' } }
---

--- 2026-06-06T19:45:57.247Z debug
[InspectorProxyWorker] SEND TO RUNTIME {"method":"Runtime.getIsolateId","id":100002316}
---

--- 2026-06-06T19:45:57.248Z debug
[InspectorProxyWorker] RUNTIME INCOMING MESSAGE { id: 100002316, result: { id: '1eee3444ae586db1' } }
---

--- 2026-06-06T19:46:07.249Z debug
[InspectorProxyWorker] RUNTIME INCOMING MESSAGE { id: 100002317, result: { id: '1eee3444ae586db1' } }
---

--- 2026-06-06T19:46:07.250Z debug
[InspectorProxyWorker] SEND TO RUNTIME {"method":"Runtime.getIsolateId","id":100002317}
---

--- 2026-06-06T19:46:17.258Z debug
[InspectorProxyWorker] SEND TO RUNTIME {"method":"Runtime.getIsolateId","id":100002318}
---

--- 2026-06-06T19:46:17.259Z debug
[InspectorProxyWorker] RUNTIME INCOMING MESSAGE { id: 100002318, result: { id: '1eee3444ae586db1' } }
---

--- 2026-06-06T19:46:27.264Z debug
[InspectorProxyWorker] SEND TO RUNTIME {"method":"Runtime.getIsolateId","id":100002319}
---

--- 2026-06-06T19:46:27.264Z debug
[InspectorProxyWorker] RUNTIME INCOMING MESSAGE { id: 100002319, result: { id: '1eee3444ae586db1' } }
---

--- 2026-06-06T19:46:37.271Z debug
[InspectorProxyWorker] RUNTIME INCOMING MESSAGE { id: 100002320, result: { id: '1eee3444ae586db1' } }
---

--- 2026-06-06T19:46:37.272Z debug
[InspectorProxyWorker] SEND TO RUNTIME {"method":"Runtime.getIsolateId","id":100002320}
---

--- 2026-06-06T19:46:47.278Z debug
[InspectorProxyWorker] SEND TO RUNTIME {"method":"Runtime.getIsolateId","id":100002321}
---

--- 2026-06-06T19:46:47.279Z debug
[InspectorProxyWorker] RUNTIME INCOMING MESSAGE { id: 100002321, result: { id: '1eee3444ae586db1' } }
---

--- 2026-06-06T19:46:57.277Z debug
[InspectorProxyWorker] RUNTIME INCOMING MESSAGE { id: 100002322, result: { id: '1eee3444ae586db1' } }
---

--- 2026-06-06T19:46:57.277Z debug
[InspectorProxyWorker] SEND TO RUNTIME {"method":"Runtime.getIsolateId","id":100002322}
---

--- 2026-06-06T19:47:07.292Z debug
[InspectorProxyWorker] RUNTIME INCOMING MESSAGE { id: 100002323, result: { id: '1eee3444ae586db1' } }
---

--- 2026-06-06T19:47:07.293Z debug
[InspectorProxyWorker] SEND TO RUNTIME {"method":"Runtime.getIsolateId","id":100002323}
---

--- 2026-06-06T19:47:17.299Z debug
[InspectorProxyWorker] SEND TO RUNTIME {"method":"Runtime.getIsolateId","id":100002324}
---

--- 2026-06-06T19:47:17.307Z debug
[InspectorProxyWorker] RUNTIME INCOMING MESSAGE { id: 100002324, result: { id: '1eee3444ae586db1' } }
---

--- 2026-06-06T19:47:27.300Z debug
[InspectorProxyWorker] SEND TO RUNTIME {"method":"Runtime.getIsolateId","id":100002325}
---

--- 2026-06-06T19:47:27.301Z debug
[InspectorProxyWorker] RUNTIME INCOMING MESSAGE { id: 100002325, result: { id: '1eee3444ae586db1' } }
---

--- 2026-06-06T19:47:37.305Z debug
[InspectorProxyWorker] SEND TO RUNTIME {"method":"Runtime.getIsolateId","id":100002326}
---

--- 2026-06-06T19:47:37.305Z debug
[InspectorProxyWorker] RUNTIME INCOMING MESSAGE { id: 100002326, result: { id: '1eee3444ae586db1' } }
---

--- 2026-06-06T19:47:47.306Z debug
[InspectorProxyWorker] SEND TO RUNTIME {"method":"Runtime.getIsolateId","id":100002327}
---

--- 2026-06-06T19:47:47.307Z debug
[InspectorProxyWorker] RUNTIME INCOMING MESSAGE { id: 100002327, result: { id: '1eee3444ae586db1' } }
---

--- 2026-06-06T19:47:57.315Z debug
[InspectorProxyWorker] SEND TO RUNTIME {"method":"Runtime.getIsolateId","id":100002328}
---

--- 2026-06-06T19:47:57.315Z debug
[InspectorProxyWorker] RUNTIME INCOMING MESSAGE { id: 100002328, result: { id: '1eee3444ae586db1' } }
---

--- 2026-06-06T19:48:07.332Z debug
[InspectorProxyWorker] SEND TO RUNTIME {"method":"Runtime.getIsolateId","id":100002329}
---

--- 2026-06-06T19:48:07.333Z debug
[InspectorProxyWorker] RUNTIME INCOMING MESSAGE { id: 100002329, result: { id: '1eee3444ae586db1' } }
---

--- 2026-06-06T19:48:17.346Z debug
[InspectorProxyWorker] SEND TO RUNTIME {"method":"Runtime.getIsolateId","id":100002330}
---

--- 2026-06-06T19:48:17.347Z debug
[InspectorProxyWorker] RUNTIME INCOMING MESSAGE { id: 100002330, result: { id: '1eee3444ae586db1' } }
---

--- 2026-06-06T19:48:27.360Z debug
[InspectorProxyWorker] SEND TO RUNTIME {"method":"Runtime.getIsolateId","id":100002331}
---

--- 2026-06-06T19:48:27.361Z debug
[InspectorProxyWorker] RUNTIME INCOMING MESSAGE { id: 100002331, result: { id: '1eee3444ae586db1' } }
---

--- 2026-06-06T19:48:37.365Z debug
[InspectorProxyWorker] SEND TO RUNTIME {"method":"Runtime.getIsolateId","id":100002332}
---

--- 2026-06-06T19:48:37.365Z debug
[InspectorProxyWorker] RUNTIME INCOMING MESSAGE { id: 100002332, result: { id: '1eee3444ae586db1' } }
---

--- 2026-06-06T19:48:47.366Z debug
[InspectorProxyWorker] RUNTIME INCOMING MESSAGE { id: 100002333, result: { id: '1eee3444ae586db1' } }
---

--- 2026-06-06T19:48:47.366Z debug
[InspectorProxyWorker] SEND TO RUNTIME {"method":"Runtime.getIsolateId","id":100002333}
---

--- 2026-06-06T19:48:57.379Z debug
[InspectorProxyWorker] RUNTIME INCOMING MESSAGE { id: 100002334, result: { id: '1eee3444ae586db1' } }
---

--- 2026-06-06T19:48:57.380Z debug
[InspectorProxyWorker] SEND TO RUNTIME {"method":"Runtime.getIsolateId","id":100002334}
---

--- 2026-06-06T19:49:07.387Z debug
[InspectorProxyWorker] SEND TO RUNTIME {"method":"Runtime.getIsolateId","id":100002335}
---

--- 2026-06-06T19:49:07.388Z debug
[InspectorProxyWorker] RUNTIME INCOMING MESSAGE { id: 100002335, result: { id: '1eee3444ae586db1' } }
---

--- 2026-06-06T19:49:17.399Z debug
[InspectorProxyWorker] RUNTIME INCOMING MESSAGE { id: 100002336, result: { id: '1eee3444ae586db1' } }
---

--- 2026-06-06T19:49:17.400Z debug
[InspectorProxyWorker] SEND TO RUNTIME {"method":"Runtime.getIsolateId","id":100002336}
---

--- 2026-06-06T19:49:27.404Z debug
[InspectorProxyWorker] SEND TO RUNTIME {"method":"Runtime.getIsolateId","id":100002337}
---

--- 2026-06-06T19:49:27.405Z debug
[InspectorProxyWorker] RUNTIME INCOMING MESSAGE { id: 100002337, result: { id: '1eee3444ae586db1' } }
---

--- 2026-06-06T19:49:37.416Z debug
[InspectorProxyWorker] SEND TO RUNTIME {"method":"Runtime.getIsolateId","id":100002338}
---

--- 2026-06-06T19:49:37.416Z debug
[InspectorProxyWorker] RUNTIME INCOMING MESSAGE { id: 100002338, result: { id: '1eee3444ae586db1' } }
---

--- 2026-06-06T19:49:47.417Z debug
[InspectorProxyWorker] RUNTIME INCOMING MESSAGE { id: 100002339, result: { id: '1eee3444ae586db1' } }
---

--- 2026-06-06T19:49:47.417Z debug
[InspectorProxyWorker] SEND TO RUNTIME {"method":"Runtime.getIsolateId","id":100002339}
---

--- 2026-06-06T19:49:57.429Z debug
[InspectorProxyWorker] RUNTIME INCOMING MESSAGE { id: 100002340, result: { id: '1eee3444ae586db1' } }
---

--- 2026-06-06T19:49:57.429Z debug
[InspectorProxyWorker] SEND TO RUNTIME {"method":"Runtime.getIsolateId","id":100002340}
---

--- 2026-06-06T19:50:07.431Z debug
[InspectorProxyWorker] SEND TO RUNTIME {"method":"Runtime.getIsolateId","id":100002341}
---

--- 2026-06-06T19:50:07.431Z debug
[InspectorProxyWorker] RUNTIME INCOMING MESSAGE { id: 100002341, result: { id: '1eee3444ae586db1' } }
---

--- 2026-06-06T19:50:17.436Z debug
[InspectorProxyWorker] SEND TO RUNTIME {"method":"Runtime.getIsolateId","id":100002342}
---

--- 2026-06-06T19:50:17.437Z debug
[InspectorProxyWorker] RUNTIME INCOMING MESSAGE { id: 100002342, result: { id: '1eee3444ae586db1' } }
---

--- 2026-06-06T19:50:27.451Z debug
[InspectorProxyWorker] RUNTIME INCOMING MESSAGE { id: 100002343, result: { id: '1eee3444ae586db1' } }
---

--- 2026-06-06T19:50:27.452Z debug
[InspectorProxyWorker] SEND TO RUNTIME {"method":"Runtime.getIsolateId","id":100002343}
---

--- 2026-06-06T19:50:37.462Z debug
[InspectorProxyWorker] SEND TO RUNTIME {"method":"Runtime.getIsolateId","id":100002344}
---

--- 2026-06-06T19:50:37.464Z debug
[InspectorProxyWorker] RUNTIME INCOMING MESSAGE { id: 100002344, result: { id: '1eee3444ae586db1' } }
---

--- 2026-06-06T19:50:47.470Z debug
[InspectorProxyWorker] SEND TO RUNTIME {"method":"Runtime.getIsolateId","id":100002345}
---

--- 2026-06-06T19:50:47.471Z debug
[InspectorProxyWorker] RUNTIME INCOMING MESSAGE { id: 100002345, result: { id: '1eee3444ae586db1' } }
---

--- 2026-06-06T19:50:57.485Z debug
[InspectorProxyWorker] SEND TO RUNTIME {"method":"Runtime.getIsolateId","id":100002346}
---

--- 2026-06-06T19:50:57.485Z debug
[InspectorProxyWorker] RUNTIME INCOMING MESSAGE { id: 100002346, result: { id: '1eee3444ae586db1' } }
---

--- 2026-06-06T19:51:07.485Z debug
[InspectorProxyWorker] SEND TO RUNTIME {"method":"Runtime.getIsolateId","id":100002347}
---

--- 2026-06-06T19:51:07.486Z debug
[InspectorProxyWorker] RUNTIME INCOMING MESSAGE { id: 100002347, result: { id: '1eee3444ae586db1' } }
---

--- 2026-06-06T19:51:17.491Z debug
[InspectorProxyWorker] RUNTIME INCOMING MESSAGE { id: 100002348, result: { id: '1eee3444ae586db1' } }
---

--- 2026-06-06T19:51:17.492Z debug
[InspectorProxyWorker] SEND TO RUNTIME {"method":"Runtime.getIsolateId","id":100002348}
---

--- 2026-06-06T19:51:27.500Z debug
[InspectorProxyWorker] RUNTIME INCOMING MESSAGE { id: 100002349, result: { id: '1eee3444ae586db1' } }
---

--- 2026-06-06T19:51:27.500Z debug
[InspectorProxyWorker] SEND TO RUNTIME {"method":"Runtime.getIsolateId","id":100002349}
---

--- 2026-06-06T19:51:37.498Z debug
[InspectorProxyWorker] SEND TO RUNTIME {"method":"Runtime.getIsolateId","id":100002350}
---

--- 2026-06-06T19:51:37.499Z debug
[InspectorProxyWorker] RUNTIME INCOMING MESSAGE { id: 100002350, result: { id: '1eee3444ae586db1' } }
---

--- 2026-06-06T19:51:47.502Z debug
[InspectorProxyWorker] SEND TO RUNTIME {"method":"Runtime.getIsolateId","id":100002351}
---

--- 2026-06-06T19:51:47.503Z debug
[InspectorProxyWorker] RUNTIME INCOMING MESSAGE { id: 100002351, result: { id: '1eee3444ae586db1' } }
---

--- 2026-06-06T19:51:57.510Z debug
[InspectorProxyWorker] RUNTIME INCOMING MESSAGE { id: 100002352, result: { id: '1eee3444ae586db1' } }
---

--- 2026-06-06T19:51:57.511Z debug
[InspectorProxyWorker] SEND TO RUNTIME {"method":"Runtime.getIsolateId","id":100002352}
---

--- 2026-06-06T19:52:07.520Z debug
[InspectorProxyWorker] RUNTIME INCOMING MESSAGE { id: 100002353, result: { id: '1eee3444ae586db1' } }
---

--- 2026-06-06T19:52:07.521Z debug
[InspectorProxyWorker] SEND TO RUNTIME {"method":"Runtime.getIsolateId","id":100002353}
---

--- 2026-06-06T19:52:17.520Z debug
[InspectorProxyWorker] SEND TO RUNTIME {"method":"Runtime.getIsolateId","id":100002354}
---

--- 2026-06-06T19:52:17.520Z debug
[InspectorProxyWorker] RUNTIME INCOMING MESSAGE { id: 100002354, result: { id: '1eee3444ae586db1' } }
---

--- 2026-06-06T19:52:27.530Z debug
[InspectorProxyWorker] RUNTIME INCOMING MESSAGE { id: 100002355, result: { id: '1eee3444ae586db1' } }
---

--- 2026-06-06T19:52:27.531Z debug
[InspectorProxyWorker] SEND TO RUNTIME {"method":"Runtime.getIsolateId","id":100002355}
---

--- 2026-06-06T19:52:37.532Z debug
[InspectorProxyWorker] SEND TO RUNTIME {"method":"Runtime.getIsolateId","id":100002356}
---

--- 2026-06-06T19:52:37.532Z debug
[InspectorProxyWorker] RUNTIME INCOMING MESSAGE { id: 100002356, result: { id: '1eee3444ae586db1' } }
---

--- 2026-06-06T19:52:47.537Z debug
[InspectorProxyWorker] SEND TO RUNTIME {"method":"Runtime.getIsolateId","id":100002357}
---

--- 2026-06-06T19:52:47.538Z debug
[InspectorProxyWorker] RUNTIME INCOMING MESSAGE { id: 100002357, result: { id: '1eee3444ae586db1' } }
---

--- 2026-06-06T19:52:57.551Z debug
[InspectorProxyWorker] SEND TO RUNTIME {"method":"Runtime.getIsolateId","id":100002358}
---

--- 2026-06-06T19:52:57.552Z debug
[InspectorProxyWorker] RUNTIME INCOMING MESSAGE { id: 100002358, result: { id: '1eee3444ae586db1' } }
---

--- 2026-06-06T19:53:07.550Z debug
[InspectorProxyWorker] RUNTIME INCOMING MESSAGE { id: 100002359, result: { id: '1eee3444ae586db1' } }
---

--- 2026-06-06T19:53:07.550Z debug
[InspectorProxyWorker] SEND TO RUNTIME {"method":"Runtime.getIsolateId","id":100002359}
---

--- 2026-06-06T19:53:17.559Z debug
[InspectorProxyWorker] SEND TO RUNTIME {"method":"Runtime.getIsolateId","id":100002360}
---

--- 2026-06-06T19:53:17.560Z debug
[InspectorProxyWorker] RUNTIME INCOMING MESSAGE { id: 100002360, result: { id: '1eee3444ae586db1' } }
---

--- 2026-06-06T19:53:27.559Z debug
[InspectorProxyWorker] SEND TO RUNTIME {"method":"Runtime.getIsolateId","id":100002361}
---

--- 2026-06-06T19:53:27.560Z debug
[InspectorProxyWorker] RUNTIME INCOMING MESSAGE { id: 100002361, result: { id: '1eee3444ae586db1' } }
---

--- 2026-06-06T19:53:37.565Z debug
[InspectorProxyWorker] SEND TO RUNTIME {"method":"Runtime.getIsolateId","id":100002362}
---

--- 2026-06-06T19:53:37.567Z debug
[InspectorProxyWorker] RUNTIME INCOMING MESSAGE { id: 100002362, result: { id: '1eee3444ae586db1' } }
---

--- 2026-06-06T19:53:47.569Z debug
[InspectorProxyWorker] SEND TO RUNTIME {"method":"Runtime.getIsolateId","id":100002363}
---

--- 2026-06-06T19:53:47.570Z debug
[InspectorProxyWorker] RUNTIME INCOMING MESSAGE { id: 100002363, result: { id: '1eee3444ae586db1' } }
---

--- 2026-06-06T19:53:57.571Z debug
[InspectorProxyWorker] SEND TO RUNTIME {"method":"Runtime.getIsolateId","id":100002364}
---

--- 2026-06-06T19:53:57.572Z debug
[InspectorProxyWorker] RUNTIME INCOMING MESSAGE { id: 100002364, result: { id: '1eee3444ae586db1' } }
---

--- 2026-06-06T19:54:07.587Z debug
[InspectorProxyWorker] RUNTIME INCOMING MESSAGE { id: 100002365, result: { id: '1eee3444ae586db1' } }
---

--- 2026-06-06T19:54:07.588Z debug
[InspectorProxyWorker] SEND TO RUNTIME {"method":"Runtime.getIsolateId","id":100002365}
---

--- 2026-06-06T19:54:17.601Z debug
[InspectorProxyWorker] SEND TO RUNTIME {"method":"Runtime.getIsolateId","id":100002366}
---

--- 2026-06-06T19:54:17.602Z debug
[InspectorProxyWorker] RUNTIME INCOMING MESSAGE { id: 100002366, result: { id: '1eee3444ae586db1' } }
---

--- 2026-06-06T19:54:27.603Z debug
[InspectorProxyWorker] SEND TO RUNTIME {"method":"Runtime.getIsolateId","id":100002367}
---

--- 2026-06-06T19:54:27.604Z debug
[InspectorProxyWorker] RUNTIME INCOMING MESSAGE { id: 100002367, result: { id: '1eee3444ae586db1' } }
---

--- 2026-06-06T19:54:37.619Z debug
[InspectorProxyWorker] SEND TO RUNTIME {"method":"Runtime.getIsolateId","id":100002368}
---

--- 2026-06-06T19:54:37.620Z debug
[InspectorProxyWorker] RUNTIME INCOMING MESSAGE { id: 100002368, result: { id: '1eee3444ae586db1' } }
---

--- 2026-06-06T19:54:47.634Z debug
[InspectorProxyWorker] SEND TO RUNTIME {"method":"Runtime.getIsolateId","id":100002369}
---

--- 2026-06-06T19:54:47.634Z debug
[InspectorProxyWorker] RUNTIME INCOMING MESSAGE { id: 100002369, result: { id: '1eee3444ae586db1' } }
---

--- 2026-06-06T19:54:57.648Z debug
[InspectorProxyWorker] SEND TO RUNTIME {"method":"Runtime.getIsolateId","id":100002370}
---

--- 2026-06-06T19:54:57.648Z debug
[InspectorProxyWorker] RUNTIME INCOMING MESSAGE { id: 100002370, result: { id: '1eee3444ae586db1' } }
---

--- 2026-06-06T19:55:03.081Z debug
[InspectorProxyWorker] RUNTIME WEBSOCKET ERROR {
  message: 'internal error; reference = refhrdbieb0qman55u07jcbo',
  name: 'Error',
  stack: 'Error: internal error; reference = refhrdbieb0qman55u07jcbo'
}
---

--- 2026-06-06T19:55:03.082Z debug
[InspectorProxyWorker] 'runtime websocket' error {
  message: 'internal error; reference = refhrdbieb0qman55u07jcbo',
  name: 'Error',
  stack: 'Error: internal error; reference = refhrdbieb0qman55u07jcbo'
}
---
